construction_area,number_of_floors,basement,location,category,parking_cars,total_built_up_area,total_cost,duration_weeks
1998.5283803115599,1,0,Madurai,Economy,2,1998.5283803115599,2727842.3856977425,23.128758178320897
1867.86755564487,3,0,Bangalore,Luxury,1,5603.60266693461,17313388.278934024,65.60854392116997
1773.5751774705207,2,0,Chennai,Economy,2,3547.1503549410413,5034740.6092343815,32.9692890501863
1972.3578985398135,2,0,Hyderabad,Luxury,2,3944.715797079627,15650044.381150723,58.41132316637102
2976.984123480895,1,0,Coimbatore,Economy,1,2976.984123480895,4484388.259321586,26.495581473669798
2989.545684838902,3,0,Coimbatore,Economy,2,8968.637054516706,11967165.841562973,64.4983040048365
3217.156513016488,2,0,Bangalore,Luxury,1,6434.313026032976,20305546.466675863,74.88405048073838
2064.480755205806,2,1,Coimbatore,Economy,1,5367.649963535096,7401607.965063611,45.977979780384324
3451.9600292861737,2,1,Coimbatore,Luxury,0,8975.096076144051,29212372.139755223,91.75735661097704
3958.0381971216552,1,0,Hyderabad,Premium,0,3958.0381971216552,10467673.852563543,46.4179831981783
3764.1628112427165,2,0,Chennai,Luxury,1,7528.325622485433,22942012.662303347,89.05388615791163
2930.9515411759894,2,1,Chennai,Premium,0,7620.474007057573,21324463.282752678,84.24523904103636
1555.1517431966583,2,0,Chennai,Premium,2,3110.3034863933167,6964052.319085424,37.96554572724836
3666.443506155262,1,0,Coimbatore,Standard,0,3666.443506155262,6437180.417582852,39.68229039502634
1532.1541295731918,3,0,Coimbatore,Standard,1,4596.462388719576,9071263.343931353,52.14067640315034
3371.7506460771665,2,1,Bangalore,Premium,0,8766.551679800632,19712600.96409501,83.02813334651117
2166.74492360402,1,1,Hyderabad,Economy,1,3466.791877766432,4521708.319330605,33.765789644475205
3817.3110525200614,2,0,Chennai,Luxury,0,7634.622105040123,22708309.427024443,81.13708363942646
3028.1736730873226,3,0,Chennai,Luxury,0,9084.521019261967,31374489.08710555,99.80715092506375
905.7623452817548,1,0,Bangalore,Economy,1,905.7623452817548,1400583.0303408792,17.339075247165727
3237.1827690518962,3,0,Madurai,Luxury,1,9711.548307155688,35438685.920410275,96.83943277106893
3472.9679858855616,3,0,Madurai,Premium,2,10418.903957656685,24678780.91042358,108.33952662233239
1915.731159333534,3,0,Chennai,Luxury,2,5747.193478000601,21641011.801805384,69.56869848856263
1163.115267969885,3,0,Bangalore,Premium,2,3489.345803909655,9164070.20846003,46.903544389707626
2494.8818507392207,2,1,Coimbatore,Economy,0,6486.692811921974,9771151.285040788,52.57825330550975
3041.145055912868,3,1,Chennai,Luxury,2,10948.122201286325,44563177.405451894,127.62538016453975
2658.197188596655,2,1,Chennai,Economy,1,6911.312690351303,9372617.819828648,60.91044374938153
2886.2760304083217,1,0,Coimbatore,Economy,1,2886.2760304083217,4153235.9439891046,29.872429189259385
3517.5149135813695,1,0,Coimbatore,Premium,2,3517.5149135813695,8592447.798088623,42.70275970927576
3932.4571464800288,3,1,Hyderabad,Premium,1,14156.845727328104,34208521.95372917,139.15178806670826
3565.3362082300896,1,0,Coimbatore,Premium,0,3565.3362082300896,8391578.79761265,41.853522943939126
1694.5930937496275,2,0,Chennai,Economy,0,3389.186187499255,5112406.745065027,37.575839614850985
3529.630257495552,3,0,Chennai,Luxury,2,10588.890772486657,33790172.17082615,127.65917425878125
3027.2953493599134,2,0,Bangalore,Premium,2,6054.590698719827,13911359.081936412,69.53107255178979
1237.1882606144923,2,0,Madurai,Standard,2,2474.3765212289845,4385872.581952695,32.10841572969653
1061.1013772807692,3,0,Madurai,Luxury,0,3183.3041318423075,9654657.186959246,44.16392721812963
3637.1748766421115,3,0,Bangalore,Luxury,2,10911.524629926334,39241146.44507127,108.30154609618451
3941.8908425936993,2,0,Chennai,Luxury,1,7883.781685187399,29630943.7115367,80.6220100525646
2471.178432175374,1,0,Coimbatore,Economy,2,2471.178432175374,3099572.2363046915,26.46862919703257
2530.032389152341,3,0,Madurai,Standard,1,7590.097167457023,14121655.764611864,64.44998384839089
2204.7085462580353,3,0,Bangalore,Economy,1,6614.125638774106,10498362.934270501,54.205808281325425
1354.5418242267065,1,0,Chennai,Luxury,0,1354.5418242267065,4685313.117628768,29.64883404795189
2573.932968036482,2,1,Hyderabad,Luxury,1,6692.225716894854,23153840.291567698,72.37758764511435
1171.432449622132,1,0,Coimbatore,Economy,1,1171.432449622132,1857097.708210953,17.589265073653625
2286.9562014067565,1,0,Bangalore,Standard,0,2286.9562014067565,4367157.89010371,24.62598551818965
3786.9961858543456,1,0,Madurai,Luxury,2,3786.9961858543456,15595041.89544168,51.282336604786074
3363.037742983679,2,0,Chennai,Economy,0,6726.075485967358,10366394.94413182,52.77246416406486
3875.8098042365255,2,0,Madurai,Economy,2,7751.619608473051,10348369.3972964,62.334949020691184
1876.9734876439247,2,0,Bangalore,Standard,1,3753.9469752878495,6571038.578113942,39.96331011037771
3017.249147814206,2,0,Madurai,Luxury,0,6034.498295628412,22351767.498573728,66.57641364988363
3201.9672052507467,3,1,Coimbatore,Standard,0,11527.081938902687,21855325.816962533,108.56511552581007
3546.920805897638,1,0,Chennai,Premium,0,3546.920805897638,8508016.263108017,41.982644170934286
2046.7778759014511,1,1,Chennai,Luxury,0,3274.8446014423216,12162249.460487109,46.91613071600145
3840.198294562576,3,0,Madurai,Economy,2,11520.594883687729,17168850.6109944,79.61316064255165
3827.8225372214088,1,0,Madurai,Standard,1,3827.8225372214088,6612464.482141255,37.90836073416139
3640.6533848265594,3,1,Coimbatore,Economy,1,13106.352185375614,21224095.020399354,106.23294335194963
2163.4927201502114,2,0,Hyderabad,Standard,1,4326.985440300423,7089747.045768893,49.130442984887864
1997.666546419585,1,1,Chennai,Premium,2,3196.266474271336,8869263.081538457,41.50689110788104
1067.20229343574,1,0,Hyderabad,Standard,1,1067.20229343574,1904875.6555364856,18.415477278502486
2096.646677700535,2,0,Coimbatore,Luxury,0,4193.29335540107,16499849.30983269,58.373980124977784
1560.0207081359038,1,0,Chennai,Economy,0,1560.0207081359038,2251219.3242585193,18.205370753915325
3903.612245464445,1,0,Madurai,Premium,0,3903.612245464445,9294695.336166337,40.17956918951985
1331.8893821096094,1,0,Chennai,Economy,1,1331.8893821096094,2059518.4367273494,17.12570221746198
1699.082206695137,2,0,Coimbatore,Economy,1,3398.164413390274,4589314.325177172,32.604270800594996
2667.6995579227905,1,1,Hyderabad,Standard,2,4268.319292676465,7761070.149094928,47.95087538479183
2991.139752172414,1,0,Hyderabad,Economy,1,2991.139752172414,4869187.262403283,30.28059155648292
2138.3777161299804,2,1,Madurai,Economy,2,5559.782061937949,8177285.447999924,49.63636814398207
3952.915362129614,3,0,Chennai,Standard,2,11858.746086388843,24095923.74462178,96.69077111490596
2127.4224074805284,1,0,Coimbatore,Economy,0,2127.4224074805284,3606543.74135852,24.480203390008185
3260.7597285776337,1,1,Hyderabad,Economy,0,5217.215565724214,7154353.240723157,51.009121076773006
2739.758830242816,2,1,Bangalore,Luxury,2,7123.372958631322,22635671.243986733,86.35742503952017
3271.4188535540457,3,0,Chennai,Standard,0,9814.256560662137,17537900.541026898,85.29532717583064
2336.1470944591206,3,1,Madurai,Standard,1,8410.129540052834,17118315.603209358,79.14489283796598
3937.480720295609,2,0,Hyderabad,Premium,2,7874.961440591218,20300014.434675034,77.44804473183886
3713.508090890474,2,0,Hyderabad,Economy,0,7427.016181780948,11373984.998467203,63.47981518775022
3260.536772209272,1,1,Madurai,Standard,0,5216.858835534835,9283856.695213508,49.051826806360836
2519.2429334850244,3,0,Hyderabad,Standard,0,7557.728800455074,14834945.431617057,70.82530433412624
1351.4235878452155,2,0,Madurai,Economy,1,2702.847175690431,3594655.368926963,26.57441181932582
1186.0347875219227,1,0,Bangalore,Economy,1,1186.0347875219227,1623772.3905906596,16.537962204178125
2339.665260980138,2,0,Hyderabad,Premium,0,4679.330521960276,10755845.262438163,47.87557066696516
2711.289863217378,3,0,Bangalore,Luxury,2,8133.869589652133,29482917.235427067,83.58702366187838
1272.7650940999254,3,1,Hyderabad,Premium,0,4581.954338759731,11855866.60067935,56.93791658478169
1135.5813329039388,3,0,Bangalore,Premium,0,3406.7439987118164,8486823.873948632,46.024600357262806
1546.2925169593639,1,0,Coimbatore,Standard,2,1546.2925169593639,2922500.104976144,23.335925708607082
3157.831921263721,3,1,Chennai,Luxury,2,11368.194916549395,37661295.09080098,138.61653812142922
2744.176711339433,3,0,Madurai,Standard,0,8232.5301340183,15337955.732484113,67.78827707387832
1969.1418229569845,2,0,Chennai,Premium,2,3938.283645913969,9592794.8390936,53.03359523524146
1158.5244869377675,2,0,Hyderabad,Luxury,2,2317.048973875535,8587400.074941613,36.08842282170944
2939.658303758179,1,1,Hyderabad,Luxury,1,4703.453286013087,15926131.931527073,57.05490222831236
1835.7735564935797,3,0,Coimbatore,Economy,2,5507.3206694807395,8595607.861918686,43.734878777164184
2419.5326603499107,3,0,Hyderabad,Premium,0,7258.597981049732,17213974.492869176,76.8002385899303
2556.5503356447275,2,0,Bangalore,Luxury,0,5113.100671289455,15091400.341074022,58.08595622968502
2314.131843366055,2,0,Chennai,Economy,1,4628.26368673211,6975091.7255095,45.74820388661139
3970.97432466365,2,0,Hyderabad,Economy,1,7941.9486493273,10791774.511389479,66.69773251693972
3201.606159249003,2,1,Madurai,Economy,2,8324.176014047409,12517144.40416654,64.57352924120323
3607.0417306019463,1,0,Hyderabad,Economy,1,3607.0417306019463,5234496.278136207,33.88176389370919
1937.1598458188669,3,0,Madurai,Luxury,2,5811.4795374566,20420022.612905823,69.97084542631444
3137.7572377897645,2,0,Madurai,Economy,1,6275.514475579529,10181871.853361845,47.133310894304614
1797.5106169457542,1,1,Chennai,Standard,1,2876.0169871132066,5501350.941428208,37.20322413126273
1129.331298381264,1,0,Coimbatore,Economy,2,1129.331298381264,1665229.9846311782,16.82571894213765
3111.208218857812,2,0,Hyderabad,Premium,1,6222.416437715624,14204731.706819473,60.32139274834411
3707.0417962676106,2,0,Bangalore,Standard,2,7414.083592535221,13078979.876801016,65.1062801875847
2756.653553390873,3,1,Hyderabad,Luxury,0,9923.952792207143,39894752.5911537,103.85863926771874
2644.122752533802,2,0,Hyderabad,Economy,1,5288.245505067604,8783848.396602675,44.89289366629119
1162.3617466904168,1,0,Coimbatore,Standard,2,1162.3617466904168,2399083.959856678,20.335813835404924
2692.0813943837734,1,0,Madurai,Economy,1,2692.0813943837734,3901528.967225094,26.50439766596666
2074.1398194910184,1,1,Bangalore,Premium,1,3318.6237111856294,8505509.937846825,44.68939750378434
905.1093447790028,3,0,Chennai,Premium,1,2715.3280343370084,5883532.786562948,42.948038952781566
1688.278952414138,2,0,Madurai,Economy,2,3376.557904828276,5351251.325595276,34.15158537116973
3554.0224572503485,3,1,Chennai,Premium,0,12794.480846101254,29759334.89351595,120.74429197659812
3359.3024706376623,2,0,Madurai,Economy,0,6718.604941275325,9879026.954085186,55.39124856848966
1740.942973507109,3,0,Bangalore,Standard,0,5222.828920521327,9574782.48138079,47.70925658364376
1382.1700175848675,1,0,Hyderabad,Luxury,1,1382.1700175848675,4598843.106450505,27.639026323428624
881.2363381131036,2,1,Chennai,Economy,2,2291.2144790940692,3038110.73847102,29.81346628254437
2704.156735041346,1,1,Hyderabad,Premium,0,4326.650776066153,11007135.149190908,55.530084689539564
3963.932102257417,2,1,Coimbatore,Luxury,0,10306.223465869283,32009051.507405125,109.30333505745133
1078.1600478411178,2,0,Madurai,Premium,0,2156.3200956822357,5786421.068919295,35.11136381597086
3713.9968113289724,1,0,Bangalore,Premium,1,3713.9968113289724,8350623.450908731,46.82534507416049
1904.614863620082,2,0,Madurai,Luxury,2,3809.229727240164,15516339.345842285,47.88590724987709
3579.097522873321,3,1,Chennai,Standard,2,12884.751082343955,24577665.12586499,112.73544906808894
2088.1601395103376,1,0,Hyderabad,Standard,1,2088.1601395103376,3726355.617750404,25.093584991510753
858.8501649518936,2,0,Bangalore,Luxury,0,1717.7003299037872,5660408.380088175,35.16640620820296
3455.173771863045,3,0,Madurai,Premium,0,10365.521315589136,24859199.958887544,94.21678662865078
2825.913802743832,1,0,Madurai,Economy,1,2825.913802743832,4147086.3832557015,27.908388184513406
1932.3884049959981,2,1,Hyderabad,Economy,2,5024.209852989596,6809598.2182190595,44.18067362446135
1938.1526926878373,1,1,Hyderabad,Standard,1,3101.0443083005393,5948152.240676242,33.310262211733324
2348.015814183721,2,0,Coimbatore,Premium,2,4696.031628367442,12818791.587630415,59.33526594058357
1294.950850826356,1,1,Madurai,Economy,0,2071.9213613221696,2881533.3472237154,27.9083245381534
2714.515386458095,1,0,Hyderabad,Standard,0,2714.515386458095,4875681.917711274,27.126623059947715
1129.8999872439836,1,0,Hyderabad,Economy,0,1129.8999872439836,1776373.4964523534,18.112498159325458
1077.4566779589875,3,1,Madurai,Economy,2,3878.8440406523546,5982017.046162417,46.232980356962315
3690.7642004352797,3,0,Chennai,Economy,1,11072.292601305839,14883260.08197097,91.44820413868615
1377.8411044074674,1,0,Madurai,Premium,0,1377.8411044074674,3017869.0972766713,24.496001826836892
3345.0938814691117,3,1,Hyderabad,Standard,2,12042.337973288802,22162815.920647234,104.15378209581043
1536.0282793206497,1,0,Madurai,Premium,1,1536.0282793206497,3730608.0128165255,25.034578636778146
2526.372135601079,1,0,Madurai,Standard,0,2526.372135601079,5035375.195723621,27.638015114103784
878.0825009809216,2,1,Hyderabad,Premium,0,2283.014502550396,5922862.860407046,40.747151079800226
3993.3891537066797,1,1,Madurai,Standard,0,6389.422645930687,11895850.832525281,55.748566826347236
2074.5196287220338,2,0,Coimbatore,Economy,0,4149.0392574440675,5424946.622424547,37.06888366718306
1719.1647732930614,2,0,Chennai,Luxury,0,3438.329546586123,12711098.022660261,44.512550341714906
2053.216449729139,3,1,Madurai,Economy,2,7391.5792190249,11545864.237064458,68.88791860260645
2722.5550286150337,2,0,Chennai,Premium,2,5445.1100572300675,13602516.341441905,55.39562681468626
3458.0560568019987,2,0,Bangalore,Economy,1,6916.112113603997,9564695.436011218,59.86075018672648
3362.4629988156003,2,1,Chennai,Economy,2,8742.40379692056,12970451.979210863,65.3869709118829
2448.793357807123,2,0,Hyderabad,Luxury,2,4897.586715614246,15268601.394700516,62.72248073969553
2697.40779149345,2,1,Hyderabad,Economy,2,7013.26025788297,9664414.384963151,52.27818376668531
3527.0193067104246,2,1,Chennai,Economy,2,9170.250197447103,12027040.34398083,69.84135506386413
1631.212108033044,1,0,Bangalore,Standard,0,1631.212108033044,2944162.2818019353,21.022641192995064
3523.8621249560597,1,0,Madurai,Premium,1,3523.8621249560597,8929516.315862799,42.283406199751674
3566.377216983515,1,1,Hyderabad,Luxury,0,5706.2035471736235,17282223.206658497,67.81618002398501
1563.808100163256,1,0,Hyderabad,Standard,2,1563.808100163256,3242151.2498353384,22.792434910785424
3613.028736730021,2,0,Hyderabad,Economy,1,7226.057473460042,10683474.13982135,58.141184596688475
3221.234572111791,3,0,Madurai,Standard,2,9663.703716335373,19577714.974965833,77.60587800868046
2828.8182499187565,1,1,Hyderabad,Standard,2,4526.10919987001,8897660.903862953,44.51759374834377
2824.390058028634,2,1,Coimbatore,Luxury,1,7343.414150874449,27826171.909391843,93.69524201480598
3067.430414728414,2,0,Bangalore,Luxury,2,6134.860829456828,25024129.42317127,76.29417301440493
2227.0665824330285,3,0,Madurai,Luxury,2,6681.199747299086,21272290.34400525,78.14952955774628
3420.1140587427,3,0,Bangalore,Standard,1,10260.3421762281,19891664.042140324,78.11839671328494
3533.471278277011,3,1,Madurai,Premium,1,12720.49660179724,31834675.07243928,111.35592006968747
3577.773832103337,2,0,Coimbatore,Economy,0,7155.547664206674,11737291.538705835,63.370705193016114
3232.3010510019108,1,1,Chennai,Standard,1,5171.681681603057,8833670.442458691,44.91520217731416
2885.333841202832,2,1,Hyderabad,Luxury,1,7501.867987127363,22854642.092921656,81.75109598156583
2251.8196307369044,2,1,Hyderabad,Economy,0,5854.731039915951,9729562.636234911,47.72364555648028
2278.711330450114,2,0,Chennai,Standard,0,4557.422660900228,8013690.098655139,40.656979353261896
2662.308486126076,1,0,Hyderabad,Luxury,0,2662.308486126076,8349533.721022602,41.38488884464526
2065.7442684158996,3,0,Hyderabad,Economy,0,6197.232805247699,9979768.96083508,46.935975545822984
2337.6222312250525,1,0,Chennai,Standard,2,2337.6222312250525,4385127.519777959,29.66995785198387
2590.875787158125,2,0,Bangalore,Economy,0,5181.75157431625,7701985.423036046,48.327318189863064
1944.9643229704684,3,0,Bangalore,Standard,1,5834.892968911405,10913377.56551669,51.708026378568995
1134.6170890700807,3,0,Hyderabad,Standard,0,3403.8512672102424,6380061.779909241,40.05911330588375
3068.9936622429327,2,0,Coimbatore,Standard,2,6137.987324485865,11333635.086888378,61.71373773085761
2552.295603691956,2,1,Hyderabad,Premium,0,6635.968569599085,15031715.991129693,76.14479829194333
2698.491674592572,1,0,Hyderabad,Standard,2,2698.491674592572,5272195.055738831,28.35637659342171
3327.035222855933,3,0,Coimbatore,Standard,1,9981.1056685678,18498328.988137264,94.8461598378676
3919.338118869706,3,0,Hyderabad,Premium,0,11758.014356609117,24811271.545152668,104.68283196100859
2280.3934615658122,2,1,Bangalore,Economy,0,5929.023000071112,8194244.808064624,58.34817925077635
928.3494125199439,1,0,Chennai,Luxury,1,928.3494125199439,3452808.359341574,26.44430027107519
3682.2459648360273,2,0,Hyderabad,Premium,1,7364.4919296720545,18882245.185124606,76.6057802030384
2820.9927042960658,3,0,Bangalore,Luxury,1,8462.978112888197,26062076.41947114,107.59442384586742
1379.1262486703672,1,0,Chennai,Standard,1,1379.1262486703672,2687024.3866815525,21.802539763937038
1949.5467820792503,2,0,Chennai,Premium,0,3899.0935641585006,10164099.714468686,48.94507626308711
1840.6082055190236,1,0,Hyderabad,Standard,2,1840.6082055190236,3304660.5607854403,24.566688096020016
2942.0492846699563,1,0,Coimbatore,Luxury,2,2942.0492846699563,11271942.836693222,40.67908471680131
2013.9474877517562,3,1,Madurai,Luxury,0,7250.210955906323,28094548.315678217,88.54988335947488
3565.4917685573405,2,0,Madurai,Luxury,1,7130.983537114681,27142812.56363997,76.62439715915998
965.4298791728863,1,0,Madurai,Economy,2,965.4298791728863,1347795.9184726533,15.105771587404485
1274.6982430786843,1,0,Hyderabad,Premium,1,1274.6982430786843,3467916.6546034133,26.330209349894655
2255.167538028349,3,0,Coimbatore,Standard,2,6765.502614085048,11295700.294706918,65.75760463944059
1445.9310467934347,3,0,Madurai,Economy,2,4337.793140380304,6470441.617586457,45.15812734768222
1366.8793262316349,2,0,Bangalore,Premium,1,2733.7586524632698,5852824.155131129,41.05076600982939
3566.7482750561176,1,0,Chennai,Standard,0,3566.7482750561176,7060927.5521833915,39.59621657185345
2934.308854370903,1,0,Coimbatore,Standard,1,2934.308854370903,5400359.836423491,35.24250021863451
3978.6781995476113,1,1,Madurai,Premium,0,6365.885119276178,14611458.4130168,72.08580077439244
3762.159458818278,3,1,Bangalore,Economy,0,13543.7740517458,19732191.30626756,97.76440890171666
1749.9816785928986,3,0,Chennai,Luxury,1,5249.9450357786955,18247935.029827878,66.1098755345773
2235.819592392098,1,0,Hyderabad,Luxury,1,2235.819592392098,6956408.477934692,37.322429813298584
2782.3691072307665,2,0,Madurai,Standard,1,5564.738214461533,9675981.334570765,50.34772139511617
2016.6259801147426,2,0,Coimbatore,Luxury,2,4033.251960229485,13771510.267256998,57.76438201487196
3089.570902717678,3,0,Hyderabad,Premium,2,9268.712708153034,21852055.002336375,95.15634985479512
2016.238428599057,1,0,Hyderabad,Standard,1,2016.238428599057,3612876.7384311785,24.709335431150375
1783.3278877641171,3,0,Bangalore,Luxury,1,5349.983663292352,19338880.504246738,67.39403659872687
1190.0354986782322,3,0,Coimbatore,Standard,2,3570.1064960346966,6798006.347448026,36.8840833309484
2615.3991028124915,2,1,Coimbatore,Luxury,1,6800.037667312477,26036881.629770212,73.80976290946032
2826.0844019008714,3,0,Madurai,Standard,0,8478.253205702615,16720980.477765104,68.43823550873002
1954.4720611539194,2,1,Chennai,Standard,2,5081.62735900019,9563065.63636323,56.252907385791616
2155.962411676041,2,1,Hyderabad,Luxury,1,5605.502270357707,19549984.891367204,66.58177158967389
3157.9959838213827,2,0,Madurai,Economy,1,6315.991967642765,8396226.741560608,53.110304422261436
2549.431720685024,2,0,Madurai,Economy,0,5098.863441370048,7820881.304769525,40.34717930334362
3024.4625729523,3,0,Madurai,Premium,0,9073.3877188569,24464751.897844773,81.98985039905172
1133.1508780293323,2,0,Madurai,Standard,0,2266.3017560586645,4295727.697414373,28.551040235559373
1525.3004871263618,1,0,Madurai,Economy,1,1525.3004871263618,2171147.8229577313,21.149750190290277
1667.6717968005914,2,0,Coimbatore,Economy,1,3335.343593601183,4764112.600936363,37.456088917686756
2917.8854075180116,1,1,Coimbatore,Luxury,1,4668.616652028819,17544290.0698942,56.59305990747306
3008.0156506261305,1,0,Bangalore,Standard,1,3008.0156506261305,5689727.378323961,31.633309450845125
2927.7175183590975,3,1,Madurai,Premium,2,10539.783066092752,25408543.75957608,116.17982505928825
2527.8628168977907,1,0,Coimbatore,Standard,1,2527.8628168977907,4498664.360690165,26.888387629789108
3443.4164168080906,2,0,Madurai,Standard,0,6886.832833616181,11945989.18307957,59.62628071919592
1908.2296594848112,1,0,Hyderabad,Premium,1,1908.2296594848112,4680615.120463595,29.251945335204947
3742.0543142861357,3,0,Coimbatore,Economy,1,11226.162942858407,16080925.405057743,84.61300680463337
2809.4401688724347,2,1,Hyderabad,Luxury,2,7304.54443906833,22925224.064935327,85.46968313076046
1355.2784479568277,2,0,Coimbatore,Standard,1,2710.5568959136554,5044071.302470433,35.774624228938606
3752.823009642862,2,0,Madurai,Luxury,2,7505.646019285724,30826077.46150477,88.79137313577402
1189.6381156008792,1,0,Chennai,Premium,0,1189.6381156008792,3108644.312364754,23.10677626975959
1797.8116258728305,2,1,Madurai,Luxury,2,4674.3102272693595,16438444.229670819,66.0478269044338
2880.643495674091,3,0,Madurai,Premium,1,8641.930487022273,19885652.98370202,97.24437273675149
984.8977951883733,3,1,Hyderabad,Economy,2,3545.6320626781435,4847762.028807092,37.08239347331463
1368.8524411239944,1,0,Chennai,Economy,2,1368.8524411239944,1796964.9947904353,20.22864052281926
3513.6508327980846,2,0,Coimbatore,Premium,1,7027.301665596169,17447636.380042467,72.17155664774485
2341.2315089115596,3,1,Madurai,Standard,2,8428.433432081614,15346162.150751194,68.03136528675458
1631.4022679841096,2,0,Madurai,Economy,0,3262.804535968219,4121413.9431413496,36.80927479327435
3364.9187580255666,1,0,Chennai,Premium,0,3364.9187580255666,8279165.225202523,43.996591256010774
1113.8642585095827,2,0,Bangalore,Luxury,1,2227.7285170191653,7628295.767400139,37.45518595286896
2270.229658899157,1,1,Chennai,Economy,0,3632.3674542386516,5728934.061545907,38.902008876390866
1044.5339502017646,1,1,Bangalore,Luxury,0,1671.2543203228233,6389279.870169814,33.86822375095658
2240.3981837432307,1,0,Coimbatore,Premium,0,2240.3981837432307,5242321.88482541,31.845443461667866
2976.7288934667304,1,0,Hyderabad,Economy,0,2976.7288934667304,4368887.901393902,26.049204607221892
2427.453726232251,2,0,Coimbatore,Premium,2,4854.907452464502,13409935.6284819,52.718981662050524
2118.8189768408693,1,0,Bangalore,Standard,2,2118.8189768408693,3859384.1896757265,25.442571528690287
3261.5140730820276,1,1,Bangalore,Premium,0,5218.422516931244,11798164.638312567,52.52345450604014
3871.444857842973,3,0,Bangalore,Standard,0,11614.334573528919,20118570.25697609,86.74771811743994
2355.2496095281276,3,0,Coimbatore,Standard,2,7065.748828584383,11539164.401222747,66.23707557384805
1104.037436775375,3,0,Bangalore,Economy,1,3312.112310326125,5079677.822949794,31.886450736696133
1431.9055675517993,2,0,Madurai,Premium,1,2863.8111351035986,7792621.03768665,42.30400999134485
3740.5649076465743,2,0,Madurai,Standard,1,7481.129815293149,14829039.412780242,67.96473180286499
1367.772062303062,2,1,Chennai,Standard,0,3556.207361987961,6501210.805751418,43.61153049053191
1093.986840672143,2,0,Hyderabad,Premium,0,2187.973681344286,5428960.771589681,35.696933189774064
2758.2096170794593,2,0,Madurai,Standard,2,5516.419234158919,10800731.502753895,51.2051930138289
1314.7141566647879,2,0,Chennai,Luxury,0,2629.4283133295758,9933988.92464762,38.877004485198654
3615.412755014204,2,0,Bangalore,Economy,1,7230.825510028408,10334363.019351447,55.360504853198414
3308.133710353271,2,1,Bangalore,Standard,0,8601.147646918504,15089129.792545503,81.00707328544262
2970.812233136454,3,1,Hyderabad,Economy,1,10694.924039291234,14992088.247823946,87.8131838255764
3635.8264974882386,3,0,Madurai,Standard,2,10907.479492464716,18819498.52924865,87.72940353172648
3341.4314600866696,1,0,Coimbatore,Economy,1,3341.4314600866696,4828226.7040535165,29.50234674896375
3049.4190111317657,2,0,Bangalore,Premium,2,6098.8380222635315,13199459.864332993,66.57407620900608
1276.799155677579,1,1,Bangalore,Standard,0,2042.8786490841262,3964405.5012023067,28.906806693957016
1271.8480854601087,3,1,Chennai,Standard,2,4578.6531076563915,8182060.676766381,53.68022877890691
3994.712036457439,2,0,Chennai,Standard,2,7989.424072914878,13715745.030585825,74.65841343279081
2028.2654461857408,1,1,Madurai,Economy,0,3245.224713897185,4964790.524723713,35.446276265286485
2674.592467110086,2,0,Chennai,Premium,0,5349.184934220172,13122991.22768571,63.57428942352315
1521.7322557623443,1,1,Madurai,Luxury,0,2434.7716092197506,8802836.149815775,43.707550457707555
2819.7460670614605,2,1,Bangalore,Premium,0,7331.339774359797,17865631.238488648,69.2660885543283
1520.7158472591673,1,1,Chennai,Luxury,0,2433.1453556146676,7070312.512478261,39.3918337983663
1637.4581879548991,3,0,Bangalore,Luxury,1,4912.374563864698,17540891.71325565,61.28477632341773
1300.4217740910335,3,0,Bangalore,Premium,0,3901.2653222731005,9052240.41912681,52.80078467747495
1076.5587544401487,3,0,Hyderabad,Luxury,2,3229.676263320446,12377726.609101389,54.00950856092676
3320.6816496886677,2,1,Bangalore,Economy,1,8633.772289190536,11912782.694896955,63.59972026511811
1882.4419370635148,3,1,Coimbatore,Economy,0,6776.790973428653,8663386.92997419,55.23828973763754
1603.0933162889535,3,0,Chennai,Economy,0,4809.279948866861,6504345.722296613,44.79715859652177
3333.4399630507255,1,0,Bangalore,Economy,1,3333.4399630507255,4739888.777631347,34.26552210982549
2940.8714794531465,2,1,Hyderabad,Economy,2,7646.265846578181,10603452.726163864,62.89825545242885
3380.4915751450862,2,1,Hyderabad,Premium,0,8789.278095377224,19635611.933816,81.82068355392107
1856.6882075887922,2,1,Madurai,Premium,1,4827.38933973086,10687304.744293328,64.28944355194515
2592.583226799718,2,0,Bangalore,Economy,1,5185.166453599436,7085355.946041311,43.609680621894
3354.7014023178504,3,0,Chennai,Premium,1,10064.10420695355,22451172.499825373,90.67533322386994
1397.5145464737327,1,0,Madurai,Luxury,2,1397.5145464737327,4904885.176107399,31.154691527720935
2464.609674404974,2,1,Hyderabad,Economy,2,6407.9851534529325,9655562.135616293,55.18635421934865
2713.9604139808575,3,0,Madurai,Luxury,2,8141.881241942572,27941931.23100772,104.33093666365313
3541.996595440301,1,1,Chennai,Premium,0,5667.194552704481,15563822.902734041,64.2595396461088
1331.055664946512,2,1,Hyderabad,Premium,2,3460.744728860931,8372298.218972448,41.81243118617952
3433.4670279087554,2,0,Madurai,Premium,0,6866.934055817511,15866604.089904785,77.65274026757876
1154.395025020666,1,0,Coimbatore,Luxury,0,1154.395025020666,3873533.549290452,28.34606138206267
1872.6657515867928,2,0,Coimbatore,Luxury,1,3745.3315031735856,11250416.842966748,47.391644637443356
1913.4125170629331,3,0,Hyderabad,Economy,2,5740.237551188799,8380454.852427871,54.231657229884256
2308.1189356741265,3,0,Chennai,Luxury,0,6924.356807022379,24920924.38573733,86.59569570934786
1022.8516741196984,3,0,Coimbatore,Luxury,0,3068.5550223590953,11462310.864853775,50.27193855347753
3021.2818352314594,1,0,Madurai,Premium,0,3021.2818352314594,7236578.403168241,41.937522619197395
3587.8543432417664,3,1,Coimbatore,Economy,2,12916.27563567036,18669495.215463515,101.00031419350664
2593.4100191374077,3,0,Coimbatore,Economy,1,7780.230057412224,11631681.38674499,56.66398397825863
2152.154970598223,1,0,Bangalore,Standard,2,2152.154970598223,3834187.9400416547,30.12053445658637
3443.32496533303,3,1,Coimbatore,Economy,2,12395.969875198909,18556271.66666115,96.69538628593672
2504.562837636976,3,1,Madurai,Economy,0,9016.426215493113,11651540.84572836,72.42260227521989
1764.0488344320013,3,0,Chennai,Premium,1,5292.146503296004,12871332.63316538,66.38744531795231
3527.2443980517805,1,0,Chennai,Luxury,2,3527.2443980517805,12838475.72259163,51.22676294131125
1712.9290827434127,3,0,Bangalore,Economy,2,5138.787248230238,7467340.040809286,43.19979868108474
2362.7988127454037,1,0,Madurai,Economy,2,2362.7988127454037,3825893.237603511,26.049373491226284
2455.828325616132,3,0,Coimbatore,Standard,2,7367.484976848396,12583630.72020215,61.28811409486273
1345.8621169826881,1,0,Coimbatore,Economy,0,1345.8621169826881,2050375.9013950713,17.60908953042308
1549.390229809554,1,1,Coimbatore,Standard,1,2479.0243676952864,4831146.498165284,30.494001887376747
2102.3101108296446,2,0,Chennai,Economy,1,4204.620221659289,5284983.994756222,36.66276282077869
3908.9046108833622,1,0,Hyderabad,Luxury,1,3908.9046108833622,13742737.288611356,47.089807883399395
2453.032411027133,2,1,Chennai,Standard,2,6377.884268670546,12135607.62112684,60.454453425205635
2203.3231633197934,2,0,Chennai,Economy,0,4406.646326639587,6337941.559586056,40.32428471927175
3615.5605675557117,3,1,Madurai,Luxury,2,13016.018043200562,39396917.08379079,155.70525892970684
1328.6526058811205,3,0,Madurai,Economy,0,3985.9578176433615,5773508.068694752,42.37520818160026
3856.1936367519647,2,1,Chennai,Premium,1,10026.103455555109,21664728.250606433,88.20990902365467
2732.145449438041,2,0,Coimbatore,Standard,0,5464.290898876082,9879476.351517538,46.9115259094342
2140.6329285999213,1,0,Bangalore,Premium,2,2140.6329285999213,5454210.343269245,32.07025394335198
2868.640288398742,3,0,Bangalore,Standard,1,8605.920865196225,14297453.519849911,68.86627675000867
1349.9151402467025,2,0,Bangalore,Economy,1,2699.830280493405,4427732.3418370485,31.822965686115523
3023.6235957630693,3,0,Madurai,Premium,1,9070.870787289208,24973974.212736655,83.8990782409397
2293.144911031091,1,0,Madurai,Standard,2,2293.144911031091,4281167.648340967,26.437494552848765
1780.2031960902805,2,0,Coimbatore,Standard,2,3560.406392180561,6595623.687083805,41.12616401988162
1116.3955764500333,3,0,Bangalore,Premium,0,3349.1867293501,7318908.329944573,45.46346182902024
2437.3804370608377,1,0,Madurai,Luxury,0,2437.3804370608377,7817023.267331644,33.28520306238978
2866.6316361167496,3,0,Hyderabad,Standard,2,8599.894908350248,15750555.207867667,77.10521625283296
1966.699930232128,2,0,Coimbatore,Economy,0,3933.399860464256,6056454.287057886,41.426398454947346
2502.120660877643,1,0,Hyderabad,Standard,1,2502.120660877643,4897443.499535575,28.648067189184765
1802.260035424557,1,0,Bangalore,Economy,1,1802.260035424557,2537350.040546269,21.14868882898542
3642.89175138778,2,1,Chennai,Economy,0,9471.518553608228,13450487.497069672,65.47407639469859
3906.374891767194,2,0,Madurai,Economy,0,7812.749783534388,10950215.240411423,57.20014614146391
3483.3574876890502,3,0,Madurai,Premium,1,10450.07246306715,22851017.831741028,95.32151297997302
3892.5356347725037,3,0,Chennai,Luxury,2,11677.606904317512,36412153.71614249,128.90640850208507
2364.4730617358446,3,1,Hyderabad,Luxury,1,8512.10302224904,31099579.8963629,103.90375491968766
1444.1987450317863,1,0,Madurai,Economy,0,1444.1987450317863,2043706.0721602896,22.209924987394842
3710.2547549991746,3,0,Coimbatore,Standard,0,11130.764264997524,21539633.390021957,82.48671985874313
2978.4188574735535,1,1,Coimbatore,Standard,0,4765.470171957686,9472832.993466705,43.18808115407509
3214.7879091154937,2,0,Bangalore,Luxury,1,6429.575818230987,22818255.703711446,74.68483547212156
2738.4169700449816,1,0,Chennai,Premium,0,2738.4169700449816,7285650.783242492,38.51336010495814
3246.4889428950964,3,1,Chennai,Luxury,0,11687.360194422348,41868134.86488362,141.52161984773966
999.8642995810286,2,0,Madurai,Economy,2,1999.7285991620572,3127798.48545889,22.25609063403209
2325.8990986170147,1,0,Hyderabad,Standard,1,2325.8990986170147,3950391.6470887857,27.22210136333206
3374.199064574416,3,0,Chennai,Standard,2,10122.597193723248,19490270.678848375,95.89489030823925
1087.3988937048769,2,0,Chennai,Luxury,0,2174.7977874097537,7492233.386024853,33.395899866528296
3798.691291068143,1,1,Coimbatore,Premium,1,6077.906065709029,13522930.45250242,69.00533375998334
1697.070274532867,2,0,Hyderabad,Premium,2,3394.140549065734,8618759.585480288,45.25724763388882
819.483994367485,3,0,Bangalore,Luxury,0,2458.451983102455,8910272.890515259,45.33917447988534
960.7232366847161,2,1,Coimbatore,Standard,2,2497.8804153802616,4433905.964211411,31.56885174451648
1651.7376400497199,2,0,Madurai,Premium,0,3303.4752800994397,7899044.674744821,37.63267969603099
1486.809834428169,3,0,Chennai,Premium,2,4460.4295032845075,11681477.70807948,58.13810142427574
2574.903513712306,2,0,Coimbatore,Standard,0,5149.807027424612,10059721.928897247,49.78406106576299
1257.2030762861175,3,1,Coimbatore,Premium,2,4525.9310746300225,10134565.101265408,59.794108259518325
973.8625114332923,1,0,Chennai,Standard,0,973.8625114332923,1624418.8688365868,19.91160102696342
1000.6067891899708,2,0,Madurai,Luxury,0,2001.2135783799415,6488158.239251137,39.33562158699904
1215.7757585142442,1,1,Coimbatore,Luxury,1,1945.2412136227908,7510504.834028191,40.993981921085876
2007.4177726822172,3,0,Bangalore,Premium,1,6022.253318046652,15720808.529104592,71.74196106178535
2962.7127886858766,3,0,Madurai,Premium,0,8888.13836605763,19824827.744612258,80.69214238492953
2963.5463405261157,1,0,Madurai,Luxury,2,2963.5463405261157,11416076.434976723,38.23738728413679
2395.4265584182695,3,0,Chennai,Premium,2,7186.279675254808,16470031.879659807,80.30742369456627
809.2200053299667,3,1,Bangalore,Economy,0,2913.1920191878803,4259940.821351374,34.32985038785767
3583.2421653814745,2,1,Chennai,Luxury,0,9316.429629991833,33026476.648549918,102.7070072175562
3778.5833514127676,2,1,Coimbatore,Luxury,0,9824.316713673195,36036795.86321599,112.04794945923122
1073.0922767498396,3,0,Chennai,Economy,1,3219.2768302495188,4966286.735946527,31.1858638545292
3001.742220275244,1,0,Bangalore,Standard,0,3001.742220275244,5160916.354427967,32.75480112835099
2093.727191215581,1,1,Coimbatore,Luxury,0,3349.9635059449297,12250038.735544322,49.977265971824984
2968.1352558686503,3,1,Chennai,Luxury,1,10685.28692112714,41587224.5969908,107.81533763643843
2024.2570354260333,1,0,Madurai,Economy,0,2024.2570354260333,2978035.3117232937,24.332944186416864
2626.0787964189917,3,0,Madurai,Premium,2,7878.236389256976,20105983.989060137,87.26612562256389
2739.6690077871353,1,0,Coimbatore,Luxury,2,2739.6690077871353,10698033.293231037,41.34336600569446
2314.88282078372,3,0,Coimbatore,Standard,0,6944.648462351161,12349548.174518298,66.20616987521913
2862.6917591754996,2,0,Hyderabad,Standard,2,5725.383518350999,10121526.334574632,57.14253973092662
2650.554878145154,3,1,Coimbatore,Premium,2,9541.997561322554,23511183.733542763,93.70355676766722
3735.9546980223686,2,0,Chennai,Standard,1,7471.909396044737,14985441.254087694,65.36517250335972
1536.802946273647,2,0,Hyderabad,Standard,2,3073.605892547294,5850971.949671498,39.33932491634373
2786.907488696666,2,1,Bangalore,Standard,1,7245.959470611331,12646935.472302055,67.93292934233646
3564.6770583520324,1,0,Chennai,Economy,2,3564.6770583520324,5715014.958091689,30.91644985458755
3874.006321642239,3,0,Hyderabad,Standard,1,11622.018964926718,21115793.349749863,94.34472145022411
2699.394993212115,3,0,Bangalore,Standard,1,8098.184979636345,14728364.862282658,78.87459234429666
3819.845097024707,3,0,Bangalore,Standard,2,11459.53529107412,21717060.483205196,101.01496984069256
1791.9997989497258,2,0,Chennai,Premium,1,3583.9995978994516,9266326.246040002,39.3514526047096
828.923101053735,1,0,Coimbatore,Standard,2,828.923101053735,1514662.671870414,17.18294805087525
3513.734686724749,3,0,Hyderabad,Economy,0,10541.204060174246,15521067.188546054,72.18285187541548
1724.43180450933,3,1,Hyderabad,Economy,0,6207.9544962335885,9341587.43686573,54.24525686847287
3213.647914710473,3,0,Hyderabad,Standard,1,9640.943744131418,19263546.217967004,79.99848845490196
2636.2920131344426,2,0,Bangalore,Economy,1,5272.584026268885,8711319.598165708,40.116284999025225
3487.411718865699,1,0,Bangalore,Economy,0,3487.411718865699,4789684.348069618,30.335654033650837
2180.418076077039,3,0,Madurai,Premium,1,6541.254228231117,16404499.677921627,69.06550090454205
3692.024229680455,2,1,Madurai,Standard,2,9599.262997169182,17685266.14272574,77.04009877505878
2691.6169704272525,1,0,Coimbatore,Standard,0,2691.6169704272525,4750299.770502659,33.53363802675522
2272.0076658585567,3,1,Madurai,Luxury,1,8179.227597090804,30321660.79111101,105.737650060751
2450.1100987406508,1,0,Coimbatore,Premium,0,2450.1100987406508,5193506.9362969315,35.56193746754278
800.0372312171717,1,0,Madurai,Economy,1,800.0372312171717,1049477.709791371,14.079554978188275
2199.9421651462712,3,0,Coimbatore,Luxury,1,6599.826495438814,25044377.012998544,78.3093964394122
3229.020605626802,2,0,Madurai,Economy,2,6458.041211253604,8520263.26854416,50.539059554912605
3998.540539901102,3,0,Madurai,Standard,0,11995.621619703306,20631252.42123614,96.31797838110393
3212.2550418214996,3,0,Chennai,Economy,2,9636.765125464499,14313403.570897037,71.52926374933332
3837.4676059856392,3,1,Madurai,Economy,1,13814.883381548301,21725338.5512727,94.29214066649988
3911.7439969283305,3,1,Hyderabad,Standard,0,14082.278388941992,23355287.458359346,125.59437390535781
1902.7330702321908,2,1,Madurai,Economy,0,4947.105982603696,6881669.2554050265,42.2536099985937
1180.3980517666305,1,1,Madurai,Premium,0,1888.6368828266086,4440269.442272544,32.57571820731921
2039.159267769907,2,0,Hyderabad,Luxury,2,4078.318535539814,12581730.973794494,61.17909246194008
2200.5162500742513,3,0,Chennai,Economy,0,6601.548750222753,9571366.498093747,52.77834543637643
2343.245956007015,1,1,Hyderabad,Premium,2,3749.193529611224,10263353.43110585,49.18064139945612
2800.0933954726584,2,1,Hyderabad,Economy,0,7280.242828228912,9403136.407587655,66.8746076652939
3522.176833935508,3,1,Bangalore,Luxury,0,12679.83660216783,43852191.54351553,131.4551381687954
1929.467211047541,1,1,Madurai,Economy,1,3087.1475376760654,4435279.808226797,31.66947073167667
1068.542514628574,1,0,Madurai,Premium,1,1068.542514628574,2425527.4047890804,25.19229081037355
3311.5578334684164,3,0,Hyderabad,Luxury,1,9934.67350040525,37880948.522338465,104.90290489416785
3812.0718343739254,1,1,Bangalore,Standard,0,6099.3149349982805,11577765.495747851,57.71860115995321
3932.664022531533,1,1,Bangalore,Luxury,0,6292.262436050452,20210857.126447253,68.00003779082832
2737.5445414860947,2,0,Bangalore,Luxury,1,5475.089082972189,19338703.28505784,68.85715019980756
1350.7539290328887,3,1,Hyderabad,Economy,1,4862.714144518399,7299610.9126571715,42.714112923777975
2570.8128516054635,1,0,Hyderabad,Standard,2,2570.8128516054635,4776666.359925519,31.12059572826179
2667.3822954394195,3,0,Coimbatore,Standard,0,8002.146886318258,13377238.16932269,70.19862378792398
2759.2260824379027,3,1,Madurai,Premium,1,9933.21389677645,24579515.320867904,89.44121359146284
2807.957029709694,1,0,Chennai,Economy,2,2807.957029709694,4402998.114485923,30.68762253591861
1403.3299383976037,2,1,Chennai,Standard,1,3648.6578398337697,6870201.894888822,46.3872119703348
1069.7642067563213,1,0,Coimbatore,Economy,2,1069.7642067563213,1527260.1467207202,18.034117657313487
2762.533391639613,1,0,Bangalore,Luxury,0,2762.533391639613,8231881.842636262,44.261980962175706
3163.9140823250123,3,0,Chennai,Economy,1,9491.742246975036,12713241.233819703,65.33072802261327
2268.609653109825,3,0,Chennai,Premium,1,6805.828959329476,15914020.396968134,79.13497742713189
2026.5095668550443,3,0,Hyderabad,Standard,1,6079.5287005651335,12023863.247995561,58.24657548056537
1019.0679018674498,2,0,Madurai,Standard,2,2038.1358037348996,3688752.8832665817,27.369967601333144
3665.1074852901415,1,0,Hyderabad,Economy,1,3665.1074852901415,5292829.767916724,35.294709316808685
2168.3242678506795,2,0,Madurai,Premium,1,4336.648535701359,11046688.101532085,49.88946911774021
870.1226520800286,2,0,Madurai,Premium,1,1740.2453041600572,3719097.0675030253,28.566265012305543
3081.4720251481785,2,0,Chennai,Standard,1,6162.944050296357,10704916.181438707,60.40931503511375
3816.1001840643735,2,1,Madurai,Premium,2,9921.86047856737,21809882.39213529,93.46158454040012
1599.8622284723879,2,0,Madurai,Economy,2,3199.7244569447757,4422499.1196699245,35.201698585340495
1491.3923719832524,3,1,Coimbatore,Standard,1,5369.012539139708,9462182.361289153,52.48912895976323
1819.548680843543,1,0,Hyderabad,Economy,2,1819.548680843543,2562484.631784035,23.859082017387443
3630.004950473508,3,0,Chennai,Premium,1,10890.014851420525,25444222.868713055,102.17269612887975
3110.1735280501744,3,0,Madurai,Economy,2,9330.520584150523,12453788.33094525,76.23197952716195
2447.7867197224305,2,0,Chennai,Standard,2,4895.573439444861,9828581.184789943,43.38999052151673
2830.8456207596178,3,0,Chennai,Standard,2,8492.536862278854,14263017.299640445,72.45412107589455
1549.4507869642694,3,1,Hyderabad,Economy,0,5578.02283307137,7879427.438294223,52.34946288289026
3028.575382515543,3,1,Madurai,Standard,1,10902.871377055955,20766372.316012777,96.99026694326199
2504.0130125311416,1,0,Madurai,Luxury,0,2504.0130125311416,7998261.669618766,40.025138459658905
1460.0067642756883,1,1,Hyderabad,Premium,1,2336.0108228411013,5676811.370770304,31.802782353683153
3336.825963433001,1,0,Hyderabad,Premium,0,3336.825963433001,8579394.802723521,37.93771344572946
831.932085307038,1,0,Chennai,Economy,0,831.932085307038,1253434.1349741016,14.715341853913351
1713.628096379237,3,0,Hyderabad,Premium,1,5140.884289137711,12326664.452850286,52.225309554340015
2111.165556617405,1,1,Hyderabad,Luxury,1,3377.864890587848,10828936.52948414,48.645635979236765
2533.6350856562026,3,0,Chennai,Economy,0,7600.905256968608,10925889.395268204,68.84449794139461
1540.9549950881562,1,0,Madurai,Premium,2,1540.9549950881562,3538776.2756972564,26.948534306762117
3061.2296430963083,3,0,Hyderabad,Standard,2,9183.688929288925,16528725.36481147,73.70445265371383
2917.389722879541,1,0,Coimbatore,Standard,0,2917.389722879541,4776773.86797664,32.872462721153305
2163.4271284035103,2,1,Madurai,Standard,2,5624.910533849126,11037655.188916782,49.24877104907973
1463.1753592604107,1,0,Coimbatore,Economy,2,1463.1753592604107,2361758.7040980104,22.066710177364044
3227.8890277245464,3,0,Bangalore,Luxury,1,9683.66708317364,35206551.1877024,98.34936375740867
2316.5479043715286,1,1,Hyderabad,Economy,0,3706.4766469944457,5011783.20851008,40.27625225455412
2422.5908695638987,3,0,Bangalore,Standard,1,7267.7726086916955,13699229.657797668,68.63330255915425
3347.972641732379,2,0,Hyderabad,Standard,2,6695.945283464758,12394813.08569275,56.72669102406774
1410.9650722292592,2,0,Hyderabad,Luxury,2,2821.9301444585185,9391630.060883703,47.08172069438756
3289.68077806289,3,1,Coimbatore,Standard,0,11842.850801026405,21834299.62695124,93.47667314620642
2284.76842068616,2,0,Madurai,Luxury,2,4569.53684137232,17748102.533956405,64.42279612758388
3308.0716448551975,1,1,Hyderabad,Luxury,2,5292.914631768316,21876780.072218858,72.32448722325066
3503.588312816733,3,1,Madurai,Luxury,1,12612.917926140239,41372915.32837285,131.5541509521065
3194.1885185563083,1,1,Madurai,Premium,2,5110.701629690093,12404333.720261974,55.27666242626857
3875.7101302725287,3,0,Hyderabad,Standard,2,11627.130390817587,18815811.774974763,91.46148095245223
850.3773215861663,3,1,Bangalore,Economy,2,3061.3583577101986,4816692.422884844,36.91698285433042
2798.7649539665013,1,0,Hyderabad,Economy,0,2798.7649539665013,4291065.214785321,29.49734342579265
1242.9935786540618,1,0,Hyderabad,Premium,2,1242.9935786540618,3249209.117600051,24.074284046896395
1477.2348754235559,3,0,Bangalore,Luxury,1,4431.704626270668,17295231.0515283,62.06723987467641
970.7135903644726,3,1,Hyderabad,Premium,1,3494.5689253121013,8782048.488222681,45.812658018130534
2401.1502278897938,1,0,Chennai,Economy,1,2401.1502278897938,3182838.841833027,26.693732504063405
2717.7667716462006,3,0,Bangalore,Premium,0,8153.300314938602,20504721.366832867,73.20501846087559
3293.1282764665175,3,0,Coimbatore,Luxury,1,9879.384829399552,38204877.622502565,112.7808655642862
3851.312313124828,1,0,Madurai,Economy,1,3851.312313124828,5458384.717990134,36.7948302997076
1103.707012055508,3,0,Madurai,Luxury,1,3311.1210361665235,10344321.400849264,55.447988255839796
3625.327412859911,2,0,Madurai,Premium,2,7250.654825719822,18153722.08123871,78.85850508641136
3630.666537347801,1,1,Coimbatore,Economy,1,5809.066459756481,8864645.357287975,51.001700119586864
3810.474559006403,1,0,Coimbatore,Luxury,2,3810.474559006403,12927050.558806945,51.89783589520775
3654.057930421,1,0,Hyderabad,Standard,1,3654.057930421,6402598.823451327,37.041697713622426
976.7120663776911,2,0,Madurai,Luxury,2,1953.4241327553823,7472986.723581325,32.62169377352287
827.8596706001395,3,1,Madurai,Standard,1,2980.294814160502,5203858.090177843,41.531077112506786
1000.207495102245,1,0,Coimbatore,Premium,1,1000.207495102245,2475603.01415196,20.15292583297491
1064.7578739782077,2,1,Hyderabad,Luxury,1,2768.37047234334,10071827.116960043,48.174764224267086
2417.6280332475644,2,0,Coimbatore,Luxury,1,4835.256066495129,18607588.0058656,68.8844869289457
2066.265483436136,3,0,Bangalore,Economy,1,6198.796450308408,9490540.890484948,55.03933544666635
3286.5577140856194,3,0,Madurai,Economy,0,9859.67314225686,14692907.852414247,75.8155376692097
2306.7755399141656,1,0,Coimbatore,Standard,2,2306.7755399141656,4175775.3755738544,30.11442318361924
1194.3442422922394,3,0,Chennai,Luxury,1,3583.0327268767182,14639977.552958518,57.269720861974214
2432.4748174602346,1,0,Bangalore,Standard,2,2432.4748174602346,4679057.816970758,31.971569898009395
3173.1283822457135,3,0,Coimbatore,Economy,1,9519.38514673714,14798394.167976204,71.63354012772189
3690.2104922701733,1,0,Chennai,Standard,1,3690.2104922701733,6898362.7940022275,41.121541208092914
1879.937042159674,3,1,Madurai,Standard,0,6767.773351774827,11213430.690377984,66.04323085382251
2470.2496111314044,3,0,Madurai,Economy,2,7410.748833394213,10380859.00686766,58.519109822828426
1542.5783670436992,1,0,Madurai,Economy,1,1542.5783670436992,2228902.1282076957,22.78635204269987
2751.8129875073655,3,0,Hyderabad,Economy,2,8255.438962522097,11099489.176555391,68.76735286613828
2768.811690503725,2,0,Chennai,Standard,2,5537.62338100745,10804095.24274408,54.839686757442884
2322.2010176350677,3,0,Madurai,Luxury,2,6966.603052905203,24571380.05174934,86.65734957670465
2298.6565949882033,3,0,Coimbatore,Standard,0,6895.96978496461,14181143.668936193,71.21329942950565
3347.2236877673067,3,0,Chennai,Luxury,2,10041.671063301921,35942924.16315688,121.70972700322906
1405.2451200735509,3,0,Chennai,Premium,1,4215.735360220653,10405065.062306995,47.23976023652396
3272.868542928253,2,0,Madurai,Luxury,2,6545.737085856506,25293706.643659875,73.39459073619336
3198.163219138588,3,0,Chennai,Economy,2,9594.489657415765,13337114.763607854,70.74719857734046
1740.0828997580504,3,0,Hyderabad,Economy,1,5220.2486992741515,7677060.676330074,50.84354791853578
3830.916681280793,3,0,Bangalore,Economy,2,11492.75004384238,16026235.467819959,89.15214916882766
2537.668578773645,3,0,Hyderabad,Standard,2,7613.005736320935,12969554.931435479,74.25535270606105
1084.7670875403094,1,1,Bangalore,Luxury,1,1735.627340064495,5054207.183927942,32.49367905664546
2704.6810692059994,3,1,Chennai,Premium,1,9736.851849141598,21016011.64538396,88.29909160275957
3695.2522933763776,2,0,Madurai,Premium,1,7390.504586752755,20411481.744933896,73.89543902053875
3567.880336368646,2,1,Bangalore,Luxury,2,9276.48887455848,29828909.108369973,94.98985270563365
2208.185748830076,2,0,Bangalore,Economy,0,4416.371497660152,7151300.807226926,36.882757681953095
2354.6157725204207,2,0,Bangalore,Standard,1,4709.231545040841,8777579.563098045,42.721181461550096
1173.0658385782294,1,0,Hyderabad,Luxury,2,1173.0658385782294,3571557.683924076,23.8717822598086
3593.6620608950916,3,0,Bangalore,Standard,0,10780.986182685276,20306152.12283669,84.66450086775853
3295.962646113742,2,0,Madurai,Luxury,2,6591.925292227484,25341256.1917649,69.06320529864225
2703.5116144061108,1,0,Hyderabad,Standard,2,2703.5116144061108,4788327.805841275,28.316008492420522
2617.5177514114575,3,0,Madurai,Standard,1,7852.553254234373,14363714.51862173,74.87868145772563
1568.2263695602128,2,0,Coimbatore,Economy,0,3136.4527391204256,4360320.6219847,33.09938452969335
1609.1459784003557,3,0,Bangalore,Economy,2,4827.437935201067,7443939.836625689,42.83144985888777
1960.1913489891026,3,0,Bangalore,Economy,0,5880.574046967307,8962119.034253567,56.0540100819608
2610.2021508512184,2,0,Madurai,Premium,1,5220.404301702437,13928705.684422957,54.379879753668455
1453.589628518936,2,0,Bangalore,Economy,2,2907.179257037872,4004997.4277895456,30.610861067630555
2104.7939360087435,2,0,Bangalore,Standard,0,4209.587872017487,8673034.479243675,40.21292315699478
1565.256145390474,3,0,Hyderabad,Premium,2,4695.768436171422,10327702.53676908,56.44994687760057
2090.264819626407,1,0,Hyderabad,Standard,0,2090.264819626407,3946917.1729840906,26.78875921228766
2520.905391172405,1,0,Coimbatore,Luxury,2,2520.905391172405,8009394.43235135,35.16618415129454
1504.283765988437,1,1,Hyderabad,Standard,2,2406.854025581499,4873797.175048201,29.652098923978386
3635.7816708139044,3,0,Madurai,Economy,2,10907.345012441714,14156816.91513257,72.71903283201324
3299.084363662193,3,1,Hyderabad,Standard,0,11876.703709183894,21204743.79338149,111.50998252795804
1558.862291128676,1,1,Bangalore,Standard,2,2494.1796658058815,4610060.24635519,30.90412624248278
2633.73504198085,3,0,Bangalore,Premium,2,7901.20512594255,22435271.40402294,78.88025227274495
3130.7867338868673,1,1,Hyderabad,Standard,0,5009.258774218988,9427115.076093746,46.77295837625671
3969.063372139675,3,1,Coimbatore,Premium,1,14288.628139702829,34694698.95478016,149.08633399816463
1379.786492960265,3,1,Madurai,Premium,2,4967.231374656954,11476247.504155124,56.500041183943864
2138.0633221209587,1,1,Bangalore,Economy,1,3420.901315393534,4617916.622800036,30.76400858349265
2917.499784460661,2,0,Hyderabad,Premium,0,5834.999568921322,16142948.8512978,56.81166714386208
1540.720684048954,2,1,Bangalore,Standard,1,4005.87377852728,6998961.935256196,39.44108597209232
3545.456290928183,3,0,Chennai,Luxury,2,10636.36887278455,33228230.141555533,118.30195979741275
2072.590126185775,3,0,Bangalore,Premium,2,6217.770378557325,15449086.222740548,74.39835762780635
1999.1103056236045,2,0,Coimbatore,Luxury,0,3998.220611247209,15884636.300111651,50.52999956241423
1523.4530272338006,1,0,Bangalore,Luxury,1,1523.4530272338006,5310624.6692327885,26.524381061932946
1475.6030161857198,2,0,Coimbatore,Luxury,0,2951.2060323714395,9956501.412092447,43.717716847746274
2495.8098781767453,3,0,Madurai,Luxury,0,7487.4296345302355,26984650.602615044,80.31928734779868
1658.1579767837227,2,0,Bangalore,Economy,1,3316.3159535674454,4289339.4368658615,34.91219439122659
1418.9930974607441,2,1,Coimbatore,Standard,2,3689.3820533979347,6387114.247464841,41.71343002338982
1569.701072576476,3,1,Coimbatore,Economy,1,5650.923861275314,7688484.684061169,55.31488607666107
1953.5184164529724,2,0,Coimbatore,Standard,0,3907.0368329059447,7483361.414820746,45.93802319269589
3927.295784212631,2,0,Hyderabad,Economy,0,7854.591568425262,11942261.034855368,60.73815765126571
2782.0479019728064,2,0,Coimbatore,Luxury,0,5564.095803945613,19816888.859122522,60.1707170694493
2174.793164469901,1,0,Madurai,Luxury,2,2174.793164469901,6810226.253659145,31.349064618763194
3647.72280436116,1,0,Madurai,Standard,2,3647.72280436116,6762194.194300166,33.62010005042679
1203.0566284139463,2,0,Madurai,Premium,2,2406.1132568278927,6176364.968193858,36.30141841372053
2984.103870520709,2,0,Coimbatore,Economy,0,5968.207741041418,9046249.007865086,47.487287203016464
2915.6501709718286,2,0,Madurai,Standard,0,5831.300341943657,11433486.80408364,48.18260755774678
3149.284028933268,2,0,Chennai,Standard,0,6298.568057866536,10910665.78144911,51.5335956861916
1627.493091631309,3,0,Chennai,Premium,1,4882.479274893927,11689263.402356654,63.72288473120575
961.3336755270694,1,0,Madurai,Premium,0,961.3336755270694,2042561.9305336867,22.233562929208762
1891.0674285937866,2,0,Coimbatore,Economy,1,3782.1348571875733,5643873.327353933,39.70674059257792
3335.0118233653634,1,1,Coimbatore,Standard,1,5336.018917384581,8973375.475011459,48.95453422474702
1497.2524148055807,1,0,Coimbatore,Luxury,0,1497.2524148055807,5524770.919682581,28.167054640390916
1230.644054733145,1,1,Coimbatore,Standard,0,1969.0304875730317,3368379.051286244,30.43987744015612
3295.426828832218,3,1,Madurai,Premium,2,11863.536583795983,27383748.48963189,101.88712326589989
2528.958101636799,1,1,Hyderabad,Economy,0,4046.332962618878,6153920.320339365,37.62728848287145
2932.057156732923,1,0,Chennai,Luxury,2,2932.057156732923,9760468.148164598,37.740917718533005
3455.113172229198,2,0,Madurai,Standard,1,6910.226344458396,12441859.51031955,61.026477019802954
1824.0874129996541,1,0,Chennai,Standard,0,1824.0874129996541,3610876.935782271,25.94033446872139
1966.946163949877,3,0,Coimbatore,Luxury,0,5900.838491849631,19918793.03910987,72.40709384183441
3982.989328628759,3,0,Madurai,Economy,0,11948.967985886276,16440491.135746786,90.76667728454625
3519.869857610257,3,0,Bangalore,Standard,2,10559.60957283077,19667021.668993715,89.45099264978086
1075.3029025054182,3,1,Hyderabad,Luxury,2,3871.0904490195053,13282095.157452095,61.712003838030505
3424.216006578078,2,0,Hyderabad,Luxury,1,6848.432013156156,21759449.413224913,81.69514665640982
3673.3929390199582,3,0,Hyderabad,Premium,0,11020.178817059874,30450753.462247103,112.41668449989274
1879.3690766959564,3,1,Madurai,Luxury,0,6765.728676105444,27970372.46303109,81.3157742913288
3892.952052966664,3,1,Bangalore,Premium,1,14014.627390679989,35896765.36579465,126.64435538211926
2655.1397316294147,1,0,Madurai,Premium,0,2655.1397316294147,6248740.910732712,36.36001071492206
3992.798044832642,2,0,Madurai,Economy,2,7985.596089665284,12132661.059772197,54.46504075587552
2764.7342600748602,1,0,Coimbatore,Standard,1,2764.7342600748602,5025935.068530644,32.94591229159985
1233.137391914509,1,0,Bangalore,Economy,2,1233.137391914509,1713536.0510965958,20.32885704458868
1751.5569001871113,1,0,Coimbatore,Economy,2,1751.5569001871113,2553456.2464816496,19.40196395290845
1963.6651485422387,1,0,Madurai,Luxury,2,1963.6651485422387,6494468.784084722,34.88860793442614
2696.8670107845915,1,0,Coimbatore,Economy,2,2696.8670107845915,3599183.3611851768,28.301121283629715
1057.9692965427257,2,1,Chennai,Luxury,1,2750.7201710110867,8449183.285067825,48.58216991942379
3451.6892995785256,2,0,Madurai,Economy,2,6903.378599157051,11396398.708342912,51.010714795069866
3110.611405452113,2,0,Bangalore,Premium,1,6221.222810904226,16941109.85563597,65.09234443854146
3390.960116050846,2,0,Chennai,Standard,0,6781.920232101692,11176537.167105474,61.6833490533459
1924.9352321590336,2,0,Madurai,Luxury,1,3849.870464318067,11590032.904246895,52.33040852974319
3206.8118385394278,2,0,Hyderabad,Premium,1,6413.6236770788555,14964675.013243683,63.05959595241499
2411.3503408380357,2,0,Bangalore,Economy,2,4822.700681676071,7062000.179111479,47.32994236732995
2531.564239612303,3,0,Chennai,Standard,0,7594.692718836909,15354480.018817069,73.09022483593203
1706.7650204515783,3,0,Bangalore,Premium,2,5120.295061354735,11895067.655411009,54.54881003053766
1447.3406373062517,3,0,Coimbatore,Premium,1,4342.021911918755,10641993.97232755,51.466367211104604
3485.269145826408,3,0,Madurai,Premium,0,10455.807437479223,25958871.834728736,113.21186750459951
1445.893873164026,2,1,Chennai,Premium,2,3759.3240702264675,10108996.431841496,54.45134223740145
2479.6799575226823,1,0,Chennai,Economy,1,2479.6799575226823,3199996.899053675,23.901694449652513
2459.3974037303487,1,0,Hyderabad,Standard,2,2459.3974037303487,4462164.892177101,32.144619781469025
1091.650046222968,2,0,Chennai,Luxury,2,2183.300092445936,7505018.3563933065,37.24887888961601
2889.5133501054056,1,0,Chennai,Standard,2,2889.5133501054056,5785529.337512788,35.66499196012604
1167.2115181242734,1,0,Chennai,Luxury,1,1167.2115181242734,4074358.257063416,26.922529458667878
1159.566342236754,3,1,Madurai,Standard,2,4174.438832052314,7790146.371784211,53.76639672438955
1570.1456472228897,2,1,Madurai,Luxury,0,4082.378682779513,15248272.038015276,60.53105065448304
853.3626031674853,3,0,Coimbatore,Luxury,2,2560.087809502456,8655594.943850283,39.41918424169857
1379.9217953590705,1,0,Bangalore,Premium,2,1379.9217953590705,3423683.319129843,25.71179737513037
2619.3672179347586,2,0,Hyderabad,Luxury,0,5238.734435869517,15740867.642250441,72.33613227312287
3614.7247894776383,1,1,Chennai,Standard,2,5783.559663164221,10644441.627465397,57.58355845021696
2684.864291138917,1,0,Chennai,Economy,0,2684.864291138917,3569424.5963743073,25.729234366941935
1021.291416699204,3,0,Bangalore,Premium,1,3063.874250097612,6969705.19555932,41.162507843800135
3183.157529053472,1,1,Bangalore,Luxury,0,5093.052046485555,16983467.39500789,61.43360019148194
2141.118313334673,1,0,Bangalore,Economy,1,2141.118313334673,2786348.065635722,22.970567613437698
3150.7465622737122,1,0,Bangalore,Luxury,2,3150.7465622737122,9967732.489985371,39.59647192776227
2802.182119236328,1,0,Madurai,Premium,1,2802.182119236328,6874137.788863244,36.11715282532372
1189.4249815253513,2,1,Bangalore,Economy,2,3092.5049519659133,4834155.696691026,32.972662370327306
1618.3798449545613,2,0,Bangalore,Luxury,2,3236.7596899091227,10871420.882202953,48.495707271530684
2686.8911844849526,2,0,Hyderabad,Premium,2,5373.782368969905,12310655.9702637,54.63451852125094
1706.5100911762474,1,1,Coimbatore,Premium,0,2730.416145881996,6269223.6166362045,36.90403155035734
1864.8987806745456,1,1,Madurai,Luxury,2,2983.838049079273,11164741.124003164,51.38985659476021
3990.238135717343,2,0,Chennai,Luxury,2,7980.476271434686,23548962.143199515,98.22754501816152
1619.8128462059358,3,1,Bangalore,Economy,0,5831.3262463413685,8487044.200345945,56.750356034311885
3232.017743878715,2,0,Coimbatore,Premium,2,6464.03548775743,17680759.403314967,74.43182320421184
1770.833739613226,3,1,Chennai,Premium,1,6375.001462607614,14266456.925832918,66.8785968347697
3888.6708433463527,2,0,Bangalore,Premium,1,7777.3416866927055,17752415.539265737,72.06456093099258
1802.452725057953,1,0,Hyderabad,Luxury,2,1802.452725057953,6672007.2816347135,34.437652194715035
3440.6763880308195,3,1,Hyderabad,Premium,1,12386.43499691095,29936436.927435897,116.13154650267221
1885.5701157562762,1,1,Hyderabad,Luxury,1,3016.9121852100416,10377772.821784548,51.07267903300202
1767.892215876703,1,1,Bangalore,Standard,0,2828.6275454027245,5312799.419653119,37.69466737993699
1850.112231531545,3,0,Hyderabad,Standard,2,5550.3366945946345,9418007.689192353,58.3342178430805
3556.5377475056557,2,0,Madurai,Standard,2,7113.075495011311,14209276.075501267,69.80055864672113
1801.3425536922323,3,1,Madurai,Economy,0,6484.833193292036,10084339.3683766,53.94107320482372
3593.738070448651,2,0,Hyderabad,Economy,2,7187.476140897302,9328176.577275384,52.86248037952687
3425.7668456183,2,0,Bangalore,Premium,0,6851.5336912366,17034929.805658016,69.67326422469063
3451.8687482176206,3,1,Hyderabad,Luxury,1,12426.727493583434,46697235.77140138,131.17305264829392
3613.6945797024214,3,0,Bangalore,Premium,2,10841.083739107264,29686597.314495537,107.38700699894372
1665.7896207615725,3,0,Madurai,Economy,1,4997.368862284718,7560992.820060366,41.49096244709122
834.2889526251487,1,0,Bangalore,Standard,2,834.2889526251487,1479484.291986959,18.091171849033046
2210.1276269577393,1,0,Madurai,Economy,1,2210.1276269577393,2878908.090041949,24.505927619218202
2244.0531650339663,1,0,Madurai,Luxury,0,2244.0531650339663,7945536.465485176,39.38620375389344
3530.375901430776,1,0,Bangalore,Premium,1,3530.375901430776,9591478.318667775,44.40485029004821
1797.0295666631325,1,0,Coimbatore,Luxury,2,1797.0295666631325,5294619.390011077,31.31995804156963
1502.8317715026208,1,0,Bangalore,Premium,0,1502.8317715026208,3220428.3677725396,27.372953555702484
3772.185474201233,1,1,Coimbatore,Luxury,0,6035.496758721973,19908261.528496824,75.78094594186113
3099.8979624390477,1,1,Coimbatore,Standard,1,4959.836739902476,8308033.1836541025,45.54063731227625
924.6651083150855,1,0,Madurai,Economy,0,924.6651083150855,1445151.9599857328,18.29933637526025
3274.1872040280264,2,0,Bangalore,Standard,1,6548.374408056053,11620569.967614273,56.51315606396206
2599.773997177347,2,0,Chennai,Luxury,1,5199.547994354694,18441006.58596614,61.160449165176914
2510.9149538416764,1,0,Coimbatore,Standard,2,2510.9149538416764,4108304.607214018,32.36157407592712
1019.6757316731912,1,1,Chennai,Luxury,2,1631.4811706771059,5151339.623512511,30.792130843643065
1516.5586809490865,2,0,Hyderabad,Luxury,1,3033.117361898173,10378617.913797418,41.22612661009029
3850.889214022704,2,0,Chennai,Standard,1,7701.778428045408,15255683.988512112,73.77157559281747
3097.384611008326,3,0,Coimbatore,Standard,2,9292.153833024979,16934573.509490795,87.00233690165413
1179.7139663185242,1,1,Hyderabad,Economy,0,1887.5423461096386,2514304.2932890337,25.339455061109273
1479.3140533394921,1,1,Hyderabad,Economy,0,2366.9024853431874,3857569.8307605153,29.127526657167085
2411.8668386690265,2,0,Coimbatore,Standard,1,4823.733677338053,8942854.615004815,49.63088505138225
1421.6754272057647,1,0,Chennai,Luxury,0,1421.6754272057647,4511813.488575334,25.739470865299857
2007.5621657492825,1,0,Bangalore,Economy,2,2007.5621657492825,2922903.701426561,24.75700852753541
3038.70890567529,3,0,Chennai,Economy,0,9116.12671702587,13750970.671959644,70.96482090547322
2784.772333660519,2,0,Hyderabad,Premium,2,5569.544667321038,12244529.28524798,66.70936410803904
3736.471289294187,3,1,Bangalore,Premium,2,13451.296641459074,35370708.930983685,133.45646014373253
3764.186486147827,2,0,Bangalore,Standard,0,7528.372972295654,13058423.58707088,60.9265500387345
1559.9465765420287,2,0,Coimbatore,Luxury,0,3119.8931530840573,11343322.174502615,48.77524976152591
1418.1120269069847,3,1,Bangalore,Premium,1,5105.203296865145,13232928.84268431,65.31819400361866
881.1155336446031,3,0,Hyderabad,Standard,0,2643.3466009338094,4822462.343317502,33.511417921301074
1057.8585993168435,2,0,Chennai,Luxury,0,2115.717198633687,8042849.329403631,35.12546680935659
3399.443776790597,1,0,Bangalore,Luxury,1,3399.443776790597,11213825.854119418,46.714233148546995
3630.3319283096293,2,0,Bangalore,Standard,0,7260.663856619259,13159399.626230512,70.0526594221864
1167.700298758113,2,0,Hyderabad,Luxury,0,2335.400597516226,7738875.905237382,36.677458134197956
3592.4028335548683,2,1,Chennai,Standard,1,9340.247367242657,16859530.99637682,87.77747519997347
1409.0783203041522,1,1,Chennai,Luxury,0,2254.5253124866435,7560634.30495888,42.2122408483492
3348.162122928423,2,0,Coimbatore,Luxury,0,6696.324245856846,23650751.192750636,78.99061177531831
931.4181529292973,2,0,Chennai,Economy,1,1862.8363058585946,2423445.0113678747,24.867322017414544
2285.4526366468053,2,0,Chennai,Standard,2,4570.905273293611,8016989.523898028,45.4142947304959
885.9764929437929,3,0,Coimbatore,Economy,1,2657.9294788313787,4181606.4399004197,30.91735521357067
3673.4566917920615,1,1,Bangalore,Luxury,1,5877.530706867298,20459437.32433643,64.34182107177402
870.6747049637752,3,0,Chennai,Standard,1,2612.0241148913256,4685283.660456434,35.086268926709
3140.0018859116003,2,1,Hyderabad,Standard,0,8164.004903370161,15136814.369838817,67.46994764259007
1146.0960466347415,3,0,Madurai,Premium,2,3438.2881399042244,8605004.926552666,42.6004573824439
3524.4983932527166,1,1,Hyderabad,Economy,2,5639.197429204347,8101197.985098865,51.35711115105384
3324.8731025540296,1,0,Madurai,Standard,0,3324.8731025540296,6352649.249723535,37.89442971785104
3053.8730110629776,2,0,Hyderabad,Premium,1,6107.746022125955,14581974.06765257,59.66759345165151
1096.6873945928637,2,0,Bangalore,Economy,0,2193.3747891857274,3498553.3187075197,26.290098411747714
983.3929920335578,2,0,Bangalore,Economy,1,1966.7859840671156,3117512.649119204,22.717721469269204
1188.527697615911,2,0,Madurai,Premium,2,2377.055395231822,6043839.898643956,35.09454594743759
2491.701132765682,3,0,Coimbatore,Standard,0,7475.103398297046,13966054.576859158,60.64903855316255
2195.9872843429034,2,1,Bangalore,Economy,1,5709.566939291549,8224684.614962315,56.159286170329175
3752.4644467314306,3,0,Bangalore,Standard,1,11257.393340194292,19203237.70672275,89.59986151626441
3745.714832328175,2,0,Hyderabad,Standard,1,7491.42966465635,13137633.92294689,73.09406969468237
2457.6333804035135,1,0,Chennai,Premium,1,2457.6333804035135,5238947.9820696805,36.21183465462501
1567.4238470610887,3,0,Chennai,Luxury,1,4702.271541183266,14530810.584505197,57.23215871502614
916.6753626419791,2,0,Chennai,Economy,1,1833.3507252839581,2503935.6469357335,21.475637900155583
2237.051245231603,2,0,Bangalore,Standard,1,4474.102490463206,7650459.043111532,43.463564531543156
1118.382940393487,1,1,Bangalore,Standard,0,1789.412704629579,3445619.1552354796,26.156582799079708
2818.465344552386,1,0,Bangalore,Premium,2,2818.465344552386,6453845.27320221,40.05239417527866
979.9177435231112,2,1,Madurai,Standard,1,2547.786133160089,4284080.24253127,32.458616208669525
2448.9766015820055,2,0,Coimbatore,Standard,2,4897.953203164011,9456017.056557456,52.02590778623026
3023.738815300824,3,0,Bangalore,Standard,2,9071.216445902472,17547625.304747447,76.59745210580584
3615.480793412697,1,0,Coimbatore,Economy,0,3615.480793412697,4731937.038520613,30.882821284131904
3708.2447926939594,3,0,Coimbatore,Economy,1,11124.734378081877,15516666.790761141,85.54303834120127
929.0683268430463,1,0,Madurai,Economy,0,929.0683268430463,1430489.9805132267,15.270582862711342
1451.3115964380684,1,1,Madurai,Standard,0,2322.098554300909,3897760.9279436227,29.73242829698757
919.6703693081513,1,0,Coimbatore,Standard,2,919.6703693081513,1683939.2033139996,19.724061768344093
3812.270056918085,2,0,Bangalore,Standard,0,7624.54011383617,14052164.54405958,70.75115577386248
3774.091148317292,2,0,Madurai,Economy,2,7548.182296634584,9992550.302106192,65.91474862722232
3739.269128865657,1,0,Bangalore,Luxury,0,3739.269128865657,13412129.958046386,45.37450581169748
3832.5957666056947,3,0,Bangalore,Economy,1,11497.787299817084,16517047.85022165,84.31593335450914
3175.583798687302,2,1,Coimbatore,Economy,1,8256.517876586986,11433916.030365622,64.10638141342429
2079.945658539419,3,1,Bangalore,Standard,2,7487.804370741909,12519955.430966182,75.73579257471373
1047.9455161356348,3,0,Bangalore,Economy,2,3143.8365484069045,4843666.465537641,36.17628412897505
1794.2890505966318,3,0,Chennai,Luxury,1,5382.867151789896,19970873.153976906,75.28206739897801
2262.041829559254,2,0,Coimbatore,Premium,1,4524.083659118508,12014144.559148468,58.361826440851694
2165.9466521442864,3,0,Coimbatore,Premium,2,6497.839956432859,14397026.727868823,62.45595335138921
3432.6493494950605,1,0,Chennai,Standard,0,3432.6493494950605,6561620.514589878,33.076242798202344
1213.0279901788206,3,0,Chennai,Luxury,0,3639.0839705364615,12768335.102248548,51.59325040003225
3961.9970430548333,2,0,Madurai,Standard,1,7923.994086109667,13826187.112229278,71.93243725370169
2468.963148515095,1,1,Madurai,Standard,0,3950.341037624152,6439341.156677292,37.403020467076566
1404.1408888750223,1,1,Hyderabad,Premium,2,2246.6254222000357,5480677.371943579,37.59308789346584
3658.574380121993,1,1,Coimbatore,Standard,1,5853.7190081951885,11378501.097753765,59.227244368237734
2359.7001699225843,3,0,Coimbatore,Luxury,1,7079.1005097677535,24488267.92100331,76.8701114599054
2655.45464335272,2,1,Hyderabad,Luxury,0,6904.182072717072,26133994.607980937,85.59350615347658
1064.2309057128869,3,1,Madurai,Standard,0,3831.231260566393,6660538.059508386,41.055798854018775
1770.3033083016016,3,1,Hyderabad,Economy,0,6373.091909885766,9264736.147160765,58.454334990444515
3800.4472958652864,3,0,Bangalore,Standard,2,11401.34188759586,19983783.619480047,88.73416348577538
2239.8197576603507,3,1,Bangalore,Economy,1,8063.351127577263,11831437.182686832,65.57251981329453
1341.3180602957445,2,0,Coimbatore,Luxury,0,2682.636120591489,8703057.812718151,44.50610514031155
2448.534490837084,1,0,Bangalore,Economy,1,2448.534490837084,3601983.8766254014,25.392529295725293
1910.2686412082746,1,1,Coimbatore,Economy,2,3056.429825933239,4416638.521827704,35.10186410582036
1562.526945769893,1,1,Bangalore,Premium,2,2500.043113231829,5609534.035816579,37.42842304785853
2225.657006378116,2,0,Coimbatore,Standard,2,4451.314012756232,7817845.561373901,48.785229228852536
2665.9384232956736,2,0,Coimbatore,Standard,1,5331.876846591347,9576482.177082548,53.4868206486131
1198.1500379260592,3,1,Madurai,Standard,1,4313.340136533813,8967009.533646047,48.274216024959514
1827.190546050873,3,0,Coimbatore,Economy,1,5481.571638152619,7582929.289633992,44.20342794357857
3191.3521841915417,3,0,Madurai,Luxury,1,9574.056552574624,29698724.252145596,106.73487409255478
3293.968545072383,3,0,Bangalore,Economy,2,9881.90563521715,15251491.244738849,77.51094219569619
1083.450686837261,3,0,Bangalore,Standard,0,3250.352060511783,6030107.770110539,41.827880103889655
897.1321777056137,2,0,Hyderabad,Premium,1,1794.2643554112274,4346633.103272939,27.38490219525576
2347.359522529181,1,0,Bangalore,Luxury,1,2347.359522529181,7480085.785762698,34.26828875631121
2115.6618767359587,2,0,Madurai,Premium,0,4231.323753471917,10715482.75089587,55.27104564769171
3360.440264806643,1,0,Hyderabad,Premium,0,3360.440264806643,9073799.898145832,43.96345656272856
1950.9617959138168,1,0,Chennai,Premium,0,1950.9617959138168,4683759.4919276405,28.823390543599405
1854.0136617666424,3,1,Hyderabad,Premium,2,6674.449182359913,15563760.95929354,78.99056380404558
3017.3447335193237,3,0,Chennai,Economy,0,9052.034200557971,14091941.981143178,64.52698157369746
3205.7541234781856,1,0,Madurai,Standard,2,3205.7541234781856,5904104.499895327,34.5971125587675
3086.2709884345018,3,0,Hyderabad,Economy,2,9258.812965303505,13522904.025384746,65.1368562475342
2887.923057623143,2,0,Chennai,Luxury,2,5775.846115246286,18945791.274346307,64.22253615303715
1773.1963182977158,2,1,Bangalore,Luxury,1,4610.310427574061,16604928.319065925,56.451696662954774
2398.554672654948,1,0,Bangalore,Premium,0,2398.554672654948,5406729.103932035,29.62545167914869
2192.046701888715,3,0,Bangalore,Premium,1,6576.140105666144,14468610.11427258,72.00046887465447
2363.3358926088226,2,0,Chennai,Luxury,2,4726.671785217645,18341742.07303207,55.157369611551275
3175.356021548622,1,0,Bangalore,Economy,2,3175.356021548622,4308694.340665078,33.57926877839471
1227.309546114398,1,1,Bangalore,Economy,2,1963.6952737830368,2822584.4911224227,26.370391915167556
3783.5140532278747,2,0,Hyderabad,Premium,1,7567.028106455749,17176953.688271355,83.94642740168352
878.8620948362326,2,0,Chennai,Economy,2,1757.7241896724652,2958618.441144023,21.209440214262614
3429.885832809288,2,1,Hyderabad,Premium,2,8917.703165304149,21423587.653674904,95.65141974825114
2682.770205496501,3,0,Bangalore,Standard,0,8048.310616489503,14001539.770064997,70.12374489366971
2300.879807097227,1,1,Bangalore,Luxury,1,3681.407691355563,14192415.698081233,58.00955451685813
3939.3435592142905,1,0,Madurai,Economy,0,3939.3435592142905,5810056.762871468,31.48398125056651
1897.7655440628819,3,0,Chennai,Luxury,0,5693.296632188645,18337958.751148105,80.18611437483735
3945.8070387674256,3,0,Hyderabad,Standard,1,11837.421116302277,20794190.9752028,105.32937484189173
3606.7854965193214,1,0,Madurai,Luxury,2,3606.7854965193214,12349895.54452356,50.616006718664124
2444.8747836048315,2,0,Chennai,Economy,0,4889.749567209663,6690580.141738824,43.85126065284371
1397.0883099941361,1,0,Chennai,Luxury,0,1397.0883099941361,3987559.5247051306,28.9048826557548
3422.3861932353675,1,0,Chennai,Premium,2,3422.3861932353675,7544111.159023583,43.39378865178683
2802.07972141265,3,0,Bangalore,Premium,1,8406.23916423795,19079021.11760963,77.25264329285748
2963.8263883409254,1,0,Bangalore,Standard,0,2963.8263883409254,5325126.44238598,33.17811728755718
2778.5120672439034,2,0,Bangalore,Premium,1,5557.024134487807,12749409.602645501,65.32055004857818
1715.632135866606,1,0,Hyderabad,Economy,0,1715.632135866606,2269044.908101886,19.86246136479425
3079.1046565669076,3,0,Coimbatore,Economy,1,9237.313969700723,12571134.223533602,78.92095625378316
3923.4752774386293,3,0,Chennai,Standard,2,11770.425832315888,22931913.905712597,106.55293264390197
3769.645557534019,1,1,Bangalore,Standard,2,6031.43289205443,11258575.954688199,61.186459608343135
2264.975784189461,3,1,Chennai,Economy,2,8153.912823082061,11254540.497659635,63.10336311040977
2546.139727899631,1,1,Coimbatore,Economy,0,4073.8235646394096,5567108.989562025,41.910898639868414
1874.1836820570934,3,0,Bangalore,Premium,0,5622.55104617128,12554696.454686208,62.311445101789566
3147.657089166235,1,0,Coimbatore,Luxury,0,3147.657089166235,9513371.1354511,42.51413785607256
1534.0592068940225,3,0,Madurai,Standard,1,4602.177620682068,8849255.067234298,48.65926732182334
3463.651333446105,2,0,Bangalore,Luxury,1,6927.30266689221,24552139.709700126,74.83875442936882
1221.781855669374,3,1,Hyderabad,Economy,2,4398.414680409746,7109519.5680897795,44.016140982503615
2365.5643565688783,2,0,Hyderabad,Economy,0,4731.128713137757,6251764.182856246,46.52508117702566
3849.07004534587,2,1,Chennai,Luxury,1,10007.582117899261,34322491.139172174,115.17672579777788
3107.37491487319,3,0,Bangalore,Economy,2,9322.12474461957,13368696.543100756,65.86831686999946
3433.611438230191,3,0,Hyderabad,Standard,1,10300.834314690574,17066117.00291684,88.47394256181886
3720.336086025953,2,0,Chennai,Standard,0,7440.672172051906,13499829.55170735,72.59574790177753
3730.6059142103804,2,1,Madurai,Premium,0,9699.575376946988,24966164.017460912,91.55203186328114
1120.4959920216543,1,1,Chennai,Economy,1,1792.7935872346468,2351670.110401598,24.37155194112617
2446.597729114555,3,0,Coimbatore,Premium,2,7339.793187343665,15402528.700572468,69.88568782204179
2905.438354501203,3,0,Bangalore,Luxury,1,8716.315063503609,28756903.289844383,88.22904445333147
2755.652874275988,3,0,Bangalore,Economy,1,8266.958622827964,10740902.70815393,66.15860223076895
3987.918377742844,2,0,Madurai,Standard,2,7975.836755485688,15172842.561159208,74.11800317677063
3087.8490353656866,3,0,Bangalore,Standard,0,9263.54710609706,16500921.069831364,82.4947097769135
1686.8619259947516,2,0,Madurai,Luxury,1,3373.723851989503,11349391.033638366,54.07737598157584
3525.0604800551596,1,0,Hyderabad,Premium,2,3525.0604800551596,7322728.389922102,42.7299892937013
2257.2636967934104,2,0,Coimbatore,Economy,0,4514.527393586821,6648703.304845906,38.030413410210976
3402.0544143415214,2,0,Madurai,Standard,0,6804.108828683043,13126820.746294927,57.2578781911776
3574.4371421139213,1,0,Chennai,Premium,1,3574.4371421139213,8354024.875999168,40.7790245040601
3986.0645653579177,2,0,Chennai,Standard,1,7972.129130715835,16313540.501092004,68.00584198054952
3099.8376511129472,3,1,Coimbatore,Standard,0,11159.415544006612,19898159.768502746,105.41716632144666
1873.3018031883103,2,0,Coimbatore,Premium,1,3746.6036063766205,8847803.922988951,44.55301379827433
1117.2675592883966,1,0,Bangalore,Economy,2,1117.2675592883966,1464906.6242664326,17.531314573683165
3765.0732262988195,3,1,Hyderabad,Standard,2,13554.263614675749,24744480.12544419,116.64545018965615
1713.293019082952,1,1,Bangalore,Premium,0,2741.268830532723,6381742.113026954,36.787919246365085
3096.1964244753144,1,1,Coimbatore,Premium,0,4953.914279160503,12446354.135631226,54.276114938453055
1594.519934818707,3,0,Hyderabad,Premium,1,4783.559804456121,10685586.614291903,53.43942624575822
2115.6072904300136,2,1,Bangalore,Economy,2,5500.578955118035,7253347.709718995,51.687744171152985
3441.407666395612,2,1,Bangalore,Standard,0,8947.65993262859,14601078.774182612,81.1176220838697
3676.8767444783484,2,1,Chennai,Economy,0,9559.879535643706,14206220.77054152,74.84326905091926
918.7626238793673,1,0,Hyderabad,Luxury,1,918.7626238793673,3757986.4802426295,25.86768478648095
1442.9162869936717,2,1,Madurai,Economy,0,3751.5823461835466,5627466.553660951,35.44554292507876
2520.2596417648456,1,0,Madurai,Premium,2,2520.2596417648456,5998378.510893235,35.61743083882036
845.9934456888884,2,0,Madurai,Standard,0,1691.9868913777768,3522857.262696665,27.26252931026058
3418.0658596089643,2,0,Chennai,Luxury,1,6836.131719217929,22823449.839079633,82.25313139056642
1351.636358736532,1,0,Chennai,Economy,2,1351.636358736532,2081454.1979390231,19.78407054639468
1651.9408047961929,1,1,Hyderabad,Luxury,0,2643.1052876739086,10032873.97157408,45.95876864018011
3572.6434023969327,2,0,Bangalore,Luxury,0,7145.2868047938655,28709534.869139098,74.1011118711032
1090.3068247930587,3,0,Bangalore,Premium,1,3270.920474379176,8073250.912686117,47.70426560133758
1547.8094362411634,3,0,Chennai,Standard,1,4643.428308723491,8425498.43712278,49.22857776950663
1206.7535707744767,3,0,Bangalore,Economy,2,3620.26071232343,5687923.9015078815,33.22217530452223
1413.3482202568778,3,0,Chennai,Standard,1,4240.0446607706335,7961129.271330291,48.658928656433346
1891.093003079951,2,0,Chennai,Premium,1,3782.186006159902,9924447.837007433,48.772836671745615
3736.8724879822066,2,1,Madurai,Standard,0,9715.868468753737,16300957.907731276,93.00147413356129
1776.318997822485,2,0,Chennai,Luxury,2,3552.63799564497,11868421.173543071,50.84760871898363
1940.988547766044,1,0,Hyderabad,Luxury,0,1940.988547766044,6179110.134403581,31.416407052037055
3139.233117246346,1,1,Madurai,Standard,2,5022.772987594153,9037868.714048333,52.39752543084909
3824.9825288052375,1,1,Madurai,Standard,0,6119.97204608838,11251614.32614284,55.13759876838707
3112.5874383183573,3,1,Bangalore,Luxury,0,11205.314777946085,38176845.61430125,113.39444800025372
1195.8107219640344,3,1,Chennai,Premium,1,4304.918599070525,10229594.5720142,56.1371956933656
2251.432990768559,2,0,Hyderabad,Standard,0,4502.865981537118,7694367.519964192,48.82997631325626
3568.9425894432784,3,0,Hyderabad,Luxury,2,10706.827768329835,34645018.76725397,123.71104665087339
2526.917724490088,2,0,Coimbatore,Premium,1,5053.835448980176,13698744.909531958,60.355714811973
2292.3987024145554,2,0,Madurai,Premium,0,4584.797404829111,11246703.805428628,46.47706945456319
2091.6028648636707,1,1,Coimbatore,Luxury,2,3346.564583781873,9672676.451737413,45.92495032415208
903.9064694135946,1,1,Hyderabad,Luxury,1,1446.2503510617512,5309014.354980555,28.957702889346518
3135.7552617146275,1,0,Chennai,Economy,2,3135.7552617146275,4692137.301933499,28.893589364445134
2271.9413429699225,1,0,Hyderabad,Premium,1,2271.9413429699225,5651198.669197901,34.98320562457822
2629.3724107191633,2,0,Madurai,Economy,2,5258.744821438327,6917190.455875969,42.39811854582698
850.2268979080949,2,0,Hyderabad,Standard,0,1700.4537958161898,2835994.7846131395,29.135857535650953
806.989257143196,2,0,Chennai,Standard,0,1613.978514286392,3248877.1609915737,22.291720436416007
3660.823033333779,3,0,Hyderabad,Luxury,0,10982.469100001337,43040084.132989764,113.53284232579858
3324.6243965917656,2,1,Madurai,Luxury,2,8644.02343113859,32373779.003689136,93.81199051249718
2464.6227447164338,3,0,Chennai,Economy,1,7393.868234149301,10297183.406517366,64.77717647082956
2013.7068535281426,3,0,Bangalore,Standard,1,6041.120560584428,11530858.92451886,58.78626987079963
3716.293811892508,3,0,Bangalore,Standard,2,11148.881435677524,21489549.564413313,100.8673911732171
3660.713783880015,1,0,Bangalore,Standard,2,3660.713783880015,7253393.848839711,38.28612191494831
1333.7194725877573,2,0,Coimbatore,Economy,2,2667.4389451755146,4074582.4739058414,28.087942637313436
1169.937953956839,3,0,Coimbatore,Economy,2,3509.813861870517,5257466.692336665,32.98103257062622
3524.918950073362,3,0,Bangalore,Premium,1,10574.756850220085,24560031.345676597,98.00460901430094
3678.4408483081916,3,0,Chennai,Premium,1,11035.322544924575,27853979.828706473,117.46624924130568
3280.2617610851817,2,0,Coimbatore,Premium,0,6560.523522170363,16790980.86146787,71.60302128345327
1464.0367852316128,1,0,Chennai,Standard,1,1464.0367852316128,2698877.022455414,24.83079089634132
3097.1858577661715,2,1,Chennai,Premium,1,8052.683230192046,18537549.677018,79.48900789343725
3305.3555656242315,3,0,Chennai,Standard,1,9916.066696872695,18548587.719718516,74.17379171450388
1961.170614384331,3,1,Chennai,Economy,2,7060.214211783591,10482778.007696845,58.21935570625013
1894.9964984277037,1,1,Madurai,Standard,0,3031.994397484326,5347269.099184433,37.92254718052808
1951.9757400929852,1,0,Bangalore,Economy,0,1951.9757400929852,2781924.237977397,25.16537479616622
1559.9553355590394,1,1,Coimbatore,Premium,0,2495.928536894463,5964637.11617335,34.27724790290773
1407.7911797152642,1,0,Hyderabad,Economy,2,1407.7911797152642,2175490.7109475657,21.292910461400396
3578.2498424927326,1,1,Chennai,Standard,0,5725.199747988372,11003197.613861253,47.98563950931781
1276.1878864581631,3,1,Bangalore,Luxury,0,4594.276391249387,16736397.74418015,68.93018768511257
1007.6776945229103,1,0,Madurai,Standard,2,1007.6776945229103,1904947.6102002575,17.12734192072295
3730.991880035692,1,0,Hyderabad,Economy,0,3730.991880035692,5709324.421044273,37.730514945739685
971.8306515177819,2,0,Coimbatore,Premium,0,1943.6613030355638,5134158.339216842,33.581320366792006
2426.7375602066954,2,1,Madurai,Premium,1,6309.517656537408,15499140.751168298,73.48023021888933
2828.013079009076,1,1,Hyderabad,Luxury,2,4524.820926414522,17604758.345573936,60.89902132084798
3348.114185416963,2,1,Chennai,Luxury,2,8705.096882084104,28912410.67522326,97.87906401232867
1757.5949416325134,2,0,Coimbatore,Luxury,2,3515.1898832650268,11506808.621632157,48.9666310666782
2033.7680047733418,1,1,Bangalore,Luxury,2,3254.0288076373467,10008388.427690107,49.92862822375508
1129.296282694402,1,1,Chennai,Luxury,1,1806.8740523110432,6660546.489785318,39.9173594104759
3621.2331173613143,1,1,Hyderabad,Luxury,0,5793.972987778103,20643437.864503205,77.9785368855091
3065.4109303679834,2,0,Hyderabad,Luxury,2,6130.821860735967,18770002.394769017,82.02436859793761
2791.602980714157,1,0,Coimbatore,Standard,1,2791.602980714157,5533920.344378328,30.00075898556334
3701.2905502463964,3,0,Madurai,Premium,2,11103.87165073919,24204762.56634992,100.04147058158375
2995.491692619158,1,1,Hyderabad,Luxury,1,4792.786708190653,18143998.417980127,58.92249500824831
3829.1154328906837,3,0,Bangalore,Premium,1,11487.346298672051,30015281.612817306,113.12273336832868
3212.0582465441676,1,0,Coimbatore,Economy,2,3212.0582465441676,4702162.698936659,30.11604529622807
3905.4033564291117,2,0,Hyderabad,Premium,0,7810.806712858223,17313690.25446486,81.79525972046969
1562.2701935219716,1,1,Madurai,Luxury,2,2499.6323096351543,7310966.866697035,45.078859042261776
1443.7607433244143,1,1,Hyderabad,Economy,2,2310.0171893190627,3678772.9748851554,30.88366594981218
3534.4493949143985,2,1,Chennai,Luxury,1,9189.568426777436,34947447.67123279,97.4926623838844
3505.0559222039255,2,0,Chennai,Premium,1,7010.111844407851,15652491.681583308,76.69834641440931
1398.103348640378,1,1,Madurai,Luxury,2,2236.965357824605,6773701.304991309,43.34318967406165
1544.332358876019,3,1,Madurai,Standard,2,5559.596491953668,11480059.49965462,57.46113618584733
996.3003983483777,2,0,Bangalore,Standard,0,1992.6007966967554,3648488.233127492,28.09585244125136
3933.642532494452,1,0,Hyderabad,Standard,1,3933.642532494452,7791900.377323103,37.43389121574917
2347.8842636502823,1,0,Bangalore,Economy,1,2347.8842636502823,3274211.4272866705,22.408537334668182
1706.3010681909357,2,0,Madurai,Economy,1,3412.6021363818713,4818823.726796785,32.713384776999334
3030.4416445896413,1,0,Chennai,Standard,2,3030.4416445896413,5619246.055854821,30.346624911867234
2837.8286857099292,2,1,Coimbatore,Economy,2,7378.3545828458155,12155667.398473885,64.62708399290217
1077.183234735021,2,0,Chennai,Premium,0,2154.366469470042,4614876.109747818,35.80113659498261
2252.6682657531514,3,0,Chennai,Standard,2,6758.004797259455,11488035.276427392,58.79436365475216
3746.420643375148,1,0,Madurai,Economy,2,3746.420643375148,5476382.561202964,34.30421995749569
1173.5932888601458,3,1,Coimbatore,Luxury,2,4224.935839896525,12830710.131258255,64.46537480886093
982.7032336316286,1,0,Chennai,Luxury,0,982.7032336316286,3313634.3470729077,26.079070895186717
1162.3399144292011,1,0,Hyderabad,Standard,0,1162.3399144292011,2172248.086308768,21.762491743037362
3017.210968629287,2,1,Hyderabad,Luxury,2,7844.748518436146,28842146.639368854,95.47900900858134
1881.596099291168,3,0,Chennai,Standard,1,5644.788297873504,11260896.574876046,54.90027742430205
3663.192226660163,3,0,Madurai,Luxury,1,10989.57667998049,36701705.2840061,116.94062925526622
1433.6096969841713,2,0,Bangalore,Luxury,1,2867.2193939683425,9671676.525845772,39.45009349617887
3134.1294359249296,1,0,Chennai,Premium,1,3134.1294359249296,7769679.6450917255,36.937053700080696
1033.1049521446391,2,0,Chennai,Standard,1,2066.2099042892783,3864407.597092528,26.707823605010972
1002.4109084757747,3,0,Madurai,Luxury,1,3007.232725427324,10726986.395905329,49.85528748110124
1546.2001741491722,3,0,Madurai,Economy,0,4638.600522447517,5960128.465719754,41.721760183868774
2539.1501714656465,2,1,Coimbatore,Premium,1,6601.7904458106805,17302788.364211157,76.14313579384505
2917.952999088018,1,1,Bangalore,Economy,1,4668.7247985408285,5740778.334802922,39.719095004673214
2100.5001177631852,2,1,Chennai,Luxury,0,5461.300306184282,17139606.6815536,68.37656217667485
2394.2359025973933,2,0,Bangalore,Premium,2,4788.471805194787,10960386.96321093,53.310442402006025
1538.350688662572,1,0,Hyderabad,Economy,2,1538.350688662572,2361115.6994781625,21.011899371092774
1086.8871399541729,2,0,Madurai,Economy,1,2173.7742799083458,3336108.9406521935,24.51182134142657
3787.056336799527,1,0,Chennai,Economy,1,3787.056336799527,5891294.066808548,31.367236418513453
3245.6051138220655,1,0,Chennai,Premium,0,3245.6051138220655,8719313.242178727,39.01069515154609
3192.310809918216,3,0,Chennai,Standard,1,9576.932429754648,17956216.115488585,75.3391103849812
3881.2532293697204,3,1,Bangalore,Premium,0,13972.511625730993,31880869.018218778,121.2261555921909
1325.0034824490726,3,1,Madurai,Standard,1,4770.012536816662,8970949.538661381,49.07668760358923
1719.1723135194907,1,1,Coimbatore,Luxury,2,2750.675701631185,9299116.55609531,43.91794344834052
3965.695824340432,2,0,Chennai,Premium,0,7931.391648680864,19014855.572600536,83.23758358653326
3599.190635164719,1,1,Chennai,Standard,2,5758.70501626355,10952130.067612436,53.37106153254556
1814.1216442193418,3,0,Madurai,Premium,0,5442.364932658025,12694224.072905978,55.773914416430216
1502.046045427988,3,0,Chennai,Premium,0,4506.138136283964,10657031.839622216,51.84137598924785
3276.784279340829,2,0,Hyderabad,Luxury,0,6553.568558681658,21765711.132270314,77.53758596921301
3794.397636878561,3,1,Coimbatore,Standard,1,13659.83149276282,28739509.22747542,104.98241507579688
3395.534612177018,2,0,Coimbatore,Economy,0,6791.069224354036,9817988.035557663,53.18136987512083
1834.2215995436077,2,1,Bangalore,Premium,2,4768.97615881338,10964490.38003838,54.55278567336152
2673.933337086423,2,0,Bangalore,Standard,1,5347.866674172846,9715619.180116154,55.0825710631968
1791.5700781071512,1,0,Coimbatore,Standard,2,1791.5700781071512,3720120.4891268364,26.226187321188316
862.0839859782894,3,0,Chennai,Luxury,2,2586.251957934868,8915359.357523382,48.71324888228779
3864.8533061639123,2,0,Coimbatore,Premium,2,7729.706612327825,17811537.659820847,78.71601068853982
3865.53393039645,3,0,Madurai,Luxury,1,11596.60179118935,37604204.35062995,123.67791038560391
1378.037433412209,2,1,Coimbatore,Economy,0,3582.8973268717436,4430264.750994064,38.04536780613386
3534.256266193291,3,1,Coimbatore,Economy,0,12723.322558295848,17131078.363962345,94.85514275483364
3682.432519842344,2,1,Bangalore,Economy,1,9574.324551590094,12178042.830140384,80.04853942258336
2494.049988312107,1,0,Hyderabad,Luxury,2,2494.049988312107,9683469.860774292,36.80816626055626
1677.0662260511863,2,1,Madurai,Luxury,0,4360.3721877330845,14018256.928417528,63.609876806227554
2014.7179406346634,3,0,Coimbatore,Luxury,2,6044.15382190399,19556818.609218,77.12634538824382
926.5840210003621,1,0,Chennai,Economy,1,926.5840210003621,1230565.8617123999,16.47039067076795
1212.0141995777776,3,0,Madurai,Standard,0,3636.042598733333,6802413.771785719,39.29110117097002
2697.5446430957827,2,0,Coimbatore,Premium,0,5395.089286191565,13320674.672632996,55.00110583069402
3623.984336218037,2,0,Hyderabad,Luxury,2,7247.968672436074,26305980.321103435,85.9023077934896
2123.6626071286364,1,1,Hyderabad,Economy,2,3397.860171405818,5009324.3551559895,38.40328309596306
3586.1486982858264,2,0,Chennai,Economy,1,7172.297396571653,9740329.63161332,51.12230678001422
2646.6049447222485,2,0,Coimbatore,Premium,0,5293.209889444497,14162717.613654137,61.94190858787338
924.2014329977668,2,0,Chennai,Luxury,0,1848.4028659955336,7379913.65101865,33.3914499074389
2174.233270651848,1,1,Madurai,Luxury,0,3478.773233042957,10921895.502666444,45.719360549160065
3771.2248062200915,2,0,Bangalore,Premium,1,7542.449612440183,18157751.554691684,67.24996908466304
1397.6720903396138,1,0,Hyderabad,Economy,0,1397.6720903396138,2041183.0744293216,17.753201039722196
2962.8563930566743,1,0,Bangalore,Economy,2,2962.8563930566743,4501140.618604862,25.869867321058276
916.5614185655045,1,0,Hyderabad,Luxury,0,916.5614185655045,3378143.630536697,26.83722624394386
3336.5199256051746,3,0,Hyderabad,Luxury,1,10009.559776815524,34043868.419141375,97.04784150168237
3388.1375142166207,2,0,Coimbatore,Premium,1,6776.2750284332415,15708123.087446848,70.39397885635057
2923.5991064553587,1,0,Chennai,Standard,1,2923.5991064553587,5706900.794273636,34.084872533712065
865.0914620229685,1,0,Hyderabad,Luxury,0,865.0914620229685,3208803.042418958,23.58133319039053
2369.43710955504,2,1,Bangalore,Standard,1,6160.536484843104,12733809.578358173,65.95778081906063
2464.737565129888,2,0,Hyderabad,Luxury,1,4929.475130259776,16796957.418660905,62.776331581196864
842.910252390794,3,0,Madurai,Standard,0,2528.730757172382,4476775.984185056,34.80837740505968
2581.4696209691324,1,0,Coimbatore,Premium,0,2581.4696209691324,6416226.572617663,30.386310729770493
2892.7815085447946,3,0,Bangalore,Economy,2,8678.344525634384,12103591.969298577,71.27717113082853
1206.7283640663693,2,0,Madurai,Standard,2,2413.4567281327386,4474111.755657884,27.14968755903674
1444.4771289404396,3,0,Coimbatore,Premium,2,4333.4313868213185,10795142.175110126,53.27552149720222
3902.2127012232218,2,0,Hyderabad,Standard,2,7804.4254024464435,13743539.618975947,74.41663097745008
3373.998125240642,1,0,Madurai,Luxury,2,3373.998125240642,12586519.095471226,46.34390604869567
3614.2806192380554,2,0,Chennai,Luxury,1,7228.561238476111,23197237.681913108,91.86548171555987
1704.535553731709,2,0,Bangalore,Premium,0,3409.071107463418,8291771.550558081,45.78673506705522
3277.6036726421476,3,0,Coimbatore,Standard,0,9832.811017926442,19413354.789347503,77.86304855053332
2217.7279252325147,1,0,Hyderabad,Economy,2,2217.7279252325147,3187735.352226999,25.21718735160669
2427.287781675432,2,0,Coimbatore,Economy,0,4854.575563350864,7003442.929556564,46.57348517360466
2398.612682802985,3,1,Hyderabad,Economy,2,8635.005658090748,12058728.867473431,66.18403065818454
2345.6451611006414,3,0,Hyderabad,Standard,2,7036.935483301924,12850767.56477707,66.88588475624643
2259.518485320293,2,0,Coimbatore,Luxury,0,4519.036970640586,17638317.97900794,54.899732178761354
3751.1146180955525,3,0,Chennai,Economy,1,11253.343854286657,16791889.364873845,83.68963961709589
2415.7849730860803,1,1,Hyderabad,Premium,0,3865.255956937728,8900557.626292778,45.3023516630039
3149.791964745944,3,0,Bangalore,Standard,1,9449.375894237832,18195344.06120899,80.78695828887034
2203.55659500686,3,0,Bangalore,Premium,1,6610.66978502058,14685882.90743068,70.96623899433794
1271.8525357636317,3,0,Chennai,Economy,2,3815.5576072908952,6325865.639933829,35.84557691542593
1221.0089812459348,1,1,Coimbatore,Luxury,0,1953.6143699934955,7186793.906621763,41.41720630483562
2154.7456875225153,1,0,Coimbatore,Standard,0,2154.7456875225153,4169651.299339741,24.669862516838823
3026.8210379791517,2,0,Bangalore,Luxury,1,6053.642075958303,22564194.711615477,72.99565559176392
1710.4382711758212,2,0,Bangalore,Economy,0,3420.8765423516425,5094806.980918503,37.50944997340058
2810.953052536553,3,0,Coimbatore,Luxury,2,8432.859157609659,35301154.33346825,102.93689512708355
1842.4945399859785,1,0,Madurai,Standard,2,1842.4945399859785,3058464.6341195586,24.19974050828387
2351.5479670915315,3,1,Bangalore,Luxury,1,8465.572681529513,25141368.107652925,90.02011925036709
2911.583573852925,1,0,Chennai,Economy,2,2911.583573852925,4125469.1183157223,26.181536312823138
3619.213071407065,1,0,Chennai,Economy,0,3619.213071407065,5970416.037762496,35.13579451810091
1049.580372510109,1,0,Chennai,Luxury,1,1049.580372510109,4004407.112593409,25.23639758727646
1965.1873818928173,2,1,Chennai,Luxury,1,5109.487192921325,17510609.39823041,60.417542546460794
3723.9279808206697,3,1,Bangalore,Luxury,0,13406.14073095441,42913510.44880861,145.34543427383275
1770.4992834094248,3,0,Madurai,Luxury,1,5311.497850228275,18283882.9885513,65.50857042802541
3576.453167104715,1,0,Coimbatore,Economy,2,3576.453167104715,4548835.193952545,30.763243662171647
3162.082415493407,3,0,Chennai,Premium,0,9486.247246480221,20073044.818376772,104.63238869328984
3307.468463177228,3,0,Chennai,Premium,2,9922.405389531683,26182873.47129674,101.41222251688819
2365.8327919203884,1,0,Hyderabad,Economy,1,2365.8327919203884,3494273.4360396485,28.37332050737232
1853.8280879440138,1,0,Madurai,Standard,0,1853.8280879440138,3782440.8824175135,27.68246557078544
1430.739324235687,2,0,Coimbatore,Economy,2,2861.478648471374,4438649.902297618,29.569475291646313
2378.3919776831544,1,0,Hyderabad,Standard,1,2378.3919776831544,4279077.619290106,29.277811093408253
1187.0741191631755,3,0,Coimbatore,Economy,2,3561.2223574895265,5478011.670534635,36.6779726411594
3289.4224879050275,1,0,Bangalore,Standard,2,3289.4224879050275,6149379.276660411,30.741859572142246
1915.5279022171062,3,0,Madurai,Luxury,1,5746.583706651319,20774623.360618483,76.58612555010906
3400.36044508215,1,1,Hyderabad,Economy,0,5440.57671213144,7344051.59470929,48.13233253626749
2094.4624782663523,1,0,Hyderabad,Luxury,2,2094.4624782663523,7992788.798911052,35.41527858604336
2157.3921783871237,3,0,Chennai,Economy,2,6472.176535161371,9404760.23761997,51.965592218903595
1381.7870901342392,2,0,Madurai,Luxury,1,2763.5741802684784,9669856.748152293,43.776957575071975
2486.874821200847,3,0,Bangalore,Luxury,2,7460.62446360254,24399904.424227774,81.0458101654928
1473.1906608954746,1,1,Madurai,Premium,0,2357.105057432759,4902439.414240131,39.84066915769982
3281.0621756349315,1,0,Hyderabad,Economy,1,3281.0621756349315,5231827.774089418,33.23476974528868
1338.275495787333,1,0,Madurai,Standard,0,1338.275495787333,2511435.0429439503,21.43045092207123
1100.7709741331264,3,0,Chennai,Luxury,0,3302.312922399379,11618331.205813661,54.92483539675162
2755.070398183215,3,0,Chennai,Economy,1,8265.211194549644,13051186.143796453,67.41750119721517
1869.257671628359,1,0,Chennai,Luxury,1,1869.257671628359,7207671.86104362,29.734533204130713
2541.3860767257656,1,0,Bangalore,Luxury,1,2541.3860767257656,8991900.771936757,40.60200922912496
1598.7990541138668,2,0,Madurai,Luxury,2,3197.5981082277335,13064477.164110862,51.17802145049467
3018.822081967537,3,0,Bangalore,Luxury,0,9056.466245902611,28996450.97546098,94.64387467466817
2940.010414239404,2,1,Chennai,Economy,1,7644.02707702245,11814825.676043533,61.393493794523856
1846.2147208150238,2,0,Coimbatore,Luxury,0,3692.4294416300477,13615395.420867888,54.84016182551336
2362.5908570427046,3,0,Coimbatore,Economy,1,7087.772571128114,10651984.877827035,61.49726457065348
2904.9240961157957,2,0,Hyderabad,Standard,0,5809.848192231591,10784254.788022872,53.094931182865984
1671.169736019343,1,0,Hyderabad,Economy,0,1671.169736019343,2522181.627052931,20.85124930687061
2059.782035169961,1,1,Hyderabad,Standard,1,3295.6512562719377,6693677.751867493,37.51605086026476
1562.9669726511477,2,0,Hyderabad,Standard,1,3125.9339453022953,6030309.311717272,35.97790034980349
1616.743789901707,1,0,Madurai,Luxury,1,1616.743789901707,6000566.689651899,26.862110490261475
2818.7233236643574,3,1,Madurai,Luxury,2,10147.403965191686,37653195.455299065,124.489872314692
920.631649352546,3,1,Chennai,Standard,1,3314.2739376691657,6160755.998052623,42.000326162894055
2817.433970105568,1,0,Madurai,Standard,0,2817.433970105568,5493311.946111276,31.46958175462697
2025.3996233331748,2,1,Chennai,Economy,1,5266.039020666254,7884816.252518475,52.17407635859535
3992.2642974271116,1,1,Madurai,Luxury,2,6387.622875883379,21222105.893681362,73.0735405930072
1363.3269828959062,2,0,Chennai,Premium,1,2726.6539657918124,7442750.024228948,40.441770847088655
3618.8205560791575,1,0,Hyderabad,Economy,2,3618.8205560791575,5900443.146330391,33.105303290436375
925.0517952062567,1,0,Chennai,Economy,2,925.0517952062567,1381495.0327672558,17.028288970780643
1303.1541283015472,3,0,Bangalore,Luxury,0,3909.4623849046416,14097762.238843966,59.47582873869055
2363.535762809551,1,0,Hyderabad,Economy,1,2363.535762809551,3885858.17004587,23.135901518243678
1211.9910492022818,3,0,Chennai,Economy,0,3635.9731476068455,5056639.97681364,34.085602843300165
3005.2587423370805,3,0,Chennai,Economy,1,9015.776227011242,13031133.440005284,76.89329371620389
2621.7004254416784,3,1,Coimbatore,Luxury,0,9438.12153159004,34536487.36495749,112.94753089530309
922.7569753215189,3,1,Chennai,Standard,0,3321.925111157468,5961059.452891195,44.50468985343504
3474.505826734724,1,0,Madurai,Luxury,0,3474.505826734724,12200213.487671318,52.41299846198111
2440.3361696690818,2,1,Madurai,Economy,0,6344.874041139612,9207678.214222243,50.33315318531167
2654.8238662458184,3,0,Madurai,Standard,2,7964.471598737455,13627226.155859333,72.91092768725636
3100.770421930346,1,0,Chennai,Premium,2,3100.770421930346,8270840.625286779,35.006779094459795
2278.160653458352,1,0,Coimbatore,Economy,0,2278.160653458352,3752419.3825269765,25.96597499506073
1936.9268583018202,3,0,Coimbatore,Standard,2,5810.7805749054605,9420949.0379686,53.73530324983031
2198.950558592567,2,0,Madurai,Premium,2,4397.901117185134,10723077.337772708,52.80347670288836
974.9907864107697,3,0,Madurai,Standard,1,2924.972359232309,5011032.075722077,40.23619143465408
2535.636992609404,2,0,Chennai,Standard,1,5071.273985218808,8895013.140662255,53.959252555842596
1467.6861221069792,2,0,Coimbatore,Economy,1,2935.3722442139583,4791595.7116219355,30.041440876917097
2223.21887424644,1,0,Chennai,Luxury,0,2223.21887424644,7950621.578110164,39.13327592947985
2462.0725929070964,2,1,Chennai,Economy,1,6401.38874155845,9668945.597650412,56.579659726205804
1080.6964535038858,3,1,Madurai,Economy,2,3890.5072326139884,5635773.55868278,40.22085891477222
1129.4276630409158,3,0,Madurai,Standard,0,3388.2829891227475,6371877.0862716455,36.946671496152064
3198.452528501698,1,1,Hyderabad,Economy,0,5117.524045602717,8213143.7507100655,42.97066925470447
2843.0562260868596,3,1,Hyderabad,Standard,1,10235.002413912694,19342181.947072733,87.05817919625491
1643.5374073820205,1,0,Hyderabad,Premium,0,1643.5374073820205,3805950.2977454057,24.84629422000731
1547.4573895115493,2,0,Madurai,Economy,1,3094.9147790230986,4116813.8702096734,28.88625553257829
3102.27189654391,2,0,Hyderabad,Premium,1,6204.54379308782,13578823.627277689,58.94709374915908
2180.8259835124554,3,0,Coimbatore,Standard,0,6542.477950537366,11764930.446514362,63.059883040458395
3850.358972099945,2,0,Bangalore,Standard,0,7700.71794419989,15842499.846760435,61.813453119720215
2197.952116982805,1,0,Coimbatore,Standard,2,2197.952116982805,4047472.72189152,25.04241415606475
2258.114628969894,1,1,Chennai,Standard,1,3612.98340635183,6379464.249496593,42.31113070951545
1221.5801588222853,3,1,Hyderabad,Standard,1,4397.688571760227,7186908.907496499,47.14886616970578
3033.5695087929357,3,1,Hyderabad,Premium,0,10920.850231654567,26042696.375910394,101.1251145198833
1236.3875360942668,3,0,Bangalore,Economy,0,3709.1626082828006,5467721.429174023,34.7646515295112
1906.6514249907004,3,0,Bangalore,Luxury,2,5719.954274972101,21004378.83710062,74.08264789566775
3588.046992864503,1,0,Coimbatore,Standard,0,3588.046992864503,5818870.389140491,36.43424693631579
2558.791363539312,3,0,Hyderabad,Luxury,2,7676.3740906179355,25480861.33210222,87.33196539155753
1281.5855938322738,1,0,Hyderabad,Luxury,0,1281.5855938322738,4660746.32771396,28.750554413258424
2369.454107263311,3,0,Hyderabad,Standard,0,7108.362321789933,12207948.383935327,69.77764126777987
941.2657986798574,3,0,Chennai,Premium,2,2823.797396039572,6568413.2909394,42.74425502068079
3143.8126692174374,3,0,Chennai,Economy,0,9431.438007652312,13541780.033154065,65.90871658616018
2115.0739457148907,1,0,Coimbatore,Premium,2,2115.0739457148907,5065189.196190179,27.807924667471124
2811.3408988123556,1,0,Coimbatore,Economy,2,2811.3408988123556,4076790.6158813685,26.717015848303415
1190.0454786571486,3,0,Madurai,Standard,2,3570.1364359714457,6470618.819639787,42.1989746466432
3684.0294649490024,1,0,Coimbatore,Economy,1,3684.0294649490024,6090133.758477048,35.071756458734214
1906.3368070175934,3,0,Hyderabad,Standard,2,5719.010421052781,11804798.824729048,62.24224553935005
1581.004835095204,2,1,Madurai,Luxury,2,4110.6125712475305,14425692.233257916,52.3997249684701
1679.6661064226807,2,0,Hyderabad,Standard,0,3359.3322128453615,6811387.195967712,34.226716391219256
3698.7180479977783,3,1,Chennai,Economy,0,13315.384972792002,20901227.46575666,104.489347491245
1441.0874275086155,1,1,Hyderabad,Luxury,1,2305.739884013785,7973806.677977847,38.47303980216348
2911.243649449868,3,0,Madurai,Luxury,2,8733.730948349603,27619665.457234003,93.43255378862354
1470.4615178001027,3,1,Coimbatore,Economy,1,5293.66146408037,7227080.153682016,56.08201495445079
1126.2481586568879,3,0,Coimbatore,Economy,1,3378.7444759706636,4813887.027165856,38.48130701087152
2234.146710468219,1,0,Coimbatore,Standard,2,2234.146710468219,4144996.6234544097,26.03371074290225
3113.4189580462307,2,0,Hyderabad,Luxury,1,6226.8379160924615,20548808.24577688,72.27565929215504
3443.8956024807044,1,1,Hyderabad,Luxury,1,5510.232963969127,19271200.138923947,75.23208185553393
3523.212053751197,3,0,Bangalore,Premium,2,10569.636161253591,27640342.246029958,90.5091453927889
3056.202509457213,1,0,Hyderabad,Economy,2,3056.202509457213,4172293.5286476556,31.365355699936703
3717.2438071529714,3,1,Chennai,Premium,1,13382.077705750697,31191759.30691443,122.19878422861414
3552.235260767337,2,0,Madurai,Economy,0,7104.470521534674,8965859.528482161,61.02946207914365
1469.8298113504545,3,0,Bangalore,Economy,1,4409.489434051364,5705881.158786989,39.656751084964995
2576.5111353284956,3,0,Bangalore,Economy,0,7729.533405985487,10312871.68040801,57.94804015079406
1137.6436684838434,3,1,Bangalore,Luxury,1,4095.517206541836,15712054.252990123,62.99146499028365
3923.4506639120605,3,0,Hyderabad,Luxury,1,11770.351991736181,37292775.79511181,128.48220011023383
3411.929125960961,2,1,Chennai,Luxury,2,8871.015727498498,34142621.48918455,93.99697175420681
2383.4510611885444,2,0,Bangalore,Standard,1,4766.902122377089,9025715.392461251,48.79348960273378
2106.360061908156,3,1,Chennai,Luxury,2,7582.896222869362,24136850.975769617,87.9316420140741
2812.496463755568,3,1,Coimbatore,Economy,2,10124.987269520047,12573934.57215576,88.23540271846599
3575.5348451691452,3,0,Coimbatore,Standard,1,10726.604535507435,21035613.356785443,93.66840049144056
1003.3143117565395,1,1,Hyderabad,Standard,1,1605.3028988104631,2894939.1944361287,23.36446732647995
2563.652275823148,1,0,Hyderabad,Luxury,2,2563.652275823148,8260613.58407675,39.087317317860496
3436.1655997457215,3,1,Hyderabad,Luxury,2,12370.196159084597,45284367.0985002,131.98403852136082
3306.5282958043726,1,0,Chennai,Premium,0,3306.5282958043726,7949713.764710007,38.78976335360532
967.259736197109,3,0,Madurai,Premium,0,2901.779208591327,7842658.3152431855,41.5248634962631
1755.0421156728337,1,0,Chennai,Premium,2,1755.0421156728337,3707001.7691574283,24.57604406684877
1289.4181967213638,3,0,Bangalore,Luxury,0,3868.2545901640915,13146987.637850437,53.43962682654259
1856.984600182011,3,1,Chennai,Standard,0,6685.144560655239,11230905.33189073,62.78475210242936
3224.75182240734,1,0,Hyderabad,Luxury,1,3224.75182240734,10184128.869109387,40.40064858460898
2099.9971071260957,2,0,Chennai,Premium,0,4199.994214252191,9475421.99472098,45.57113430847206
3234.42978683824,1,1,Coimbatore,Economy,1,5175.087658941184,7431182.175738245,43.382287091980196
3146.8859178716984,2,1,Bangalore,Premium,0,8181.903386466416,21282640.369221475,85.39044622937308
1950.538062464011,3,1,Hyderabad,Standard,2,7021.93702487044,12637685.43067511,64.56659582743242
1155.3117536763505,1,1,Madurai,Standard,1,1848.4988058821607,3308494.631796907,29.217800747524812
878.1660254100264,1,0,Madurai,Premium,0,878.1660254100264,2102516.407588313,20.485139863219445
3330.7189684261734,2,0,Coimbatore,Luxury,0,6661.437936852347,25352742.171980675,71.76875679264667
1216.0840180804244,1,0,Hyderabad,Standard,2,1216.0840180804244,2227398.214117684,21.39971348926966
1968.3005447417788,1,0,Bangalore,Standard,2,1968.3005447417788,3423385.802911415,25.8797796902823
3175.043229187624,3,0,Chennai,Economy,0,9525.129687562872,12212401.472751131,81.8544507470722
3595.3778439266844,3,1,Hyderabad,Premium,0,12943.360238136063,29518825.06850034,111.22966255941118
2433.256708315861,2,0,Coimbatore,Luxury,0,4866.513416631722,17826029.00564394,66.86982451258686
3859.625140295581,2,0,Chennai,Economy,2,7719.250280591162,11163572.47818823,56.562749190577314
1199.0318307955301,1,0,Hyderabad,Premium,2,1199.0318307955301,3157179.7143889903,26.360545386650312
2847.8604323666254,2,0,Bangalore,Luxury,2,5695.720864733251,18285822.00417997,63.709694797718385
989.514577269144,3,0,Chennai,Standard,0,2968.543731807432,5303672.609330748,33.33812545597021
3689.912022557791,3,0,Madurai,Standard,0,11069.736067673373,20947143.659645803,91.20036852031332
3811.0905210969404,3,0,Madurai,Economy,1,11433.271563290822,17796861.564021826,78.43045441261538
2296.8263390642546,1,1,Coimbatore,Luxury,2,3674.922142502807,11298095.46382027,58.56779492593441
3469.2437136754725,2,0,Coimbatore,Luxury,1,6938.487427350945,24323419.896316394,79.71366416708379
2488.983563388256,1,1,Chennai,Luxury,1,3982.3737014212093,14794140.545907717,57.400613607956934
3897.159523722282,1,0,Hyderabad,Economy,0,3897.159523722282,5508255.410071503,37.118796903710184
2658.358847351526,2,0,Hyderabad,Premium,2,5316.717694703052,11891941.49087545,55.78083916408168
2678.824965069443,3,1,Coimbatore,Standard,0,9643.769874249994,17225076.201350544,87.58163921436864
1086.8216745747773,3,1,Hyderabad,Economy,2,3912.5580284691982,5666011.6558127105,39.31201350629902
3383.075188561336,1,0,Bangalore,Premium,0,3383.075188561336,8721334.927882543,44.03345024412052
3522.4911690645135,1,0,Coimbatore,Standard,2,3522.4911690645135,6834894.257067356,35.0421496804784
2246.9854059523454,2,0,Coimbatore,Luxury,2,4493.970811904691,16190398.47801669,59.602653823792906
1611.6559178924017,2,0,Hyderabad,Standard,2,3223.3118357848034,5786456.958614925,39.6720454556197
897.21465585428,2,0,Chennai,Luxury,1,1794.42931170856,5613304.786786828,36.51688417007211
2941.6226962548744,3,0,Madurai,Economy,0,8824.868088764622,12538002.35837236,70.50940391772129
1636.250867010886,2,1,Chennai,Luxury,1,4254.252254228303,14906070.88314846,63.31659453759488
2212.9513244154573,1,1,Chennai,Standard,2,3540.7221190647315,6669263.540045142,41.9142003727663
2993.929812943598,1,0,Hyderabad,Economy,1,2993.929812943598,3891543.2398572504,30.28342490706216
3884.9732164207658,3,0,Bangalore,Luxury,0,11654.919649262298,46754550.22618955,130.24783700118005
2472.2330248377903,2,0,Madurai,Standard,0,4944.4660496755805,9223740.615482247,53.210772499344095
3105.8765419860397,1,0,Madurai,Economy,1,3105.8765419860397,4664555.724293386,32.37317845344617
3675.5729310191064,1,1,Hyderabad,Economy,1,5880.9166896305705,9462121.213010808,45.98207479259398
1811.535641410866,3,0,Bangalore,Standard,0,5434.6069242325975,10722124.985218618,48.526882163523155
1952.5188902841328,1,1,Hyderabad,Standard,2,3124.0302244546124,6113609.427372843,35.10421228741669
1607.0476869098588,1,0,Hyderabad,Luxury,2,1607.0476869098588,6145654.2288327515,29.70778480637366
1301.6414323177428,2,0,Bangalore,Luxury,0,2603.2828646354856,9069864.679389454,43.02319179942746
3899.6437289608816,3,0,Chennai,Premium,0,11698.931186882644,27897466.880011495,102.0560412081638
1713.156435193135,1,0,Coimbatore,Economy,0,1713.156435193135,2391530.7282813205,22.105655315028848
1873.0528238685934,3,0,Coimbatore,Economy,2,5619.1584716057805,8769984.593810352,44.09607760822961
1334.5781423001142,2,0,Bangalore,Premium,2,2669.1562846002284,6337546.862559475,36.7407534124641
3889.314237979557,1,1,Hyderabad,Premium,2,6222.902780767292,13916405.541508825,63.57174866993772
1446.6661280253556,1,0,Coimbatore,Premium,1,1446.6661280253556,3588577.0566679505,24.06977201630322
1852.1657746510516,1,0,Coimbatore,Standard,1,1852.1657746510516,3740856.6056850115,23.261417785129225
2283.3530856285497,3,0,Bangalore,Economy,0,6850.059256885649,10163525.824985499,61.707446677607265
830.5246528817438,3,0,Madurai,Premium,2,2491.5739586452314,6029100.462647246,38.632009298645585
2897.2262382830504,2,0,Bangalore,Premium,1,5794.452476566101,13119226.467320204,60.645487926896706
2999.88737295913,1,0,Bangalore,Luxury,0,2999.88737295913,10759756.90844787,47.76778203695452
1139.4945598334466,2,0,Coimbatore,Standard,2,2278.989119666893,4296983.190450045,27.019998939924278
3502.4689002036953,1,1,Bangalore,Luxury,1,5603.950240325912,20898797.216314927,65.67857789483213
2177.579466980832,2,0,Madurai,Economy,1,4355.158933961664,6039661.198458997,42.69097816508568
3361.165403057105,2,0,Hyderabad,Premium,1,6722.33080611421,17411224.12642679,65.53173920859027
1648.111738049752,1,0,Madurai,Luxury,2,1648.111738049752,5848910.909553118,31.760155220877937
3257.4936249913767,2,0,Bangalore,Standard,0,6514.987249982753,12006188.198365431,54.61235005172874
1298.4051931696954,1,0,Hyderabad,Standard,2,1298.4051931696954,2220621.1338269655,21.452168397913052
2588.290787054933,2,0,Bangalore,Standard,2,5176.581574109866,9822395.0317045,49.69480207578695
1485.364008766678,3,0,Bangalore,Premium,0,4456.0920263000335,10522746.414851908,47.42847724424356
3386.1025568774808,3,1,Chennai,Standard,1,12189.96920475893,22358275.435974464,92.41909575436488
1513.4400273848114,2,0,Bangalore,Luxury,0,3026.880054769623,9300709.423688184,45.754145276004415
2738.4303659487105,3,0,Coimbatore,Luxury,2,8215.291097846131,27908680.306537613,97.23178496370677
3310.105973178252,1,0,Madurai,Economy,2,3310.105973178252,5268457.848927911,29.239806359625657
2840.649123334172,2,0,Madurai,Premium,1,5681.298246668344,14123641.992366502,54.16254405253038
1627.2018166387006,1,1,Madurai,Standard,2,2603.522906621921,5258779.476816217,35.85290214041955
2794.849238486552,1,0,Bangalore,Luxury,2,2794.849238486552,9135889.649888469,38.349307503412724
2253.3359045368443,1,1,Coimbatore,Standard,0,3605.3374472589508,6204209.318903115,37.93822888600401
1313.02550837419,2,0,Bangalore,Economy,2,2626.05101674838,3486573.4808439678,30.913061953749033
2338.315060700714,1,0,Bangalore,Luxury,0,2338.315060700714,7724186.4186653765,39.73970952636775
1956.0524428991666,3,0,Chennai,Standard,2,5868.1573286975,10216246.0537998,56.818200456322586
3675.6445705635306,2,0,Madurai,Economy,0,7351.289141127061,9717412.899890762,53.44920407646103
1615.1056014641565,3,0,Coimbatore,Luxury,2,4845.31680439247,17604451.24830447,58.2569635124334
1691.4174502581102,2,0,Bangalore,Standard,1,3382.8349005162204,5871254.522405777,37.0299202040854
851.5462993578783,2,1,Madurai,Premium,1,2214.0203783304837,5551420.999905567,34.156051744726724
3093.2221974465006,2,0,Bangalore,Economy,1,6186.444394893001,9209347.28032959,47.95693959364429
2338.5157381751274,2,0,Coimbatore,Standard,1,4677.031476350255,8530533.33814819,42.050477112908574
1449.825897344199,3,1,Coimbatore,Economy,0,5219.373230439116,7977495.841137894,47.89869360648345
2646.5706934833415,3,0,Bangalore,Luxury,2,7939.712080450025,26989733.278308976,99.51128255344177
2666.9504485856055,3,0,Hyderabad,Standard,1,8000.851345756817,15782965.821635153,67.75783095825238
1735.8137746864504,2,1,Chennai,Luxury,0,4513.115814184771,16853274.79098657,68.5025710975097
860.9389096777338,2,0,Bangalore,Standard,1,1721.8778193554676,2981726.4380391296,28.79220454016669
2304.947912613039,3,0,Coimbatore,Standard,1,6914.843737839117,13685863.902092408,65.32744742655716
1135.2401166446082,2,0,Bangalore,Standard,1,2270.4802332892164,4028947.0051355297,31.2870271798052
2137.597494145125,3,0,Madurai,Premium,1,6412.792482435375,16299893.25526503,72.15089869236051
813.9506558610574,3,0,Hyderabad,Premium,2,2441.851967583172,5690978.028581397,35.39752959441423
2672.3893149667992,2,1,Chennai,Standard,2,6948.212218913678,13808624.32977461,68.46423531116008
3033.9741570672754,3,0,Coimbatore,Standard,1,9101.922471201826,16617756.913255764,74.72789210493535
2715.405920506592,3,0,Chennai,Premium,0,8146.217761519776,21411716.562779088,91.21550033974579
3297.6697688224695,2,0,Hyderabad,Standard,1,6595.339537644939,11986129.579696907,54.313211319914835
2169.994777018799,3,1,Bangalore,Luxury,1,7811.981197267677,27254279.275536556,102.31834785706431
2220.107453703474,3,0,Chennai,Premium,2,6660.322361110422,17358930.72823371,65.25131862209709
2701.8615485651067,3,0,Chennai,Premium,1,8105.58464569532,21526148.569727253,77.06783064626721
1348.2385422539999,3,0,Bangalore,Standard,0,4044.7156267619994,7585590.585335431,46.7863931498933
3886.0269401089204,1,1,Madurai,Premium,2,6217.643104174273,16941187.045948077,62.41517879676738
2646.269280387133,2,1,Bangalore,Premium,1,6880.300129006546,15956664.337467965,76.72558625266439
3524.7502378047807,2,0,Coimbatore,Premium,2,7049.500475609561,18088287.278567556,79.86306184404098
3280.5149712925986,1,0,Hyderabad,Premium,0,3280.5149712925986,8437580.12492086,38.891972963414126
1649.0019423866925,1,0,Coimbatore,Luxury,1,1649.0019423866925,5987472.97881582,28.863146178394786
3231.108251778961,2,0,Coimbatore,Luxury,2,6462.216503557922,22975467.660207797,81.96010792533377
2680.622302500199,1,0,Madurai,Luxury,2,2680.622302500199,9246702.480694693,44.18860785598705
3330.4738039425088,1,0,Madurai,Standard,2,3330.4738039425088,6046979.432766701,38.06937898561599
2589.394815935515,1,0,Chennai,Premium,0,2589.394815935515,6281945.105683284,33.37404293885692
1068.4734740125098,1,1,Hyderabad,Standard,2,1709.5575584200155,3260737.1376780276,25.68789645841614
2988.458735288566,3,1,Coimbatore,Luxury,2,10758.451447038837,37308281.0854052,122.78432584039163
1166.5051786443144,3,0,Bangalore,Luxury,1,3499.515535932943,11435469.135251088,46.2940931748719
2465.825741757355,2,0,Chennai,Standard,0,4931.65148351471,9864082.967614556,43.810298418405715
2175.158428575291,2,0,Coimbatore,Economy,2,4350.316857150582,6307851.989804996,39.01496074526466
3973.4382752594,2,0,Hyderabad,Standard,1,7946.8765505188,14389976.269045722,76.19875967874292
3549.2171512039467,2,1,Hyderabad,Premium,2,9227.964593130262,25035148.013069566,90.13372787640498
2414.0182537560536,3,1,Madurai,Luxury,2,8690.465713521793,30495259.662746698,96.67262601522984
2446.4861970631696,3,0,Bangalore,Luxury,2,7339.458591189508,23511964.76977658,90.85513054189178
3186.7655627690656,1,0,Chennai,Premium,1,3186.7655627690656,8302548.29271197,42.571342598438335
3367.871409079585,3,0,Coimbatore,Standard,0,10103.614227238755,19107502.884897854,85.71685968253894
3590.7394039890596,1,0,Coimbatore,Standard,1,3590.7394039890596,6810741.200489589,38.77886375009048
1233.3403194170496,2,1,Madurai,Economy,1,3206.684830484329,4497222.502046921,39.23150544568171
2488.8710690204066,3,0,Chennai,Premium,1,7466.61320706122,18237392.65186435,78.49228396799958
1601.861045101417,1,0,Chennai,Premium,0,1601.861045101417,4496203.914340804,28.1620499781877
2671.9767475386298,2,1,Coimbatore,Economy,0,6947.139543600437,10377412.492864693,60.96090886966554
1607.2926706458766,1,1,Bangalore,Luxury,0,2571.6682730334023,9095436.486321874,43.18693514318077
2707.033442536366,2,0,Hyderabad,Luxury,2,5414.066885072732,17997352.591997795,72.18984231089269
3310.4179273478953,2,0,Bangalore,Luxury,0,6620.835854695791,23557043.816857465,80.41983456576452
1473.4775925862791,1,0,Madurai,Standard,0,1473.4775925862791,2685488.8818720216,21.46044091646118
1500.7044067385643,3,1,Chennai,Premium,2,5402.535864258832,12260658.208586687,61.148258336903645
2203.0075038768805,2,0,Madurai,Luxury,2,4406.015007753761,15793275.028295768,63.92211292838166
827.4214745943702,3,0,Chennai,Standard,1,2482.264423783111,4837907.625262467,35.15957207057289
3131.1070257874944,1,0,Chennai,Economy,2,3131.1070257874944,4541295.837876572,32.86467879203264
2339.13678734825,2,0,Coimbatore,Standard,2,4678.2735746965,8572419.12341125,50.57543905321915
1203.3773803542508,2,1,Madurai,Standard,1,3128.781188921052,6282849.358084529,37.62549689364368
1573.072002146667,2,1,Madurai,Luxury,2,4089.9872055813344,15024305.257526191,56.36904083039702
2244.553611535905,2,1,Madurai,Luxury,1,5835.839389993353,20350451.695711486,70.70380300944514
3432.7567553389804,3,1,Coimbatore,Premium,1,12357.92431922033,29081027.113108754,108.44242372582309
1115.3192549367702,3,0,Bangalore,Luxury,2,3345.9577648103104,10711842.44523811,49.034435424853086
1204.7368214121902,2,0,Hyderabad,Premium,1,2409.4736428243805,5295894.642471836,34.98728841853164
1404.3820250097558,1,0,Chennai,Premium,2,1404.3820250097558,3187447.790064714,26.844372351756128
1847.1077861166525,2,0,Chennai,Luxury,1,3694.215572233305,12416780.413571749,50.65162756523276
1858.5439832993384,1,0,Hyderabad,Luxury,0,1858.5439832993384,7194355.768889951,30.277529267556982
2967.893660590278,3,0,Madurai,Luxury,0,8903.680981770834,36020168.4384166,94.97403571282283
3989.3523473689347,1,0,Madurai,Luxury,1,3989.3523473689347,12831605.943921763,54.34263387762889
2755.02888224849,2,0,Bangalore,Economy,0,5510.05776449698,8107436.7574233245,47.544678219834076
3835.8557383653783,1,0,Hyderabad,Luxury,0,3835.8557383653783,12517111.157050304,54.29672503430312
2416.530276872744,1,0,Bangalore,Standard,1,2416.530276872744,4152119.272780359,27.16054265355797
1919.5574215119311,3,0,Bangalore,Luxury,0,5758.672264535793,20804902.04492688,80.38731631670265
1938.7069159839057,2,0,Bangalore,Economy,1,3877.4138319678113,5293519.017263853,41.04124370687062
3499.478225899328,2,0,Chennai,Premium,2,6998.956451798656,17661117.724516522,66.46715433952022
2824.5665114923518,1,0,Hyderabad,Luxury,0,2824.5665114923518,10934492.469864957,39.9083297110566
1603.7068843465142,3,1,Chennai,Economy,0,5773.344783647452,8099842.808454965,53.82017910480464
1530.9086770158035,3,0,Coimbatore,Economy,1,4592.72603104741,6746493.045001905,39.64465262275793
3152.0742341701457,2,0,Hyderabad,Economy,1,6304.148468340291,9021898.60190649,46.2572145236889
3368.5733206589407,2,1,Bangalore,Luxury,2,8758.290633713246,26445154.14569122,109.60982815285264
1041.7743800408625,2,0,Hyderabad,Standard,2,2083.548760081725,3990639.4347480494,25.184066489888846
1762.0980497943813,3,1,Bangalore,Premium,2,6343.552979259773,16376814.328483125,71.57888199622087
2557.260848772644,1,0,Chennai,Premium,1,2557.260848772644,6182136.528674668,34.57165664333993
1212.9177209933976,3,0,Bangalore,Premium,2,3638.7531629801924,8976733.961525332,45.28005592813199
840.3041221421656,2,0,Madurai,Luxury,0,1680.6082442843312,5744860.731190413,35.236703730584615
968.4547604069156,1,0,Madurai,Luxury,0,968.4547604069156,3640839.5846363334,22.44302178905027
3469.2013863911866,3,1,Bangalore,Premium,0,12489.124991008272,31727023.886779603,135.19873815601719
2795.6090651562113,2,0,Madurai,Standard,2,5591.2181303124225,10295180.358352285,58.95954953441048
1641.8230842673318,2,1,Coimbatore,Standard,1,4268.740019095063,7850324.887115623,42.09983726486445
1560.0515859009924,3,1,Madurai,Premium,0,5616.185709243573,13324681.408335866,60.86557330472664
3336.5679609428057,2,0,Hyderabad,Luxury,0,6673.135921885611,21417036.350313876,84.99199733285394
2922.073054079432,3,0,Bangalore,Economy,0,8766.219162238296,12506697.612855604,64.63032954540176
3089.8010474631437,1,1,Madurai,Economy,2,4943.68167594103,7082988.320338566,40.15153176559858
1339.8452569719861,2,0,Madurai,Luxury,2,2679.6905139439723,10123291.801891712,38.37886501484909
1159.1714303730835,2,0,Hyderabad,Standard,2,2318.342860746167,3759845.5964716934,29.695692131295523
2410.4444828826063,3,0,Madurai,Economy,1,7231.333448647819,11302265.624003112,60.44465700195064
1471.281324093146,3,1,Madurai,Luxury,0,5296.612766735325,17279550.180016436,80.84886789202253
2545.4614252559745,2,0,Bangalore,Economy,1,5090.922850511949,7120156.586556194,49.17022465381828
1254.1862744300754,2,0,Chennai,Economy,2,2508.372548860151,3502529.616614786,26.793673090818952
1495.8324288246408,2,0,Hyderabad,Standard,0,2991.6648576492817,5388910.532315483,38.857291948941395
1351.6494986742903,1,1,Bangalore,Standard,0,2162.6391978788643,3698135.3569057607,26.629777676986322
2733.1699999390385,2,1,Hyderabad,Economy,2,7106.2419998415,9442871.149885057,63.536290626505306
1310.0488503965476,3,0,Bangalore,Standard,2,3930.1465511896427,7182731.539292956,45.71802241256548
2839.996169389322,2,0,Chennai,Standard,1,5679.992338778644,10881580.595953103,58.11294482914699
3483.831168944161,1,0,Madurai,Standard,1,3483.831168944161,6273152.371163649,35.570843992647845
3498.438537029646,1,1,Bangalore,Economy,2,5597.501659247433,7272958.857357352,50.467742645014354
1927.79501288504,2,1,Chennai,Standard,1,5012.267033501104,9232305.250197383,50.48322388166282
1879.1037117127232,3,0,Bangalore,Standard,1,5637.311135138169,9711780.048518907,54.31903456121249
3254.9380491019265,1,0,Bangalore,Economy,1,3254.9380491019265,4421106.251005719,31.070858354000496
1897.9696525344302,3,0,Chennai,Luxury,2,5693.908957603291,20863799.135430392,71.72941593834409
1946.5262835964231,3,1,Hyderabad,Luxury,1,7007.494620947124,23043856.20940612,86.87421517411617
2093.5041404582917,3,0,Chennai,Standard,0,6280.512421374875,11705872.600945303,54.472718318241974
3748.5876128782506,1,0,Hyderabad,Luxury,0,3748.5876128782506,13834600.98867995,47.249760083435056
2705.138312032998,2,0,Coimbatore,Economy,2,5410.276624065996,8592331.33924533,43.877277420554954
3722.9214021249027,2,0,Hyderabad,Standard,0,7445.842804249805,14514206.745237913,69.87071843529021
1418.1048035871356,2,0,Bangalore,Economy,2,2836.2096071742712,4368846.129816679,31.02285118545408
1441.9723875988886,3,0,Coimbatore,Standard,1,4325.917162796666,8679487.241042033,44.541025079795205
3686.7911623852406,3,0,Bangalore,Standard,0,11060.37348715572,21025835.102889404,88.81966141817203
2720.809705387216,1,1,Madurai,Luxury,2,4353.295528619546,15379470.553649358,59.77145185019022
2448.270003749712,3,0,Bangalore,Standard,0,7344.810011249136,12844025.884766454,66.80454736003612
2678.9732100342294,2,0,Madurai,Economy,0,5357.946420068459,7949971.62486092,51.03864426716228
2279.53792299092,2,0,Chennai,Standard,0,4559.07584598184,8051568.971062695,43.495695811288165
3254.973850891717,2,0,Coimbatore,Luxury,2,6509.947701783434,23845737.201582722,81.72207268558192
1488.0152584640914,3,1,Coimbatore,Economy,1,5356.854930470729,7579909.155706343,46.63185557630701
3550.9297525327206,2,0,Bangalore,Economy,1,7101.859505065441,9943256.123531746,53.44247764576868
1343.0567652967839,3,1,Madurai,Economy,1,4835.004355068422,7528571.986970502,43.0929955659745
3891.7696794705175,1,0,Coimbatore,Luxury,2,3891.7696794705175,14533864.10468081,54.05107896828459
3188.0156619206573,2,1,Hyderabad,Economy,0,8288.840720993709,11741809.880124057,58.68167258693977
905.5262197842989,3,0,Bangalore,Luxury,1,2716.5786593528965,10141123.311392732,50.230519152845865
3492.53259528112,2,0,Hyderabad,Standard,2,6985.06519056224,11997763.501103582,58.18552693969274
3973.3537690613703,1,0,Chennai,Premium,2,3973.3537690613703,10375182.952894447,47.93952241233537
1937.2973016394737,3,0,Madurai,Luxury,2,5811.8919049184215,19074355.114385948,70.08085379188329
1362.0046898176074,3,0,Bangalore,Luxury,1,4086.0140694528222,16126641.424117457,59.23915530742338
1968.78144516919,1,0,Madurai,Economy,1,1968.78144516919,2864720.074902461,21.54513254412131
2406.821250942504,1,0,Coimbatore,Economy,1,2406.821250942504,3151882.3106919,27.209905100916906
3580.64446272258,1,0,Hyderabad,Luxury,0,3580.64446272258,13064451.274058972,43.49439530124513
2962.5972343767453,1,1,Bangalore,Economy,1,4740.155575002793,6599668.7237102175,46.43148172010395
1605.9307595062687,3,0,Madurai,Premium,2,4817.792278518806,11977707.872156193,54.84404992935866
1929.6152031098761,1,1,Hyderabad,Economy,2,3087.384324975802,4473779.323931531,34.99564953876543
2916.048980048293,3,1,Chennai,Economy,1,10497.776328173853,15640477.65322775,75.18688822445323
3325.5801259268164,1,1,Hyderabad,Premium,1,5320.928201482906,13289891.748030066,62.11561040601876
3327.919230623467,1,1,Hyderabad,Economy,1,5324.6707689975465,7330419.678722025,46.8974044010042
3154.8863547792794,2,1,Madurai,Standard,1,8202.704522426126,15015183.746083284,67.29296586108342
3516.9104425071137,1,0,Coimbatore,Standard,1,3516.9104425071137,6863637.294967221,34.87089009332015
910.4124047946432,1,0,Coimbatore,Standard,1,910.4124047946432,1758895.8296891432,17.03881274813592
1637.1993801338558,3,0,Bangalore,Premium,0,4911.598140401567,12721903.928854529,61.97329981710477
2600.5425301897876,2,1,Hyderabad,Luxury,0,6761.410578493447,27270004.98909997,76.34197939569438
1746.9643167369227,1,0,Bangalore,Premium,1,1746.9643167369227,4265679.9115631925,29.353639946299012
2975.418000703904,1,0,Coimbatore,Economy,2,2975.418000703904,4245068.16710701,32.44855100115767
1899.3011567945412,3,1,Coimbatore,Luxury,1,6837.4841644603475,20293168.360001873,94.62486652383866
1110.2467955167608,3,0,Bangalore,Standard,1,3330.7403865502824,5584783.199752933,34.6666045736685
2188.592798820396,1,1,Chennai,Economy,0,3501.748478112634,4860729.058735548,34.89889508708172
3998.4166070672527,1,1,Coimbatore,Luxury,0,6397.466571307605,19202334.734360095,67.50872707032828
1771.2323996099567,3,1,Chennai,Economy,2,6376.436638595844,10075250.181885496,52.57570546924416
1055.1633837742763,1,0,Madurai,Luxury,1,1055.1633837742763,4114835.1401820574,25.79114897968169
3769.93948632988,3,0,Coimbatore,Standard,2,11309.81845898964,22413403.027114473,97.4974970552092
1548.8901609819986,1,1,Hyderabad,Standard,1,2478.224257571198,4617319.499400335,32.82535305654328
3089.619054787612,3,0,Madurai,Standard,2,9268.857164362837,18025822.744998492,88.14833196145739
3200.2957211316448,3,0,Hyderabad,Standard,0,9600.887163394935,17695634.336472347,74.49024078858159
2654.381384928836,3,0,Chennai,Premium,1,7963.144154786507,19326508.024445027,77.33320371274576
906.9375830561903,2,0,Hyderabad,Standard,0,1813.8751661123806,3467696.60715484,24.296125084826347
3544.4991623738474,1,1,Madurai,Economy,2,5671.198659798156,7847685.732481309,44.867497966363835
2743.253344324761,3,1,Chennai,Standard,0,9875.71203956914,16923492.289089557,92.53648679694338
3051.2260610826906,1,1,Hyderabad,Standard,2,4881.961697732305,9122157.41487103,49.45075685815701
2173.828294296436,2,0,Bangalore,Premium,2,4347.656588592872,10860413.529775368,53.58533982934526
1286.873238142453,1,0,Coimbatore,Premium,2,1286.873238142453,3069932.5389899164,27.12642489736634
3609.064331442606,1,1,Bangalore,Luxury,2,5774.50293030817,21921384.390982315,72.3746637847505
1119.1391115004237,1,1,Chennai,Premium,1,1790.6225784006779,4579752.873324855,32.676878459860305
1542.8285209604996,3,0,Hyderabad,Luxury,0,4628.4855628814985,17549921.283097688,68.58510354653092
2111.51255397872,2,0,Bangalore,Premium,0,4223.02510795744,10709291.189046226,45.100920770914286
2747.310858487163,3,0,Madurai,Luxury,1,8241.93257546149,32888577.174265727,103.75555188405018
3418.888471993035,1,1,Coimbatore,Standard,2,5470.221555188857,9401387.592071531,52.010542197750816
981.8898262796431,1,1,Chennai,Luxury,2,1571.023722047429,6029773.288007073,33.24898249579557
854.1114024203747,1,0,Hyderabad,Standard,0,854.1114024203747,1582184.4625124482,17.464186409004046
2357.782646346379,3,1,Chennai,Premium,1,8488.017526846965,19331368.579331603,84.0732611516802
2503.1865828536984,3,0,Madurai,Premium,0,7509.559748561095,17278011.714450486,74.85463623381331
2533.105480954697,3,0,Chennai,Standard,0,7599.316442864092,13820266.226901215,60.39987535822099
2800.0622533379333,2,0,Bangalore,Luxury,1,5600.1245066758665,23135261.455475394,60.236583530891856
3969.19746993484,3,0,Hyderabad,Premium,2,11907.59240980452,31059539.96130375,121.9436215845059
2722.3672782412586,3,0,Chennai,Premium,0,8167.101834723776,17072484.528264772,75.32781199613103
2877.093569723354,3,0,Bangalore,Economy,1,8631.280709170062,14189815.95522087,65.69372421637595
1027.6968188242595,2,0,Chennai,Luxury,0,2055.393637648519,7743637.962651278,34.9349575690007
969.9859974368035,1,0,Hyderabad,Economy,0,969.9859974368035,1513307.0175118705,17.51785182119043
2317.8418257609314,2,1,Chennai,Luxury,2,6026.388746978422,20151157.43801013,75.3996280878321
2460.4465012834607,3,0,Madurai,Standard,1,7381.339503850382,12279875.828744628,71.12097635755899
2167.814146740992,2,1,Hyderabad,Luxury,2,5636.316781526579,19347300.828151327,79.65793441690369
1865.8737539003932,3,1,Coimbatore,Luxury,2,6717.1455140414155,22129935.23457434,75.0724703834627
2464.062548126476,2,1,Madurai,Premium,0,6406.562625128838,17598383.584750697,66.00338025576225
3092.9716472927985,3,0,Coimbatore,Premium,1,9278.914941878396,23638141.521304246,96.76635357227413
2862.6020948218306,3,0,Madurai,Luxury,2,8587.806284465492,33791494.11025274,107.06548335450762
3650.645611437659,2,1,Madurai,Economy,0,9491.678589737914,13988908.789727267,70.13580989266504
1562.5208846338178,1,0,Madurai,Economy,1,1562.5208846338178,2444923.2701028553,19.134789589716515
1637.6091809184757,1,0,Hyderabad,Premium,2,1637.6091809184757,4196060.856512424,24.271941900823883
1910.5504830520865,1,0,Coimbatore,Standard,0,1910.5504830520865,3468525.0637314185,26.75419535099483
2431.783985304475,1,0,Madurai,Premium,0,2431.783985304475,6699903.163186405,31.81463722762135
3763.6564264413787,2,1,Chennai,Standard,2,9785.506708747584,18364266.14050515,91.96910061734042
1068.805486466002,1,0,Chennai,Economy,0,1068.805486466002,1603139.5984844454,19.598399720629544
3748.233494709803,2,0,Coimbatore,Premium,1,7496.466989419606,19922690.328467872,75.35282837824249
931.8977470454386,3,0,Bangalore,Economy,0,2795.693241136316,4349626.185960135,35.827072678976215
2258.7728005773856,2,1,Madurai,Economy,0,5872.809281501202,8532770.1455083,57.555385229481296
2936.887124626436,3,0,Hyderabad,Economy,2,8810.66137387931,13218443.003895955,76.9881433288487
3597.1321474118745,2,0,Hyderabad,Luxury,2,7194.264294823749,23847866.528175104,77.70252004438784
3117.4557209867844,2,0,Madurai,Standard,1,6234.911441973569,11730799.551859839,50.75328519081114
3069.6704373434018,3,0,Coimbatore,Economy,2,9209.011312030205,14023510.81038698,76.62844479033569
1612.1524561791748,1,1,Coimbatore,Premium,1,2579.4439298866796,6009677.789554212,37.871303639004786
3591.8896744273247,2,0,Madurai,Luxury,1,7183.7793488546495,25474547.563010454,88.23114506760834
1600.1816272324902,2,1,Bangalore,Standard,0,4160.472230804475,7428291.030155899,50.385336123615794
2190.744492375211,2,1,Bangalore,Luxury,0,5695.935680175548,20022319.105419267,78.98841826785761
2193.6160878504297,3,0,Bangalore,Luxury,1,6580.848263551289,21375893.34041742,81.71459656358446
984.2299689689507,3,1,Chennai,Standard,1,3543.227888288223,6379797.796431048,41.963928800266814
3385.848536642002,1,0,Chennai,Standard,0,3385.848536642002,5678801.420382986,36.22755595590533
2825.5982203101694,2,0,Bangalore,Premium,1,5651.196440620339,15026823.995791523,57.26003240957122
3558.6690746887407,1,0,Madurai,Economy,0,3558.6690746887407,5815343.75736046,36.06150958455094
2533.397836907931,2,0,Coimbatore,Luxury,1,5066.795673815862,18989841.595864818,65.95866987847582
2408.447375921713,1,1,Chennai,Luxury,2,3853.515801474741,13013491.030588264,49.632238978828845
1661.6653577766645,2,0,Chennai,Premium,2,3323.330715553329,8344477.230483238,40.42158652018762
3801.5611694703903,1,0,Bangalore,Premium,2,3801.5611694703903,9626916.030440575,41.60042991046786
2335.268344903609,2,0,Chennai,Standard,1,4670.536689807218,8674306.15885684,50.18008769498718
2004.4431886131547,3,0,Chennai,Standard,2,6013.329565839464,12239100.393852213,60.764715714790256
2043.6992049392436,2,0,Madurai,Luxury,1,4087.398409878487,16017736.294699557,61.30385231660541
1653.2998148240142,3,0,Chennai,Luxury,1,4959.899444472043,18262068.24096131,69.03061625282372
3847.972161389838,1,1,Bangalore,Standard,1,6156.755458223741,10977554.789171102,55.629184676440865
864.7559444478414,1,0,Madurai,Standard,0,864.7559444478414,1807836.0083422875,16.706744145600933
1980.4240689788453,3,0,Hyderabad,Standard,1,5941.272206936535,11590918.462930119,61.25174341973789
1223.076873024959,3,0,Bangalore,Economy,1,3669.230619074877,4817676.386747766,36.00968612169783
1604.8417269644826,3,0,Hyderabad,Economy,1,4814.525180893448,6795640.383739903,48.004472071487086
3406.5721184639897,1,0,Bangalore,Premium,0,3406.5721184639897,7552294.427894104,42.03431547270984
1332.9458835001642,2,0,Hyderabad,Standard,0,2665.8917670003284,4459110.605276227,32.81970608811935
998.8024663043063,1,0,Chennai,Standard,2,998.8024663043063,1791464.077981497,17.9736861197767
3385.381902600702,1,0,Chennai,Premium,2,3385.381902600702,7835881.901062607,41.322939990642624
3556.116264815244,1,1,Hyderabad,Standard,2,5689.78602370439,10276276.031112269,59.08201076527869
2225.4678027869886,3,1,Madurai,Standard,0,8011.684090033159,15635593.668821428,72.37782658513976
1767.627539559766,2,0,Chennai,Economy,2,3535.255079119532,5675588.167709485,37.357666198006065
3440.9649994966867,1,1,Chennai,Standard,2,5505.543999194699,10601889.588309579,52.92628530334661
1476.0439433880574,3,0,Coimbatore,Premium,1,4428.131830164172,10203562.317294864,48.070156689573714
2010.222985859457,2,1,Coimbatore,Premium,1,5226.5797632345875,12455718.00055829,55.01494146958648
1539.3156414305902,1,1,Coimbatore,Economy,2,2462.905026288944,3703635.533482182,29.62272233539629
2816.022833428874,2,0,Bangalore,Luxury,0,5632.045666857748,18313300.17866209,71.24638552380001
3539.667680916119,2,1,Chennai,Luxury,2,9203.135970381909,33732514.4100734,108.93647160057169
2326.912148517061,1,0,Hyderabad,Luxury,2,2326.912148517061,7548031.457666566,37.78601221177159
2109.2601213363914,1,0,Madurai,Premium,1,2109.2601213363914,5286643.137434921,27.65623084241887
2316.543234915814,1,0,Chennai,Standard,0,2316.543234915814,4518616.590179737,26.124607516789904
2875.9901991572933,2,0,Madurai,Premium,2,5751.980398314587,14083560.030791016,63.119972457612256
3363.226378233331,1,1,Coimbatore,Luxury,1,5381.16220517333,16781630.35954856,64.33027800202224
2767.2670501000393,3,0,Chennai,Luxury,1,8301.801150300118,28241211.783663146,95.64012291853835
2576.2643246004836,3,0,Madurai,Standard,0,7728.792973801451,14602005.272548832,73.44744625000133
1649.7413913703724,1,0,Chennai,Luxury,0,1649.7413913703724,6285412.428231292,27.462280615616226
3652.652394063198,3,0,Hyderabad,Economy,2,10957.957182189593,18004311.532137364,89.05268498582102
2621.2530254536587,1,0,Coimbatore,Luxury,2,2621.2530254536587,9216158.818913458,39.89638373729954
2305.616252775447,2,1,Bangalore,Luxury,0,5994.602257216162,20890630.943413068,71.44356948187642
1023.2224393984325,2,0,Chennai,Premium,0,2046.444878796865,4425144.976693383,34.55957748831848
2198.7976759680396,3,0,Chennai,Economy,2,6596.393027904119,8876411.625616636,61.058074306440226
1132.839853712257,2,0,Chennai,Economy,1,2265.679707424514,3341355.2822000673,23.827552017328905
1210.4856718802107,3,0,Madurai,Economy,2,3631.457015640632,5427809.669559764,34.23788153845719
2217.842985387036,1,0,Madurai,Premium,2,2217.842985387036,5384410.805493652,28.446304628291287
2910.0005997423773,3,0,Bangalore,Standard,0,8730.001799227131,16423100.950211922,72.06923204999718
1425.3522772427168,3,0,Bangalore,Standard,1,4276.05683172815,7573915.552059651,49.93488130994238
3020.0253451170406,2,0,Hyderabad,Luxury,0,6040.050690234081,19498060.137026403,69.91487726458261
3527.56911763854,3,0,Chennai,Economy,2,10582.707352915619,15807665.284048624,72.93251502453039
2374.6501969140672,1,0,Coimbatore,Economy,1,2374.6501969140672,3439883.480907463,26.653919488224634
859.0631217278215,3,0,Madurai,Economy,1,2577.1893651834644,3825263.743813714,32.28659833035361
1711.5878618735248,1,0,Madurai,Economy,1,1711.5878618735248,2345650.37675712,19.942486881826657
3790.5183412518504,1,1,Madurai,Economy,2,6064.82934600296,8504503.035425564,46.36680958317636
3834.5900173771734,2,0,Chennai,Luxury,1,7669.180034754347,27195929.710732277,95.01130547647938
1664.0065432978574,3,0,Coimbatore,Economy,1,4992.0196298935725,7066210.081091912,45.25862882668374
1816.1461044970818,3,1,Bangalore,Standard,1,6538.125976189494,12122272.720598439,69.82870178643087
2429.066581407845,1,0,Madurai,Luxury,2,2429.066581407845,8593559.657942647,39.13927423046009
1607.7798211265278,2,0,Bangalore,Economy,1,3215.5596422530557,4938864.079103671,33.449755159190495
2905.228593076901,3,0,Coimbatore,Luxury,1,8715.685779230702,31871995.020733,94.43910983470752
1940.4237775320767,3,1,Hyderabad,Luxury,2,6985.525599115476,22633582.08681597,92.10359079011113
2932.704627371856,2,0,Coimbatore,Standard,0,5865.409254743712,11206837.82889831,48.13274112921108
3759.1919227659573,1,0,Hyderabad,Standard,2,3759.1919227659573,6420778.022916603,35.72177626465811
2421.411843220156,2,0,Madurai,Premium,1,4842.823686440312,12044144.957173554,54.86105709016174
2560.1239711955327,2,1,Bangalore,Standard,1,6656.3223251083855,13608453.530582516,62.80619829786132
3543.4490353073693,3,1,Madurai,Premium,0,12756.41652710653,31155107.670267154,132.03488619951767
2739.550719529514,2,0,Coimbatore,Economy,0,5479.101439059028,8131432.644614688,43.15866867252864
1456.1762989402744,2,1,Bangalore,Standard,1,3786.0583772447135,7216014.45335168,40.98250495571475
3712.7094445129987,1,0,Madurai,Luxury,2,3712.7094445129987,12107175.433347214,47.47266980121296
1058.4934843978995,2,0,Hyderabad,Luxury,2,2116.986968795799,6301177.877686218,40.37764846838375
1055.6598009323548,1,0,Bangalore,Standard,2,1055.6598009323548,1934585.8765615732,17.861614789321603
1011.7399095205787,2,0,Chennai,Premium,2,2023.4798190411575,5222894.144944824,33.63849533421437
2748.0266404145696,1,0,Madurai,Economy,0,2748.0266404145696,3538908.6040504966,29.002674224264194
1447.8789876442604,3,0,Hyderabad,Luxury,1,4343.636962932781,12624921.641076531,61.995568195984724
2288.3955172728947,2,0,Bangalore,Premium,0,4576.791034545789,10497404.023559479,57.88433038856532
3376.0361570615155,3,1,Madurai,Luxury,2,12153.730165421457,40474284.54931828,130.7099066796737
3901.6174839029786,2,1,Coimbatore,Luxury,1,10144.205458147744,33203343.31314932,105.6928421762916
1836.0607221374917,3,0,Chennai,Standard,2,5508.1821664124745,10537447.513968714,59.388819275466034
3941.390418998556,3,0,Coimbatore,Luxury,0,11824.171256995669,35571842.29711357,140.09814234723953
3762.3700238125416,1,1,Bangalore,Luxury,1,6019.792038100066,20012636.15063509,73.20122313413297
1932.498644021948,2,0,Bangalore,Standard,1,3864.997288043896,6855460.597768991,37.186760565133596
2046.0379349366149,3,0,Coimbatore,Luxury,1,6138.113804809845,22276235.206614744,80.22488226500182
2265.358655554873,2,0,Chennai,Economy,0,4530.717311109746,6580545.534410496,44.817987547350775
1218.324853015279,2,1,Madurai,Standard,0,3167.644617839725,5575358.481266411,35.97299959636007
2708.4333388903337,3,0,Hyderabad,Premium,0,8125.300016671001,19065982.833600488,83.37765772232366
1241.2762295370687,2,0,Hyderabad,Premium,1,2482.5524590741375,6540927.867546452,37.5575643417484
1942.3478148483614,2,0,Bangalore,Economy,2,3884.695629696723,5835616.273801166,37.00178616111065
1419.122718125978,2,0,Bangalore,Premium,2,2838.245436251956,6819555.104577596,40.75817853215254
908.7082282654428,1,0,Chennai,Standard,2,908.7082282654428,1506813.868157278,16.26333063375504
2130.2761892795147,2,0,Coimbatore,Luxury,2,4260.552378559029,17693245.58800272,53.184746011922996
1191.4834430788521,1,0,Chennai,Economy,0,1191.4834430788521,1668086.2627440058,16.902651316539455
873.8735377656645,1,0,Madurai,Standard,2,873.8735377656645,1631717.414909404,17.925167402792123
1608.1954280624814,2,1,Chennai,Luxury,1,4181.308112962452,14714460.60242102,62.00151809284217
1508.5117113382075,1,0,Bangalore,Premium,0,1508.5117113382075,3694503.885903426,25.164000835087798
945.760499089128,2,1,Bangalore,Luxury,2,2458.9772976317327,7694149.221385796,47.96023842021122
3987.664774797414,1,0,Chennai,Economy,2,3987.664774797414,5689908.4814792685,37.9332519780856
1136.7740738484877,3,0,Madurai,Premium,0,3410.322221545463,8724199.239634737,42.445471109483634
2517.2124937657727,2,1,Hyderabad,Premium,1,6544.752483791009,13836715.942242889,68.90757314345188
3901.8150504618775,3,0,Hyderabad,Premium,2,11705.445151385633,27129019.053798992,111.37094028188073
2293.7948992129855,1,0,Madurai,Luxury,0,2293.7948992129855,7552616.44510913,35.50847536734732
3793.7457264376517,1,0,Coimbatore,Economy,2,3793.7457264376517,5444918.41947662,30.49780160455309
3644.4296770682645,1,1,Chennai,Luxury,1,5831.087483309223,20237806.82142207,78.19755051115989
3175.7456379884743,2,0,Coimbatore,Economy,1,6351.491275976949,8913282.717659319,50.25943781017604
3315.5220691445475,2,1,Chennai,Standard,1,8620.357379775824,15008254.128503095,75.75889554298568
1909.6322301442196,2,1,Chennai,Economy,2,4965.043798374971,6931578.336310105,49.96047040711692
1791.4872688885705,3,1,Bangalore,Economy,0,6449.354167998854,8604483.919935765,62.80124885548526
838.0943003131212,2,0,Chennai,Economy,2,1676.1886006262423,2302943.91537279,25.16829148100504
3097.619872344473,3,0,Bangalore,Standard,0,9292.85961703342,18471175.51151105,82.67103431934926
898.5170203543892,3,0,Coimbatore,Economy,2,2695.5510610631673,4058081.4631258864,35.084334963307185
1090.1186832298827,2,1,Chennai,Standard,1,2834.308576397695,5429374.197193672,32.870089146530745
2792.1881706292615,2,0,Madurai,Premium,0,5584.376341258523,14370886.05523153,56.36773666606151
2046.8032555456332,2,1,Bangalore,Standard,0,5321.688464418647,10857275.310385542,50.22571280731624
879.3898561362106,2,0,Coimbatore,Standard,1,1758.7797122724212,3261030.7715931972,25.04277342478049
982.084737592389,1,0,Hyderabad,Economy,0,982.084737592389,1439320.714428651,18.84240476283771
2123.19083860279,2,0,Hyderabad,Standard,0,4246.38167720558,7927409.705414478,41.23435110340297
2904.300263180407,1,0,Hyderabad,Premium,2,2904.300263180407,7027936.905106422,37.362872003545455
2947.068483339367,2,0,Madurai,Economy,2,5894.136966678734,8555722.546623655,46.97401647002855
3880.817111757843,3,0,Chennai,Premium,2,11642.45133527353,31635666.7019365,96.9221710235839
3682.100962458879,1,0,Hyderabad,Economy,0,3682.100962458879,5010213.149069166,34.09202971882445
1882.0593223174278,2,1,Coimbatore,Premium,0,4893.354238025312,11850576.17009754,55.13251302941167
1279.661745050106,2,1,Hyderabad,Economy,0,3327.120537130276,4664004.8270446835,38.93661658389315
3236.3188998492556,2,0,Coimbatore,Luxury,1,6472.637799698511,22736031.02784701,67.85868467033904
2768.4050641609974,2,0,Hyderabad,Standard,0,5536.810128321995,10004902.089978302,55.121310328827136
935.4718268879747,3,0,Chennai,Premium,0,2806.415480663924,6626274.459476438,37.085821281934756
924.4665991898437,2,0,Coimbatore,Economy,1,1848.9331983796874,3099124.702533748,24.128583481227125
3367.8455855407797,3,0,Bangalore,Premium,0,10103.53675662234,26486776.97490045,97.17757863573962
1939.7713098509473,1,1,Chennai,Standard,2,3103.6340957615157,5193349.185150252,40.555460920444254
1803.9528283028926,3,0,Chennai,Standard,1,5411.858484908678,9615551.500028905,48.69762868854074
3637.0051604196865,1,0,Coimbatore,Standard,1,3637.0051604196865,6272141.814761947,40.407661049083
2091.272852823134,2,1,Coimbatore,Standard,2,5437.309417340149,10368782.610819504,60.52129314130747
1263.6757097835073,1,0,Madurai,Economy,1,1263.6757097835073,1599814.19624646,19.290260977704353
3357.6510910718976,3,0,Bangalore,Premium,1,10072.953273215693,25074702.208645813,94.9518834811224
1581.1026319763275,3,0,Chennai,Economy,0,4743.307895928982,7866430.016955316,41.16530773764845
3354.3077810816426,2,0,Coimbatore,Economy,1,6708.615562163285,10178666.584025575,50.57643795844898
1437.920412622996,2,0,Bangalore,Standard,1,2875.840825245992,5339824.118076068,33.8476210333631
942.0648479018464,2,1,Bangalore,Premium,0,2449.3686045448007,5698988.286608027,40.360662781288276
3321.1671026737404,3,1,Hyderabad,Premium,0,11956.201569625466,28313240.402808137,115.0059165809047
3619.831486578051,2,0,Madurai,Standard,0,7239.662973156102,13994451.273715906,69.19658576705957
1750.2243070514303,2,0,Chennai,Economy,0,3500.4486141028606,4744856.42786981,35.11917508393871
2702.560323664143,1,0,Madurai,Standard,0,2702.560323664143,5377364.82147366,33.25383990777804
1968.1462191235632,1,0,Hyderabad,Luxury,0,1968.1462191235632,6587740.783089525,34.5136328850163
3934.143594041127,2,1,Chennai,Standard,2,10228.77334450693,18320559.5666721,95.85625835557786
1116.3936924041689,2,0,Bangalore,Premium,2,2232.7873848083377,5655427.034196734,35.75387110742536
2135.918579450132,3,0,Bangalore,Economy,1,6407.755738350395,8982553.575695109,52.8400141620687
3955.0729667691194,2,0,Madurai,Premium,0,7910.145933538239,17420592.599458877,81.10235506114397
1876.3798780278712,2,1,Madurai,Premium,0,4878.587682872465,11978916.988705043,63.467696731694275
987.4908406724334,3,0,Chennai,Premium,0,2962.4725220173,6771413.098046889,47.1557238436389
3307.3792532557636,1,1,Coimbatore,Luxury,2,5291.806805209222,18999771.474573437,61.53103600733721
2088.7435835742917,3,0,Madurai,Luxury,0,6266.230750722875,23859065.102433935,85.77554434437455
3356.3945957888795,3,0,Coimbatore,Standard,0,10069.183787366639,17730212.12054538,84.34581694156249
3030.3783490265623,1,1,Coimbatore,Premium,2,4848.6053584425,12474366.961098755,60.99918592985746
1313.2604000196648,1,0,Hyderabad,Premium,1,1313.2604000196648,3442381.5139289424,23.850021903414575
1357.149592106352,3,0,Coimbatore,Economy,2,4071.448776319056,6361161.449921519,41.82550575440007
2423.1601766641825,3,0,Chennai,Standard,1,7269.480529992547,12703416.873647895,67.30789686556052
3884.2971251003505,1,1,Coimbatore,Standard,0,6214.875400160561,10661671.393691972,62.80145652649341
3700.0135575611785,2,0,Bangalore,Economy,2,7400.027115122357,11392740.144760411,57.7215485575161
2156.479206390394,1,1,Bangalore,Economy,2,3450.3667302246304,4797759.070445698,37.72707520750046
2973.212260271558,3,0,Madurai,Standard,2,8919.636780814675,16575079.62898281,83.92732744200816
2125.019582209416,3,0,Coimbatore,Premium,0,6375.058746628249,15291034.64837255,63.71232266865021
3641.6283072084416,2,0,Chennai,Luxury,2,7283.256614416883,24746166.228214942,76.27124285933505
2870.9105956062635,2,0,Hyderabad,Luxury,1,5741.821191212527,19548814.73001865,73.31628772691268
2846.572244407396,3,0,Madurai,Luxury,2,8539.716733222187,31312646.69738604,106.65654037939672
1875.7109279523163,1,1,Coimbatore,Premium,1,3001.1374847237057,6993703.774066827,38.8260756603157
3752.5626512775716,3,1,Hyderabad,Premium,1,13509.22554459926,36089309.99310333,132.81661797819223
3800.8096496367475,3,0,Madurai,Premium,1,11402.428948910243,31153060.77725722,116.3731009889461
1959.1307646037126,2,1,Bangalore,Luxury,2,5093.739987969653,17417927.826226622,60.78104588808937
3331.7845356445905,2,0,Madurai,Standard,2,6663.569071289181,11830671.563140143,59.154507676277184
2668.0134041058236,2,0,Hyderabad,Standard,0,5336.026808211647,9496797.449474694,53.22208942042181
3257.876932184692,2,0,Hyderabad,Standard,1,6515.753864369384,11072967.111804243,57.481047286047776
852.9187985941466,3,0,Hyderabad,Standard,0,2558.7563957824395,4234800.511171218,37.105495792620545
2747.8000892249624,3,0,Hyderabad,Economy,0,8243.400267674888,11947978.311928703,73.41729314019486
2814.8519495438636,1,0,Coimbatore,Standard,1,2814.8519495438636,5480827.113032625,32.98168446954904
867.7242047425225,1,1,Hyderabad,Economy,0,1388.358727588036,2060749.2161386034,20.84670788702049
1790.6219271623406,1,0,Chennai,Economy,1,1790.6219271623406,2702778.6841244707,23.42118346269872
1703.1315075779555,3,0,Bangalore,Luxury,0,5109.394522733866,15728675.94682585,70.51578848577775
1354.298819798082,1,1,Bangalore,Luxury,0,2166.878111676931,6335211.226593062,35.57584429482279
1375.0179028841696,3,0,Coimbatore,Premium,0,4125.053708652509,11181512.451200012,53.29104472509392
1864.8657473573767,1,1,Bangalore,Luxury,2,2983.7851957718026,9361403.56192073,41.003753506094654
2518.08406566535,2,0,Chennai,Economy,0,5036.1681313307,7201965.811595564,44.086694000963476
3257.8367545939836,2,1,Coimbatore,Premium,1,8470.375561944358,19778710.33731498,80.125294652535
3430.8454691203297,3,0,Hyderabad,Standard,2,10292.536407360989,17721483.740044806,86.20828832199516
2237.924213534548,1,0,Madurai,Economy,0,2237.924213534548,3039540.3051242414,24.45769332063815
1783.8789537072835,3,1,Chennai,Economy,1,6421.964233346221,9537199.527743887,62.40246112357163
3088.7087233862426,1,0,Madurai,Economy,0,3088.7087233862426,4389471.302417113,32.340317712593986
3485.1891299397275,2,1,Coimbatore,Economy,2,9061.491737843291,12178535.840622583,67.03357972076886
2181.4940320851556,3,0,Coimbatore,Premium,2,6544.482096255467,17555788.511591416,75.40598991074458
3886.4305791732954,2,0,Bangalore,Standard,0,7772.861158346591,12769904.948307652,65.55768892934681
1501.6502450962562,1,0,Coimbatore,Luxury,0,1501.6502450962562,4776566.147830644,31.041827440994354
2911.184058901223,2,0,Madurai,Economy,0,5822.368117802446,8983847.054074826,49.76088216728829
2238.677117157691,3,0,Bangalore,Standard,0,6716.031351473073,11740069.48173801,60.22092470561084
1995.0854937367105,1,1,Madurai,Premium,2,3192.1367899787365,6704715.610788603,38.64945665129925
3889.554102425389,3,1,Coimbatore,Luxury,2,14002.3947687314,49637831.107780844,139.5398357932714
3221.1929218878245,1,1,Hyderabad,Luxury,2,5153.908675020519,17036509.706132084,59.845939775905215
1575.154112242583,2,0,Bangalore,Standard,1,3150.308224485166,6138860.33989765,38.84433100769222
3167.0500302330174,3,0,Chennai,Standard,1,9501.150090699051,16080579.584117772,83.62406598086756
2191.0092565234754,3,0,Hyderabad,Luxury,2,6573.027769570426,24511141.476165514,88.91649163475724
1721.4007941485281,3,1,Bangalore,Luxury,2,6197.042858934701,23227112.569827847,81.62907010108925
3337.3199174932724,2,1,Madurai,Economy,0,8677.031785482508,13089413.697122296,70.47109659378238
3963.761738066541,3,0,Madurai,Standard,0,11891.285214199623,23773885.726300918,95.22862549967599
1862.1001116719895,1,0,Hyderabad,Economy,0,1862.1001116719895,2702132.8239411446,24.479121393016356
2369.9510025975665,1,0,Hyderabad,Economy,2,2369.9510025975665,3969501.5445256555,25.28218843284894
2862.4474381913487,3,0,Hyderabad,Luxury,0,8587.342314574045,29461043.029091563,92.74337585552222
1014.4898529200727,3,0,Bangalore,Premium,2,3043.469558760218,8356950.54014764,41.91539133442248
3045.5393304185113,3,1,Coimbatore,Standard,2,10963.941589506641,18876040.820645776,104.21599265022505
2730.585210844618,1,1,Bangalore,Standard,2,4368.936337351389,9084889.79813745,42.41288852713688
3495.198672637549,1,0,Madurai,Economy,1,3495.198672637549,5434383.778504932,35.511390411586866
813.2068949587325,3,0,Bangalore,Premium,0,2439.6206848761976,5749944.128586011,34.90191298700422
2041.7576641869257,1,1,Bangalore,Economy,2,3266.8122626990807,5374983.182566196,32.088943784733594
1401.2478408720451,1,1,Coimbatore,Luxury,2,2241.9965453952723,6771842.456446082,38.223200766634534
1235.6366091216362,2,1,Madurai,Premium,1,3212.655183716254,8509445.007527456,49.11031845273972
2971.083357046914,1,0,Bangalore,Luxury,2,2971.083357046914,8973721.834050534,43.30435041566698
3673.9762675313964,1,0,Coimbatore,Luxury,0,3673.9762675313964,12266988.996007513,50.752488181804765
3594.380626372227,1,0,Hyderabad,Economy,1,3594.380626372227,5413269.897453338,32.91545797906401
1680.1288286103468,1,0,Coimbatore,Premium,1,1680.1288286103468,4068482.0942387073,25.851781922528463
1360.7177355715687,3,0,Madurai,Premium,0,4082.1532067147064,10957082.573268516,49.76965810413129
899.6343613778226,2,1,Bangalore,Standard,1,2339.0493395823387,4276537.0414074715,29.98643467475942
1575.4553966519647,3,0,Chennai,Economy,2,4726.366189955894,7449637.865572842,46.943958431380956
1168.9320316275207,1,0,Bangalore,Standard,0,1168.9320316275207,2006036.5506324084,19.121129336707014
3711.8562024723497,2,0,Bangalore,Luxury,2,7423.712404944699,27568777.911295425,84.81151773820574
2936.5566432265177,2,0,Hyderabad,Standard,2,5873.1132864530355,11002175.141384149,48.23947977188292
3865.879000279753,1,1,Hyderabad,Luxury,2,6185.406400447605,22399427.896723486,69.3928468871226
2856.2557305745304,3,1,Hyderabad,Standard,2,10282.52063006831,19899244.206606552,100.53789646347626
2972.10142155791,2,0,Bangalore,Premium,2,5944.20284311582,16177875.452755675,63.364236977121024
2091.4863064484725,1,0,Hyderabad,Standard,1,2091.4863064484725,4299062.186719663,27.102260582069537
2869.77811311711,3,0,Hyderabad,Luxury,2,8609.33433935133,35734778.690730244,93.57854664364595
2284.097911554953,3,0,Hyderabad,Economy,2,6852.29373466486,11090474.431076355,59.14921418466812
2211.9868045797675,1,1,Bangalore,Economy,2,3539.178887327628,5093414.627564635,33.01146797217451
3384.177763197763,3,0,Madurai,Standard,0,10152.533289593288,18416546.588949185,80.43051390417813
1238.5909873170601,3,1,Madurai,Premium,0,4458.927554341416,10661529.48895549,60.83635176989318
2910.0770556971884,1,0,Bangalore,Economy,1,2910.0770556971884,4372566.461004025,31.422559351016815
3228.5822355669807,1,0,Bangalore,Economy,1,3228.5822355669807,4760580.827589758,33.33994801011459
3985.9478768461636,1,0,Hyderabad,Standard,1,3985.9478768461636,8129819.111779464,37.60605255399236
3435.0425862066354,1,1,Bangalore,Premium,1,5496.068137930617,13812413.671967262,56.51968100116749
3346.052303633461,2,0,Bangalore,Standard,0,6692.104607266922,11393406.424811808,63.93113624675403
2745.50773631412,1,0,Chennai,Economy,1,2745.50773631412,4449623.680383359,25.740129823358938
2316.106759385031,1,0,Chennai,Luxury,0,2316.106759385031,8852188.679523543,35.881045039918
3754.503730250063,3,0,Hyderabad,Luxury,0,11263.511190750189,37527520.490065604,129.7453208756365
3483.3117044919572,2,0,Chennai,Premium,2,6966.6234089839145,16773962.557508647,73.19571308711201
2006.064054032684,2,1,Chennai,Standard,1,5215.766540484979,8569715.267068,51.093027291415474
2767.2236439700755,1,0,Madurai,Luxury,2,2767.2236439700755,9401387.654924361,43.63573769401355
2571.6646975975514,1,1,Hyderabad,Economy,1,4114.663516156083,6117291.977384581,43.188956960615094
2845.263161994066,3,0,Madurai,Premium,0,8535.789485982199,20821943.594353396,87.79823574470205
1795.8158219340048,2,1,Madurai,Premium,0,4669.121137028413,11191705.517918905,54.17724921028465
3336.005381956691,1,0,Madurai,Luxury,0,3336.005381956691,10530283.935983825,46.52999156422686
1925.8460706777967,1,0,Bangalore,Premium,2,1925.8460706777967,5267612.646126164,28.870966946414754
2371.651101230919,3,0,Chennai,Standard,1,7114.953303692757,12406337.673432227,58.68008832653797
1875.547165507658,1,0,Coimbatore,Economy,0,1875.547165507658,2866036.0313925347,21.11374316739598
1362.5916269138888,1,0,Madurai,Premium,1,1362.5916269138888,3431665.2389540523,26.442576045913015
925.2817416866495,3,0,Chennai,Economy,0,2775.8452250599485,3495614.0248638988,28.76093666895422
1470.1434137608987,3,0,Chennai,Economy,2,4410.430241282696,5861474.682682013,43.862751149978926
1832.5380400311014,2,0,Coimbatore,Economy,0,3665.076080062203,5381428.450566684,31.99412279471899
3285.8603822345235,1,0,Bangalore,Premium,1,3285.8603822345235,8363621.486745402,36.7263986895774
3480.823825121086,3,1,Hyderabad,Standard,1,12530.965770435909,24380861.78095961,109.50332259737226
2045.326772843136,3,0,Hyderabad,Luxury,1,6135.980318529408,23616799.656120755,77.63830359185815
3296.536071120392,2,0,Hyderabad,Economy,2,6593.072142240784,9510716.08286411,58.53790648982901
1471.4450658897963,2,1,Hyderabad,Standard,2,3825.7571713134703,6520667.6397258965,48.28811113429783
2686.4172293613615,3,0,Coimbatore,Standard,2,8059.251688084085,15743335.799972566,65.7607345498604
3102.924561909477,2,0,Madurai,Luxury,2,6205.849123818954,18468737.864297513,73.07146722391666
3702.3177378191317,2,0,Madurai,Standard,1,7404.635475638263,13394139.75451268,69.54342381302803
3307.8495640351207,3,1,Madurai,Economy,2,11908.258430526434,15144392.312840568,81.71827101979166
1370.3501544618312,3,0,Bangalore,Premium,2,4111.0504633854935,9532231.055651486,48.96433923907827
1891.846631654891,1,1,Bangalore,Luxury,0,3026.9546106478256,9885200.991798405,41.89467335459226
1420.972416785936,3,1,Hyderabad,Standard,0,5115.50070042937,9239450.374198413,50.60180976638013
3395.700037080018,2,0,Bangalore,Standard,2,6791.400074160036,12428052.160569271,54.09250869804633
2747.8040336938175,3,0,Chennai,Economy,0,8243.412101081452,11879581.748315275,58.27498059877897
2069.148157869903,1,0,Chennai,Premium,1,2069.148157869903,4737237.070545301,30.60750268935303
3682.7772620850533,3,1,Chennai,Luxury,2,13257.99814350619,46020900.1224502,132.81899047461727
3218.271751975657,1,0,Hyderabad,Economy,0,3218.271751975657,4677837.6754809525,29.97296891278285
2673.5504293471317,1,0,Bangalore,Luxury,0,2673.5504293471317,9601306.960951952,37.83885270273631
2529.693603484594,3,0,Hyderabad,Standard,0,7589.080810453782,13803293.185644288,61.97874861743766
2608.9686126734414,2,1,Bangalore,Economy,2,6783.318392950948,9194806.979499765,60.40993086289852
3009.72338596981,1,1,Madurai,Economy,0,4815.557417551696,7018323.256597674,44.200997263384025
2215.4380907718723,1,0,Hyderabad,Luxury,2,2215.4380907718723,7068310.696705137,36.21234003002632
1606.7157105993597,3,0,Bangalore,Standard,1,4820.1471317980795,8196290.09383309,49.47014775625063
1291.7577798835862,3,0,Bangalore,Luxury,0,3875.2733396507583,14013834.633730177,54.654190551666346
2275.3566951002736,3,0,Coimbatore,Economy,1,6826.07008530082,9090393.014210628,52.95299474544329
2299.455374000445,2,1,Madurai,Premium,2,5978.583972401157,16338985.634269027,71.56136262228685
1746.9982965489319,2,0,Chennai,Premium,2,3493.9965930978638,8759371.192472054,46.1628538293698
2976.6827869877375,1,1,Chennai,Premium,1,4762.69245918038,10920048.69263416,53.41902791928106
1670.6693042495285,3,1,Bangalore,Luxury,1,6014.409495298303,18961065.881427716,73.20505950919403
2058.993566197953,3,1,Madurai,Economy,1,7412.376838312632,11023255.799905168,60.58774662242534
1229.5629410999795,3,1,Chennai,Luxury,0,4426.426587959926,16178354.87307938,70.00044024424825
3381.487257743128,3,0,Madurai,Premium,1,10144.461773229385,25626259.00090777,102.55548078981663
3860.9565079334607,1,0,Bangalore,Luxury,2,3860.9565079334607,14770799.618002607,50.48857815369
3337.10250827879,2,1,Bangalore,Economy,2,8676.466521524853,13533801.844443912,66.37720776020656
2286.4603673975002,3,0,Madurai,Standard,2,6859.381102192501,13390281.587229278,59.19450084601847
1858.77407054633,1,0,Bangalore,Premium,1,1858.77407054633,4268863.071628569,29.886268698842724
3107.634731516939,3,0,Madurai,Premium,2,9322.904194550818,23700486.930374797,85.78017077602969
1621.5731242929578,1,1,Madurai,Economy,0,2594.5169988687326,4041152.8138495767,29.695139133600236
1230.2625304546061,3,0,Coimbatore,Premium,1,3690.787591363818,9299431.879953135,49.467341254823516
3620.2396462878455,2,1,Madurai,Premium,0,9412.623080348398,24688202.125448797,97.83225816221328
3679.6144658276867,2,0,Chennai,Premium,0,7359.228931655373,17601707.81971784,74.40144939838558
1317.6747404310504,3,0,Hyderabad,Luxury,2,3953.024221293151,11738855.619382199,50.730029689347155
2020.1940478466493,2,0,Madurai,Luxury,1,4040.3880956932985,16029980.284090037,57.431954223095325
3620.6936476145793,2,0,Bangalore,Standard,1,7241.387295229159,13025024.80837007,63.42311956049056
3280.95365887201,1,0,Hyderabad,Standard,1,3280.95365887201,5978865.943653248,35.55680174955855
3794.5631233747868,2,1,Hyderabad,Premium,1,9865.864120774446,22382151.2925641,107.30957641910418
2877.576745081506,2,1,Madurai,Premium,0,7481.699537211915,19485437.35088435,80.08458007761874
3113.5056782175193,2,0,Chennai,Standard,0,6227.011356435039,11113886.156716118,53.94381665526455
1830.5030591215586,1,0,Hyderabad,Luxury,0,1830.5030591215586,6042402.812435351,34.694693764021736
2118.071930758756,1,0,Bangalore,Standard,0,2118.071930758756,3520832.519123967,27.975496482408218
1072.826318837954,1,0,Bangalore,Luxury,0,1072.826318837954,3097438.544124229,28.27070605869571
3519.588571395375,3,1,Bangalore,Premium,1,12670.518857023348,29928184.291713096,126.98979379367185
2896.0790284962877,1,1,Madurai,Premium,0,4633.72644559406,10542834.555063862,50.379545519888
2729.4324182099335,3,0,Madurai,Luxury,1,8188.297254629801,30763118.81218439,86.04505045308203
3626.1301695219763,1,0,Madurai,Premium,2,3626.1301695219763,8395841.349289456,42.861557735588455
3748.4722816006283,3,0,Coimbatore,Luxury,2,11245.416844801885,38418322.01180978,122.98732469241823
3026.0456257380383,1,0,Madurai,Luxury,1,3026.0456257380383,10215717.197921772,38.77986395458461
3206.5899790411786,1,1,Bangalore,Premium,1,5130.543966465886,13155142.36113215,51.63281098548493
2751.659973341758,2,0,Bangalore,Premium,2,5503.319946683516,12978633.690825712,63.80791084568917
980.4102121297678,3,0,Coimbatore,Economy,0,2941.2306363893035,4087186.8633326017,36.11033046169322
3034.345567402016,3,1,Bangalore,Standard,0,10923.644042647258,19961548.219799854,87.64167672991213
1847.0400705245734,3,0,Hyderabad,Standard,2,5541.12021157372,9911634.67753036,59.8651409668005
3193.8859702500044,3,0,Madurai,Economy,1,9581.657910750013,13584660.134205934,73.98133959627297
1103.2668530944627,3,0,Chennai,Premium,2,3309.800559283388,8966052.775733583,48.17395149024684
3125.819651047157,1,0,Bangalore,Economy,1,3125.819651047157,4185600.083145618,31.184570134804027
2143.582690784982,1,0,Coimbatore,Luxury,2,2143.582690784982,8182272.97274397,33.31527879686701
1949.32460362865,3,0,Hyderabad,Economy,1,5847.97381088595,8230388.094691328,49.72773317895659
1370.4793866305306,1,0,Madurai,Luxury,1,1370.4793866305306,4342426.511616793,24.730554231747192
858.6218963313399,1,1,Hyderabad,Premium,1,1373.795034130144,3393869.4447110505,28.623515085575736
3926.180533751409,2,1,Madurai,Premium,0,10208.069387753663,24153798.167356182,94.7676671095857
2021.4714210993332,3,0,Chennai,Luxury,0,6064.414263297999,21212824.558563463,81.00741312496207
3439.830174273784,1,0,Hyderabad,Standard,0,3439.830174273784,6212436.737726558,34.03957053200197
977.5703074273941,1,1,Madurai,Standard,2,1564.1124918838304,2733524.694712636,25.517105989855786
2764.7843969114147,1,0,Coimbatore,Economy,2,2764.7843969114147,3875800.267242718,24.810760982777694
2001.5911722291871,3,0,Coimbatore,Economy,2,6004.773516687561,8394773.328545334,49.17537745226348
2901.190238314013,3,0,Hyderabad,Premium,0,8703.57071494204,21189432.67045732,88.78018527380004
2256.0353033822635,3,1,Chennai,Economy,0,8121.727092176149,10904884.269641012,68.09502094384924
2374.1325432076055,3,0,Coimbatore,Economy,2,7122.397629622817,9806290.182335842,59.50020917779782
1732.66693650527,2,0,Bangalore,Standard,0,3465.33387301054,6905528.725042281,37.10871204271999
2468.5505355146365,1,1,Madurai,Premium,2,3949.6808568234183,10258307.25391731,53.25821094506969
1987.7571862051618,2,1,Hyderabad,Premium,0,5168.16868413342,13239568.647163758,61.340026821752815
1456.8240951560642,2,1,Coimbatore,Economy,1,3787.742647405767,4866587.032348918,34.98631401168371
3203.453420487796,2,1,Hyderabad,Economy,1,8328.97889326827,12161871.828304864,66.69383127415473
2161.0707070094486,2,1,Hyderabad,Premium,1,5618.783838224566,12827725.48910399,69.84027239734152
1269.2186080882611,1,1,Madurai,Economy,1,2030.7497729412178,3243069.45230141,28.831526978882955
2568.791832309451,1,1,Bangalore,Economy,1,4110.066931695122,5873348.728341181,37.93032159283256
2502.943874739779,2,0,Madurai,Standard,0,5005.887749479558,9632915.482431682,47.71087070509976
1946.7764234636747,3,0,Hyderabad,Luxury,0,5840.329270391025,20929517.28815342,73.80364194961267
1883.1376331775284,2,0,Madurai,Standard,1,3766.275266355057,7339037.732910823,42.09475555621008
3350.6457810008205,1,1,Coimbatore,Economy,2,5361.0332496013125,7551865.474599458,51.19719041175992
1073.180093845009,2,1,Madurai,Luxury,0,2790.268243997023,9781582.317531368,52.91528475849297
3658.0438988141873,2,1,Madurai,Luxury,0,9510.914136916886,28825929.715473767,100.27227912420662
2163.5204927387526,3,1,Chennai,Economy,0,7788.673773859509,12754023.185437234,62.60630441064529
3943.2465963382283,2,0,Madurai,Economy,2,7886.493192676457,11499508.38261828,56.49955137438776
1008.8639758410479,3,1,Chennai,Premium,1,3631.910313027772,9050125.899862641,46.19310570886727
1794.139218918229,3,1,Hyderabad,Standard,1,6458.901188105625,11761408.571631473,70.35840965319473
1297.0016644694604,2,1,Madurai,Standard,0,3372.204327620597,6329166.25227715,44.88687050064631
1979.767756317263,2,0,Hyderabad,Premium,0,3959.535512634526,8684211.607855713,48.379026049597904
2839.375444570638,2,0,Madurai,Economy,0,5678.750889141276,9162707.804260086,45.22724939212702
1588.8522381110881,1,0,Bangalore,Standard,2,1588.8522381110881,3014751.4529034267,21.700509417632762
2184.237648010722,2,0,Bangalore,Premium,0,4368.475296021444,10776191.245180234,50.52864593425834
1758.1208967892248,1,0,Chennai,Premium,0,1758.1208967892248,4326993.7752732355,30.1955856941873
2168.6173091718547,1,1,Madurai,Luxury,2,3469.7876946749675,11458099.281354254,46.475938191536734
2907.9178695277,1,1,Hyderabad,Premium,1,4652.66859124432,10399047.70260211,56.95590927711907
2031.8428285713508,3,1,Chennai,Standard,1,7314.634182856863,12588018.991857732,77.48730314454481
1957.2650488160625,2,1,Hyderabad,Premium,0,5088.889126921762,11921532.529702948,65.6308730056894
3822.201479535979,2,1,Bangalore,Standard,1,9937.723846793546,18398389.081473548,82.34333494391436
1412.0927612700718,2,0,Madurai,Premium,1,2824.1855225401437,7074284.586058163,40.53599846281794
2084.2414206119165,2,0,Madurai,Premium,2,4168.482841223833,11721045.576133814,45.224299655934054
974.4721884104952,1,0,Coimbatore,Standard,1,974.4721884104952,1958172.1477610453,18.38084192550749
2609.7929390657305,1,0,Hyderabad,Premium,2,2609.7929390657305,6585363.262404596,30.812826483251815
1902.4448178112643,2,0,Bangalore,Economy,0,3804.8896356225287,5266632.697332699,37.95238920638152
3783.827058192047,3,0,Bangalore,Premium,0,11351.48117457614,27358638.54789559,99.38566547733078
3573.7180367672245,3,1,Madurai,Standard,1,12865.384932362009,22719610.812466398,101.18668570832764
3072.873115421599,2,0,Hyderabad,Luxury,2,6145.746230843198,19870441.32522206,69.35185716815755
2022.511457316067,2,0,Coimbatore,Standard,1,4045.022914632134,8129110.0926056355,44.20166206921284
3238.303182710891,3,1,Coimbatore,Economy,0,11657.891457759208,15873380.47043616,79.69876205826183
1374.4905359797335,2,1,Coimbatore,Economy,1,3573.675393547307,5309211.982150817,33.97773129832693
1820.1547576017638,1,0,Bangalore,Premium,1,1820.1547576017638,4619943.98178184,28.671250627559868
2189.5574291564662,3,1,Chennai,Standard,0,7882.4067449632785,15603993.734066218,71.89281544564815
1751.3619175220458,2,0,Chennai,Economy,1,3502.7238350440916,5421307.773902421,30.81869397462834
2149.1830333509924,2,1,Hyderabad,Premium,0,5587.87588671258,13149487.755008252,68.96539814527387
1059.2476570600454,3,0,Hyderabad,Premium,0,3177.742971180136,7631467.31960599,39.55066213097767
1780.517335532629,3,0,Hyderabad,Luxury,1,5341.552006597887,19647614.34406723,74.73096877915488
2960.460334220315,1,1,Coimbatore,Standard,1,4736.736534752504,8439036.353545183,44.23880929249309
3810.065098753676,3,0,Coimbatore,Economy,1,11430.195296261028,18383735.091835868,83.78530540015937
1549.0438527491688,3,0,Bangalore,Premium,1,4647.131558247506,11130955.328564854,58.43766045422276
1463.8694447356108,2,1,Chennai,Economy,0,3806.0605563125882,5537807.323049294,43.264855228678975
2493.5841822703137,2,0,Chennai,Standard,0,4987.168364540627,9300331.744752968,44.52840644804757
2658.43549424721,3,0,Hyderabad,Premium,1,7975.30648274163,17872023.340818264,73.47541322580976
1909.9424349724466,3,0,Hyderabad,Premium,1,5729.8273049173395,14802247.047558919,71.03439863085005
868.6075731939625,1,0,Coimbatore,Standard,0,868.6075731939625,1497726.3376673711,19.793028568885454
3783.3781847836153,2,0,Madurai,Standard,0,7566.756369567231,13025392.56607059,64.0504451104978
2231.3329275924098,2,1,Madurai,Luxury,2,5801.465611740266,18487002.51756385,74.77720428701656
1165.5950504257803,3,0,Bangalore,Economy,0,3496.785151277341,5422503.674940765,39.25607096458604
1802.1156571589727,2,0,Chennai,Economy,2,3604.2313143179454,5090863.198086257,32.31898083812916
2285.665295884673,2,0,Madurai,Luxury,0,4571.330591769346,14805141.869305639,59.26498809569661
1130.5615290024957,2,0,Chennai,Economy,1,2261.1230580049914,3396067.06597799,25.767882351642186
2628.51645774155,1,0,Bangalore,Premium,1,2628.51645774155,6273622.0335012255,33.32541905668245
3874.9357809857966,3,0,Hyderabad,Luxury,1,11624.807342957389,44457893.00372597,131.99739299113915
3540.3971142873675,1,1,Madurai,Standard,2,5664.635382859788,9734268.42812097,58.17087658322278
3949.361552368247,3,0,Bangalore,Luxury,0,11848.08465710474,40655727.59711409,138.9555346123709
1634.6725209727242,3,1,Chennai,Premium,2,5884.821075501806,14238372.519860905,76.96816132066444
3592.4374006118333,2,0,Madurai,Economy,1,7184.8748012236665,9921713.141973848,58.78904280277421
1325.6437239059967,2,0,Madurai,Premium,0,2651.2874478119934,6769494.550305181,37.84599816881398
3542.7110065915444,2,0,Chennai,Premium,1,7085.422013183089,19444737.52824438,69.28943892287262
2495.636204736604,2,0,Hyderabad,Luxury,0,4991.272409473208,16726910.323165312,58.15687897903503
2806.132093804466,1,1,Chennai,Luxury,0,4489.811350087146,16822362.07087247,63.82081169180049
1986.8489991629601,1,0,Coimbatore,Luxury,2,1986.8489991629601,6927117.071487245,35.23212293880045
3256.67216498403,2,0,Chennai,Luxury,0,6513.34432996806,24508764.286700454,80.24334784015993
1457.8295211149011,1,0,Madurai,Premium,2,1457.8295211149011,3708743.8237597607,24.428670135430558
1712.0573096306184,1,1,Coimbatore,Premium,2,2739.2916954089897,6765333.0480759805,35.79177675372013
1455.9358182539058,2,0,Chennai,Premium,0,2911.8716365078117,6743394.2458582185,36.52510992193771
2041.6883786928456,2,0,Chennai,Economy,2,4083.3767573856912,5984038.710094863,36.88726328125319
825.7865244657125,3,0,Bangalore,Standard,0,2477.359573397138,4413266.308545911,31.32642127182648
2380.452327059994,1,0,Hyderabad,Luxury,0,2380.452327059994,8254433.811966491,34.2608344532828
1955.502217623474,2,0,Chennai,Standard,1,3911.004435246948,6786006.447118322,39.07516772660008
2486.7965496886322,3,0,Coimbatore,Economy,2,7460.389649065897,10569196.50595465,56.06079833301107
3604.174153469305,2,0,Hyderabad,Standard,2,7208.34830693861,12443581.635915272,57.304129338806675
3298.986175329582,2,0,Hyderabad,Standard,2,6597.972350659164,12998539.658226984,61.77828464086839
3003.466259132234,3,1,Chennai,Economy,1,10812.478532876043,14139945.772097098,88.30648981573279
1523.1576501167758,3,0,Hyderabad,Luxury,1,4569.472950350328,16566411.512588257,68.40749943759315
2999.285157505381,3,0,Bangalore,Luxury,2,8997.855472516143,27575011.221665327,94.00563106032739
2428.2907140176217,3,0,Hyderabad,Economy,1,7284.8721420528655,10957082.835014539,66.04401266471416
3991.7277843757606,2,0,Coimbatore,Premium,1,7983.455568751521,19941019.75029298,75.71650196955585
3971.6852644741984,1,0,Coimbatore,Premium,1,3971.6852644741984,10290515.26607807,49.39143117404168
2049.3546438204535,1,1,Bangalore,Standard,0,3278.967430112725,5525282.692973299,41.69184281006117
2917.506151656731,2,0,Madurai,Luxury,2,5835.012303313462,24096727.06649076,67.87740321388493
1156.906689125365,2,1,Chennai,Premium,2,3007.9573917259486,6911157.904227927,44.94536066382653
907.5509194080201,2,0,Madurai,Standard,1,1815.1018388160403,3251534.080695166,28.802457245372747
3852.4642044727693,3,0,Coimbatore,Standard,2,11557.392613418308,21571046.713691544,97.98706598205526
1713.8805753409802,3,0,Coimbatore,Premium,2,5141.641726022941,13704273.19611115,61.26312674725323
3634.4374211603817,2,0,Bangalore,Standard,1,7268.8748423207635,12990434.086792877,70.3536303154928
1310.8571770085855,3,0,Coimbatore,Premium,1,3932.5715310257565,10004018.635273876,45.59033478745025
1137.0001890873884,2,0,Coimbatore,Economy,2,2274.000378174777,3045575.5942234234,27.36016286839146
1161.2902753939704,2,0,Chennai,Premium,0,2322.580550787941,5671163.454911228,32.45202059763646
2153.6462279736406,1,1,Bangalore,Economy,0,3445.833964757825,5005648.81018023,34.3858933941115
856.912452039947,2,0,Chennai,Premium,1,1713.824904079894,4549694.858623003,29.63356510385108
2105.3931873737483,2,0,Coimbatore,Premium,1,4210.786374747497,9843272.782285249,54.866865796616935
3688.7694754944046,1,1,Bangalore,Premium,1,5902.031160791047,13924172.094984666,57.88058715982399
2252.9984151148183,3,0,Bangalore,Luxury,1,6758.995245344455,25568807.767588142,81.75418733153202
2981.7497961100366,1,0,Madurai,Luxury,0,2981.7497961100366,10647753.009814676,44.79197484687684
2021.402578396787,3,0,Hyderabad,Premium,0,6064.207735190361,13080525.141637733,61.819250381542275
2459.3005866134667,2,0,Chennai,Economy,0,4918.6011732269335,7356453.090022709,38.17376138624093
1087.9537803187861,1,1,Bangalore,Standard,0,1740.7260485100578,3126629.3361362694,27.149051214335913
3031.9130623225606,2,1,Bangalore,Economy,0,7882.973962038657,10777166.846235815,56.348066612770296
2293.3148215045553,2,1,Chennai,Luxury,0,5962.6185359118435,21545073.653596155,78.04532736388973
1074.1254209503134,2,1,Madurai,Premium,0,2792.7260944708146,6662797.912479302,44.15486456304274
3173.3148438978837,3,0,Bangalore,Premium,2,9519.94453169365,23385682.03960987,100.44675179032399
2121.5745926172403,2,1,Madurai,Economy,0,5516.093940804825,7382620.390947361,46.13988734088626
3698.78114019191,3,0,Bangalore,Economy,0,11096.34342057573,14653524.959593771,92.05640635859235
3853.291926781369,3,0,Chennai,Luxury,0,11559.875780344108,40458535.01986241,132.75367644883195
3116.8281349169724,1,0,Hyderabad,Premium,2,3116.8281349169724,7428817.196415685,36.491753295029426
1058.7831866627394,1,0,Bangalore,Standard,0,1058.7831866627394,1961832.4591253586,17.528067219970538
1686.0854071710005,3,1,Hyderabad,Standard,1,6069.907465815602,11131014.945863519,65.71511416867207
1388.6317371116288,3,1,Chennai,Premium,0,4999.074253601863,11776012.433176868,66.05232696719249
2368.3567252366574,1,0,Madurai,Luxury,2,2368.3567252366574,8055642.6771452455,40.58536959351562
1621.5608788249974,1,1,Bangalore,Economy,0,2594.497406119996,3538206.0452724774,27.66739981888178
3763.666391265874,2,0,Bangalore,Standard,1,7527.332782531748,12943027.239715401,69.14228202778261
1071.2303144810298,1,1,Chennai,Standard,2,1713.9685031696476,3090817.544969807,28.819181445956705
3604.7539618795695,1,1,Coimbatore,Standard,1,5767.60633900731,11627433.1010826,59.471723762557225
828.4281722522494,3,0,Chennai,Standard,2,2485.2845167567484,4396226.5710950205,31.686433893381384
1194.4179838428215,3,0,Hyderabad,Standard,0,3583.2539515284643,6526424.067982724,38.48227958666248
2362.68206078502,1,1,Coimbatore,Economy,0,3780.2912972560316,5776888.213426378,33.0973484927317
2519.897806416977,3,0,Coimbatore,Premium,1,7559.693419250931,19758889.84728849,79.39848580426991
2949.65747346036,1,0,Hyderabad,Economy,2,2949.65747346036,3801929.691553708,32.62739600088247
3937.2528619542186,2,0,Hyderabad,Premium,0,7874.505723908437,19970570.75818056,78.97840775230222
1268.4030037381024,3,1,Hyderabad,Standard,0,4566.250813457168,7691493.059665381,55.24438301456278
1031.2704392167582,3,0,Coimbatore,Premium,2,3093.8113176502748,7108060.830220121,41.127339661273176
3631.3698590726267,3,0,Madurai,Economy,1,10894.10957721788,15215167.686668942,80.96244820720482
3303.813232640619,3,0,Hyderabad,Economy,0,9911.439697921856,14141661.837271875,71.3564902111442
1699.1271484144431,3,0,Coimbatore,Standard,2,5097.381445243329,8562816.340144249,56.46751957740817
2943.816362764052,2,0,Coimbatore,Standard,1,5887.632725528104,11822387.093094444,51.81546468039298
3779.2915080882003,2,1,Hyderabad,Premium,2,9826.15792102932,23455460.111850344,88.31021751946783
1615.6222605157875,3,0,Madurai,Economy,1,4846.866781547363,7195808.933293424,39.52715419368387
3539.6167051297466,3,1,Hyderabad,Standard,0,12742.620138467088,24992692.864919577,105.86192722179958
3189.013356170857,1,1,Madurai,Economy,2,5102.421369873371,6523843.113228777,42.4211906158247
1258.2320124167748,2,0,Madurai,Luxury,2,2516.4640248335495,7943940.476212915,41.92430194419517
1945.87296605881,1,0,Chennai,Premium,1,1945.87296605881,4555244.901129387,31.327287811459183
2173.896906786478,2,1,Madurai,Premium,1,5652.131957644843,12258321.6780588,60.34770717440781
3736.4262109494725,3,0,Coimbatore,Economy,2,11209.278632848418,16095902.366260739,75.8794430980138
3088.613986091677,1,1,Hyderabad,Economy,0,4941.782377746683,7250664.01341083,41.78480130680711
2647.6776548258913,1,1,Coimbatore,Luxury,0,4236.284247721426,13903958.902953306,60.22785099758403
2992.609942445964,2,0,Hyderabad,Standard,1,5985.219884891928,11869951.257956872,57.27778606086518
2063.572874061735,3,0,Hyderabad,Standard,2,6190.718622185205,10576493.706512352,53.02791148111404
3478.6382266211026,3,1,Chennai,Premium,2,12523.09761583597,31373459.313938055,125.51333166212144
2640.428974091704,1,0,Hyderabad,Premium,0,2640.428974091704,6883917.3392410055,38.432246191913755
2393.40177086594,2,0,Bangalore,Premium,2,4786.80354173188,12072454.221638659,57.95219398317964
3732.066679499301,2,1,Madurai,Economy,2,9703.373366698183,16271116.35078259,79.71272502280013
3020.758623421822,1,0,Chennai,Premium,1,3020.758623421822,7923913.5087023275,37.35249464759817
3010.584397779419,2,0,Madurai,Premium,2,6021.168795558838,14861762.214619482,64.02778711239066
1324.7615102683856,2,0,Chennai,Standard,2,2649.523020536771,4644579.0558234835,30.007281834431947
1827.1126168816022,1,1,Coimbatore,Economy,2,2923.3801870105635,3710718.50994856,31.422364717295437
2182.72927171721,2,0,Hyderabad,Economy,1,4365.45854343442,6108495.871396889,35.984295671594914
2830.6256273095555,1,0,Chennai,Economy,0,2830.6256273095555,3996290.999653051,25.146453646749244
2598.862254427442,1,1,Chennai,Luxury,1,4158.179607083907,15293221.12630931,62.35956241059759
2238.4677523062496,3,1,Hyderabad,Standard,2,8058.483908302499,15003215.47237268,69.28061030341834
2545.8379095854248,3,0,Madurai,Luxury,1,7637.513728756274,28472185.563692886,85.25647316449323
2025.8009988302956,2,0,Chennai,Luxury,2,4051.601997660591,16528726.831175968,51.317373752505354
3117.343705839283,1,0,Chennai,Standard,0,3117.343705839283,5536205.639260219,34.02559872279535
1813.5956756806781,2,1,Coimbatore,Economy,0,4715.348756769763,6669170.844384227,43.264389034967735
3446.1565086939554,2,1,Madurai,Standard,2,8960.006922604283,16317215.120188834,74.86704277923543
2355.3442383463334,1,0,Chennai,Standard,2,2355.3442383463334,4300683.0024478,28.16835696791747
1361.3161332973152,1,0,Hyderabad,Economy,2,1361.3161332973152,1955133.0093439266,20.529123091388925
3009.7684492788635,1,0,Madurai,Luxury,1,3009.7684492788635,9022822.466848198,42.034218101789534
2294.957226727829,2,0,Coimbatore,Premium,1,4589.914453455658,11863609.109828606,49.03806534658871
2432.7258470374236,2,0,Hyderabad,Premium,0,4865.451694074847,13016588.672932027,60.43123196051592
831.3859670847244,3,0,Chennai,Premium,1,2494.1579012541733,6823338.49200026,39.462053114369844
3554.331390041871,3,1,Coimbatore,Luxury,0,12795.593004150736,45051337.54948198,138.86177449800755
2312.6620756361253,3,0,Madurai,Luxury,0,6937.986226908376,22513537.75648006,91.41699903101102
3288.826413545554,1,1,Madurai,Economy,1,5262.122261672886,7699497.918410487,51.783676660465034
2727.186973457033,2,0,Bangalore,Standard,2,5454.373946914066,9932372.701727632,57.53376009490125
1747.6942984443453,1,0,Chennai,Standard,1,1747.6942984443453,3293104.358555826,21.81661335288098
2863.536981430805,2,0,Madurai,Economy,2,5727.07396286161,7765183.725940483,53.74234460903269
1558.1867173495841,2,0,Coimbatore,Premium,1,3116.3734346991682,7667155.05610363,36.38094623533483
3862.7974261937925,2,1,Hyderabad,Standard,2,10043.27330810386,16554744.566419462,78.84455109528537
1599.658223575567,1,0,Madurai,Luxury,2,1599.658223575567,5517248.048167762,30.360990064752702
2526.1899375613953,3,0,Chennai,Economy,1,7578.569812684185,9592512.623338835,64.43507151362068
1455.7313040511992,2,0,Chennai,Premium,1,2911.4626081023985,7559514.384618591,39.47565322101369
1361.4559046302113,3,0,Coimbatore,Luxury,1,4084.367713890634,14458423.313403081,51.94900313796896
928.7832659816022,3,0,Bangalore,Economy,1,2786.3497979448066,4329763.721664668,32.158815546595086
3856.915827205831,3,1,Coimbatore,Standard,1,13884.896977940993,23020315.87413265,112.44778389649089
3450.6334996538963,3,0,Chennai,Luxury,2,10351.900498961688,35013303.42587383,101.14415395680882
3674.4950641401438,2,0,Madurai,Economy,2,7348.9901282802875,11350080.115209656,58.19972144165015
2522.653853631434,3,1,Chennai,Economy,2,9081.553873073162,11367418.985432424,74.63781901776615
3161.0714838347153,3,0,Chennai,Economy,2,9483.214451504145,14900498.703555146,64.88675139359408
1554.9443535148278,3,0,Hyderabad,Luxury,1,4664.8330605444835,16871015.856719296,66.95374318550016
937.3956955766946,3,0,Bangalore,Luxury,1,2812.187086730084,9954715.304854112,42.30236983286165
1392.7146586590013,2,1,Coimbatore,Economy,0,3621.0581125134036,5335916.523696731,40.026383053961055
863.0057983224035,2,0,Coimbatore,Luxury,1,1726.011596644807,5164733.091578401,36.55406993081578
3867.547360142144,1,0,Hyderabad,Standard,1,3867.547360142144,6996630.96503119,37.06812022760786
2698.3607090093356,2,0,Madurai,Luxury,2,5396.721418018671,19434764.1688475,71.6230260625535
3313.3474964731513,2,1,Bangalore,Premium,1,8614.703490830194,20917741.274443526,94.32023779920773
3071.455335302607,2,0,Bangalore,Luxury,2,6142.910670605214,24177814.04758852,78.06900600189088
3335.9597509311347,3,0,Chennai,Premium,0,10007.879252793404,24761085.070327297,86.13849808531796
928.9000261320688,1,1,Coimbatore,Standard,1,1486.24004181131,2528171.8917094916,27.129704993046747
3280.752729465374,1,1,Madurai,Luxury,2,5249.204367144599,19794546.6225186,73.51106343521543
3440.1245139947573,2,1,Hyderabad,Luxury,0,8944.32373638637,28571106.59964837,104.25268205873085
1754.0575076740488,3,0,Chennai,Premium,2,5262.172523022146,13642092.548753694,63.67219552489122
3281.6610576761905,3,0,Coimbatore,Economy,0,9844.983173028571,15089059.517199477,66.7035970559015
3274.8551188120714,1,0,Chennai,Standard,0,3274.8551188120714,5934463.943855455,32.666259218126704
2183.938337337987,1,0,Coimbatore,Economy,0,2183.938337337987,3026892.526391695,25.267806956922943
3149.1423388196054,2,1,Hyderabad,Standard,2,8187.770080930974,16330189.543211646,76.4521380540927
1118.2771118470075,1,0,Coimbatore,Luxury,0,1118.2771118470075,3418727.1790141985,23.320738637438993
3986.7405733701194,2,0,Hyderabad,Standard,1,7973.481146740239,13118175.016597195,67.70639974914994
1940.1494897659416,3,0,Bangalore,Premium,0,5820.448469297825,14074779.331630658,63.949723126044645
1676.2259817159065,3,1,Hyderabad,Standard,2,6034.4135341772635,11393200.794982731,60.31354456569776
3908.1479277713456,3,0,Coimbatore,Standard,0,11724.443783314036,20920020.21764567,102.87374947757344
3900.8414832095996,2,0,Madurai,Standard,2,7801.682966419199,15814269.001905078,69.73978289609919
3751.441850306985,2,0,Chennai,Premium,2,7502.88370061397,16780442.008386254,75.73985468253215
3012.9095202463254,1,1,Madurai,Premium,0,4820.6552323941205,10879599.200072154,48.971889084116675
2118.074552351797,3,1,Chennai,Economy,0,7625.0683884664695,11411349.054023469,61.72395358801148
3584.153589140454,2,0,Hyderabad,Premium,0,7168.307178280908,17272108.288811605,80.7898735499636
2843.129333162365,3,0,Madurai,Premium,0,8529.387999487095,19822583.814589705,85.22501737857695
3632.905053110081,3,0,Chennai,Premium,2,10898.715159330244,29964749.544598516,94.3976146685915
1539.6843762005667,2,1,Coimbatore,Economy,2,4003.1793781214733,6086150.740160647,39.65061356872127
3314.005773721593,1,0,Coimbatore,Standard,0,3314.005773721593,6015016.458067524,34.092167435003724
1954.581843986404,2,1,Madurai,Luxury,0,5081.912794364651,19169809.66748719,67.59769513020277
3276.9974622275713,1,0,Chennai,Economy,0,3276.9974622275713,4820351.046503089,32.39418917395327
1690.1749654665687,2,0,Bangalore,Luxury,2,3380.3499309331373,12057787.74619598,49.47539066682564
2893.338598374183,1,1,Chennai,Premium,1,4629.3417573986935,11426372.38713732,54.740362184517856
1170.2796616432706,1,0,Bangalore,Premium,2,1170.2796616432706,2872900.1039039516,21.55972429832655
1912.8480669268092,3,1,Chennai,Standard,0,6886.253040936514,12726643.009022184,67.0560270362832
3527.5374732399523,2,0,Chennai,Economy,2,7055.074946479905,9615664.456400746,50.020641263841455
2280.1087532105616,2,1,Coimbatore,Economy,2,5928.28275834746,9092047.247525,53.29855522744367
1087.0377504264147,3,1,Bangalore,Premium,2,3913.335901535093,9942075.463373788,58.800106386483904
3965.4608825538976,1,0,Hyderabad,Economy,0,3965.4608825538976,5116890.20156609,37.77475963693784
3529.357946171039,3,0,Bangalore,Standard,2,10588.073838513117,20629077.111038923,89.52973678354077
3632.7327494757524,3,1,Madurai,Luxury,1,13077.83789811271,43781940.05101891,147.68052917681516
1250.6533357795665,3,0,Chennai,Luxury,1,3751.9600073386996,13597022.197000679,56.692724546552796
1805.0476045435105,2,1,Madurai,Economy,1,4693.123771813127,6615498.02994984,48.49665889854071
1804.220097046917,2,1,Madurai,Standard,2,4690.972252321984,9169164.188052699,52.94345577500205
1869.6427992934694,1,0,Madurai,Luxury,1,1869.6427992934694,6406255.3622251535,32.935858584253495
1987.557324085082,3,1,Madurai,Economy,1,7155.206366706296,10995516.726282608,57.28714026802755
3949.599252772129,2,0,Hyderabad,Luxury,0,7899.198505544258,27253885.59114893,81.68219025547914
1448.3802212008914,2,1,Bangalore,Standard,1,3765.7885751223175,7043920.44461085,46.228760717660144
1346.4145631878284,1,0,Bangalore,Luxury,0,1346.4145631878284,5229477.087920235,24.693719394095364
3093.4835507261655,2,1,Hyderabad,Standard,2,8043.05723188803,16427359.183169065,66.34433292728652
2054.847760371679,3,1,Madurai,Luxury,1,7397.451937338045,22841766.486331712,84.45169771226924
2860.793451617515,2,0,Chennai,Standard,1,5721.58690323503,11304055.537164336,54.017201258018474
2309.2889642508435,2,1,Hyderabad,Economy,0,6004.151307052193,8593540.908008864,53.03919057876424
1229.7502860645973,1,1,Bangalore,Luxury,2,1967.6004577033555,7073582.164477333,36.054835670869856
1990.7846272256918,1,1,Madurai,Luxury,1,3185.2554035611065,9570258.501740912,48.69392240630462
2577.5797836620836,2,0,Madurai,Economy,1,5155.159567324167,6778366.184027419,47.88660203352647
2474.3408891697018,2,1,Bangalore,Economy,0,6433.286311841224,9858121.622310858,54.26934962015639
1162.874647503708,3,0,Hyderabad,Premium,2,3488.6239425111244,8381503.520401996,50.48026801555589
1764.4748077349839,2,0,Madurai,Luxury,1,3528.9496154699677,12391920.895420775,50.86541626313113
3629.4223079307817,2,0,Madurai,Premium,2,7258.844615861563,17923325.37580782,77.35423651427483
2350.5231396020695,3,0,Chennai,Standard,2,7051.569418806208,13602356.949363409,68.34366045677076
1648.4768070944342,3,1,Coimbatore,Luxury,0,5934.516505539964,24385643.414884247,85.2600605965756
2656.139376953915,3,0,Coimbatore,Standard,0,7968.418130861744,14098227.676239109,78.2138398296344
2257.9281200053188,1,1,Coimbatore,Premium,1,3612.6849920085097,8665224.193443514,43.710495319503934
1397.3885629258134,3,1,Chennai,Economy,1,5030.598826532929,7721255.098208512,49.25489989850102
1535.34618753683,1,0,Madurai,Luxury,0,1535.34618753683,5241208.086188423,26.724074831935248
1207.2047353086584,3,0,Madurai,Premium,1,3621.6142059259755,8019413.7182033,45.41837651997741
804.2235807498549,1,0,Coimbatore,Standard,1,804.2235807498549,1524068.1344342986,18.360581683132764
3372.01583222141,1,0,Madurai,Premium,2,3372.01583222141,8336453.5651496155,39.995135711477616
2136.7558224370005,2,1,Bangalore,Luxury,2,5555.565138336201,17609262.701021276,67.26926402501665
2654.098019477295,2,0,Madurai,Economy,0,5308.19603895459,7325252.696629162,40.750972524345435
3086.5334446400166,2,0,Hyderabad,Standard,0,6173.066889280033,11679223.901629787,57.7450931687745
3495.5417206988227,3,0,Madurai,Luxury,0,10486.625162096469,39775056.177969195,101.71173801675954
2962.5310836095523,3,0,Coimbatore,Premium,0,8887.593250828657,21102358.604983628,93.85916697435094
3277.489786132348,3,1,Coimbatore,Premium,1,11798.963230076453,28328900.1559794,124.06836459917616
1440.8516950975877,1,1,Bangalore,Premium,1,2305.3627121561403,5291793.681869547,39.69721133690009
3745.712739966808,1,0,Coimbatore,Luxury,0,3745.712739966808,14046299.277775036,47.236027923368205
2067.5902881652887,1,0,Coimbatore,Luxury,0,2067.5902881652887,6664756.141893514,35.62893031045788
893.638749335463,2,0,Coimbatore,Standard,1,1787.277498670926,3179669.255886145,29.431909257168094
1730.9017834556375,2,0,Bangalore,Luxury,2,3461.803566911275,11466599.657922111,47.28303413943866
2429.309213470908,2,1,Madurai,Premium,2,6316.203955024361,15074895.67567154,77.079375610549
2265.341335038787,2,0,Hyderabad,Standard,0,4530.682670077574,8446860.940238627,43.516681477889385
1029.281965540751,2,1,Coimbatore,Economy,0,2676.1331104059523,3891619.449424423,32.02605383369813
1443.467162899347,1,1,Coimbatore,Luxury,0,2309.5474606389553,6992508.934299462,40.03071091562105
1762.0221714613617,2,0,Madurai,Premium,0,3524.0443429227234,9103441.862575699,40.23614125012204
3396.98781033299,2,0,Coimbatore,Luxury,2,6793.97562066598,27105188.767363828,72.42521533426819
2406.8750484383527,3,0,Hyderabad,Standard,0,7220.625145315058,13414796.692007005,69.83950650361139
3132.524017401852,2,0,Bangalore,Standard,0,6265.048034803704,12047227.140503777,52.22093277236046
1863.4789767050315,2,0,Hyderabad,Luxury,0,3726.957953410063,13751061.92808952,49.440443520749724
3643.5471693934446,1,0,Hyderabad,Luxury,2,3643.5471693934446,11717887.516092252,54.22067899657968
2611.3522333573897,2,0,Bangalore,Luxury,2,5222.704466714779,18818940.317497257,66.04428702767427
1066.5682659577485,3,1,Hyderabad,Premium,2,3839.6457574478945,10270561.070517482,56.02670317659367
2732.85758904057,3,0,Coimbatore,Luxury,0,8198.57276712171,31627917.73226809,97.25304598231304
3696.0851118182345,2,0,Madurai,Premium,0,7392.170223636469,18744188.638797622,75.37473972891621
1804.8253608752373,2,0,Bangalore,Premium,0,3609.6507217504745,9595166.281011961,39.84822534560588
3740.3291388259336,3,1,Chennai,Luxury,2,13465.184899773361,51562473.45954613,146.1584265464443
864.6237538698653,1,0,Hyderabad,Standard,2,864.6237538698653,1551597.1072326924,17.96580566503767
1936.3032523622073,3,0,Coimbatore,Premium,0,5808.9097570866215,13308301.296382278,59.353375532265744
901.7776999482923,3,1,Bangalore,Economy,1,3246.3997198138522,4059618.389521898,33.76259772571354
1567.181353402427,2,1,Madurai,Economy,1,4074.6715188463104,5797644.29883981,39.50543318791804
2409.8257118583465,1,0,Bangalore,Standard,2,2409.8257118583465,4049933.496380499,25.79815900529325
2057.4222059947515,3,0,Coimbatore,Luxury,1,6172.2666179842545,19067599.142403793,81.86155086674138
1232.7674495511121,2,0,Bangalore,Luxury,2,2465.5348991022242,8926937.03836811,39.569408086808664
2697.126415655109,3,1,Coimbatore,Luxury,0,9709.655096358392,33605919.49884067,110.64288425908204
984.58651066734,1,0,Madurai,Standard,2,984.58651066734,1747563.9021876717,18.910339194637345
2586.052778889415,3,1,Bangalore,Economy,2,9309.790004001894,13028783.952678181,82.47258890039019
2136.9354646344195,1,1,Madurai,Economy,1,3419.096743415071,4574853.80665628,31.5624411839705
2211.3113787059856,2,0,Chennai,Luxury,1,4422.622757411971,16859264.562458124,60.93573429129791
3175.6188456215773,1,1,Bangalore,Luxury,2,5080.990152994524,18263161.800883383,57.61829286075967
1675.8256510923165,2,1,Bangalore,Standard,0,4357.146692840023,8910826.36474364,46.257800926097616
3036.568515024694,1,1,Bangalore,Standard,2,4858.5096240395105,8469649.681969713,50.31941594974641
1995.0994303457567,3,0,Chennai,Economy,0,5985.29829103727,9035310.284221591,53.85131295566281
1808.67151091552,2,0,Bangalore,Economy,1,3617.34302183104,5375601.770859734,34.112469202093045
3581.357254551497,1,1,Chennai,Premium,2,5730.171607282395,14211064.79855751,65.9889123998851
1845.6193511776987,1,0,Coimbatore,Luxury,0,1845.6193511776987,6054657.36305894,32.494708993361975
833.8147928782174,2,0,Madurai,Standard,2,1667.6295857564348,3020463.7284431257,23.88227607163179
2593.457109544692,3,0,Madurai,Economy,0,7780.371328634075,12287628.645009417,60.35040912542644
2739.4070277917367,2,0,Hyderabad,Premium,0,5478.814055583473,13232084.701451374,63.850218338384906
3243.5339493215847,3,0,Coimbatore,Economy,2,9730.601847964754,14823280.250289269,66.56336211491568
2484.849972869217,2,0,Coimbatore,Standard,1,4969.699945738434,9854919.967359232,47.200612129022026
3908.8672866629,2,0,Coimbatore,Luxury,1,7817.7345733258,27217005.87011505,96.54010529484759
1397.8701001426657,3,1,Hyderabad,Luxury,1,5032.332360513597,21082991.314959623,75.0255648804079
3963.489532884262,1,1,Bangalore,Standard,2,6341.583252614819,12835191.976916425,57.60344897686347
1010.5287744525608,1,0,Chennai,Premium,2,1010.5287744525608,2252032.8296507327,22.531145939796456
1814.1728105031557,1,0,Bangalore,Standard,2,1814.1728105031557,3453061.137244528,25.092209544354468
1210.7916753042132,1,1,Coimbatore,Economy,1,1937.266680486741,2995604.133402575,23.587997685396214
1036.2516550204236,3,0,Hyderabad,Standard,1,3108.754965061271,5962332.0065706475,41.46881779189296
1546.4508861345382,2,0,Bangalore,Premium,2,3092.9017722690764,6904830.242825692,41.955152813782604
2000.849507339007,3,0,Bangalore,Standard,0,6002.548522017021,11398681.95323443,57.14289087119493
3917.7591323348215,1,0,Coimbatore,Economy,2,3917.7591323348215,5899534.634793584,36.808752362909686
1008.5503868710624,1,0,Hyderabad,Economy,0,1008.5503868710624,1681445.7783827207,15.841765696560273
2551.962986078308,2,0,Bangalore,Standard,0,5103.925972156616,9155984.339142002,49.675817268201
1692.689399034563,1,1,Chennai,Economy,1,2708.303038455301,4178837.255883217,32.59639768413824
3187.681612245721,1,0,Hyderabad,Standard,0,3187.681612245721,6051262.209324826,31.327862718036798
3923.940021443118,3,0,Chennai,Economy,0,11771.820064329353,17789087.036505237,87.69187354301329
3471.161455286296,3,0,Madurai,Luxury,2,10413.484365858889,38098959.82079553,107.51513661950322
810.8123097869193,2,1,Bangalore,Premium,2,2108.1120054459902,4983767.136276924,36.50360901088264
2861.4575418902155,2,1,Chennai,Luxury,2,7439.78960891456,27013196.112823136,89.45993692480872
2329.9422275839897,1,0,Chennai,Luxury,2,2329.9422275839897,7318964.455710464,36.25158754393559
812.8808923327064,1,0,Hyderabad,Standard,1,812.8808923327064,1418038.1331017665,18.534596047063182
3494.524107537668,1,1,Coimbatore,Luxury,2,5591.238572060269,21279759.573222224,61.38939994629214
3498.8532682530263,3,1,Chennai,Premium,0,12595.871765710895,29178943.40094244,133.15643398542565
1278.7124996721868,1,0,Bangalore,Standard,2,1278.7124996721868,2210330.176160332,20.519404465501587
3313.57258628566,3,0,Hyderabad,Economy,1,9940.71775885698,14878528.743685996,83.897422115227
1601.828132550873,3,1,Hyderabad,Luxury,1,5766.581277183142,19655188.787524097,77.60465985611499
3625.447858711991,2,0,Hyderabad,Premium,2,7250.895717423982,15917294.430707447,66.8576541305908
1919.5938902404926,2,0,Bangalore,Standard,0,3839.187780480985,6727218.445038579,37.25563062910014
1045.0763003571676,2,0,Chennai,Economy,2,2090.152600714335,3099308.1875753263,28.07934334894768
2053.8219943133795,3,0,Chennai,Standard,1,6161.465982940139,10784310.305450225,59.889604969509506
2264.145303594919,1,0,Hyderabad,Economy,2,2264.145303594919,3186109.4584045564,25.39809265090659
1561.357319183947,1,0,Chennai,Standard,2,1561.357319183947,3004303.910475126,20.290311287898042
2974.5731811433243,1,0,Coimbatore,Premium,0,2974.5731811433243,7904976.336512659,41.16476210026731
2815.627851747838,1,1,Madurai,Luxury,0,4505.004562796541,17243230.711784277,53.70634080213482
2427.449349979888,2,1,Coimbatore,Luxury,2,6311.368309947709,23146724.188609973,70.8328365676313
2039.8131755367513,3,1,Bangalore,Luxury,1,7343.3274319323045,22886104.678118154,91.39480020643123
3741.6870757847432,3,0,Chennai,Premium,0,11225.06122735423,29331668.992134955,106.02030550252259
1420.0601436519225,1,0,Madurai,Economy,2,1420.0601436519225,2154176.1217792896,17.741272278387928
2685.9154448175505,2,0,Madurai,Luxury,1,5371.830889635101,17480401.03993605,71.01763223887113
3574.5011160853883,1,0,Chennai,Luxury,2,3574.5011160853883,13236487.273644997,45.281391583220085
3406.894241900962,1,0,Chennai,Economy,2,3406.894241900962,4709587.063677387,34.28783053960743
1532.8802537337672,2,1,Hyderabad,Luxury,1,3985.488659707795,16153891.705245221,62.146032545673606
2260.314371424792,3,0,Coimbatore,Economy,2,6780.943114274376,10017671.67025831,55.30309419647272
1759.9727057718756,2,0,Hyderabad,Economy,0,3519.945411543751,5710692.611933083,36.705558671822594
1575.7507040194366,2,0,Madurai,Economy,2,3151.5014080388733,4941069.560907916,34.456335832172506
2305.3043822937907,1,1,Coimbatore,Economy,0,3688.487011670065,5129500.160301595,33.72931605821365
3772.269756012136,2,0,Hyderabad,Economy,2,7544.539512024272,10099739.22399939,64.72316270639243
2625.769135839911,1,0,Madurai,Standard,0,2625.769135839911,4532929.063282277,26.92057234614435
2398.5453546358895,2,1,Chennai,Economy,1,6236.217922053313,8710934.056627717,51.2524401540203
1465.2417768420623,1,0,Coimbatore,Premium,1,1465.2417768420623,3762389.6614423096,26.663117598008743
1165.742979655627,3,0,Chennai,Standard,2,3497.2289389668813,6039483.171950114,44.88395680916758
2701.3099452148845,1,0,Bangalore,Luxury,1,2701.3099452148845,10172916.724631608,40.499973241067174
2603.4506968849564,1,0,Chennai,Economy,1,2603.4506968849564,4169241.556733781,26.785199905222985
2278.7677526456077,2,0,Bangalore,Luxury,1,4557.5355052912155,17824641.268518448,58.61070708393802
1836.6051845142906,3,0,Hyderabad,Luxury,1,5509.815553542872,16979992.99589263,69.6609353915975
3928.3691760760103,1,0,Coimbatore,Luxury,1,3928.3691760760103,12293608.585586216,55.84362132204617
1331.4062220862095,1,0,Madurai,Economy,2,1331.4062220862095,1985544.9922200406,19.91636084492751
1669.659832556152,1,0,Madurai,Economy,2,1669.659832556152,2353771.9051401666,20.047217080554578
2064.9359934421495,1,0,Madurai,Economy,2,2064.9359934421495,3134047.526191312,23.46423016397094
3595.501418533195,3,0,Bangalore,Economy,1,10786.504255599586,16329514.23835469,78.95868926448532
2089.170365280333,2,1,Chennai,Economy,2,5431.842949728866,7637175.249589223,54.05481820185162
1826.1271239131197,3,0,Hyderabad,Standard,1,5478.381371739359,10931053.227133874,59.482131755162406
1177.3001978249094,1,0,Chennai,Economy,2,1177.3001978249094,1655532.1582577096,17.376903214496963
2677.6083831875853,2,1,Chennai,Economy,2,6961.781796287722,9968519.419851698,64.75684038331448
2268.0177023662536,2,0,Chennai,Standard,2,4536.035404732507,7823540.259708257,50.19046003532453
1544.6662412443889,3,0,Coimbatore,Luxury,0,4633.998723733166,16261975.723616805,69.05693527534486
2994.3262434421827,2,0,Chennai,Premium,0,5988.652486884365,15418728.776210077,60.01226876122661
3217.477481914387,3,0,Coimbatore,Standard,1,9652.432445743161,19627765.937263686,79.87076897765243
2420.005550391446,3,0,Madurai,Standard,2,7260.016651174337,14147706.935900195,60.8540300069203
2528.005001969233,3,0,Madurai,Premium,0,7584.015005907699,19680837.74190626,73.12773271539045
1076.0516514019087,3,0,Hyderabad,Premium,1,3228.154954205726,7777535.64955568,45.89645234358254
2253.5329846630448,2,0,Chennai,Standard,1,4507.0659693260895,7968186.787702723,41.14250567963108
1379.4582473854114,3,0,Madurai,Economy,1,4138.374742156234,5557966.202118865,37.52825004520134
3672.6567247122575,3,0,Bangalore,Luxury,2,11017.970174136772,35411865.32082534,107.53693526243308
2984.4537646241943,2,1,Hyderabad,Premium,0,7759.579788022905,17684688.293945488,77.88510086618926
3869.836494426284,2,0,Coimbatore,Standard,2,7739.672988852568,14266785.912445558,69.11783755693428
3585.1482601248786,2,0,Madurai,Luxury,0,7170.296520249757,26949570.19085481,75.88622051179149
3038.830934404352,3,0,Coimbatore,Luxury,2,9116.492803213056,28283985.762355953,104.37268910473446
3143.664146743218,1,0,Coimbatore,Luxury,0,3143.664146743218,12011706.233680533,42.65197208436171
3716.5737882822427,2,0,Chennai,Standard,1,7433.1475765644855,13915107.973689288,70.12904588263795
3401.0348629407845,1,0,Madurai,Luxury,0,3401.0348629407845,13134598.59203386,43.339515986022604
3003.937144340236,3,0,Hyderabad,Economy,0,9011.811433020708,13416009.72129442,62.77924868139512
1494.9264510606151,1,0,Madurai,Premium,0,1494.9264510606151,3828557.243981191,27.61997945628732
1279.4121153475305,2,0,Chennai,Standard,1,2558.824230695061,4688102.235521957,29.74375584357897
1732.4872521223836,1,0,Madurai,Luxury,1,1732.4872521223836,5752488.914709544,35.09495549159085
2681.9570254579276,1,0,Coimbatore,Luxury,1,2681.9570254579276,11000599.494639728,38.27804105292752
1842.4579828587791,2,0,Hyderabad,Standard,1,3684.9159657175583,6558863.341995031,41.28960996328453
1930.8747309044943,1,0,Chennai,Premium,0,1930.8747309044943,4498871.009335553,27.784676103913284
1915.4916812050658,1,0,Hyderabad,Premium,1,1915.4916812050658,4288251.263396093,29.639552869120948
2696.524640427183,3,0,Madurai,Economy,1,8089.573921281549,12737981.885188706,57.289852319561454
1028.9242300492044,2,0,Coimbatore,Luxury,1,2057.848460098409,6874324.727771906,32.93159225473477
2802.4621282622684,3,0,Chennai,Standard,2,8407.386384786805,16761759.172550661,66.73125662177138
3476.191600050149,3,0,Madurai,Luxury,0,10428.574800150447,35653342.6510865,108.14202351192353
2123.7960439648123,1,0,Madurai,Economy,0,2123.7960439648123,3242050.351166194,23.355220323437816
925.22321434835,2,0,Chennai,Economy,0,1850.4464286967,2385480.8763320316,22.3554221191898
1607.0988584587906,3,1,Hyderabad,Luxury,0,5785.5558904516465,19874463.32231157,72.21064917954943
2547.993496329243,2,0,Coimbatore,Economy,1,5095.986992658486,6438947.424790529,40.364095127529815
1699.9133901488556,1,1,Bangalore,Standard,1,2719.861424238169,4959970.900858336,37.42648166269637
3093.221087249315,2,0,Madurai,Economy,0,6186.44217449863,9200835.355199419,48.60982655957288
2719.8217324943057,2,1,Coimbatore,Standard,1,7071.536504485195,13422485.070161503,71.4499240229037
2294.731815405664,2,0,Chennai,Standard,0,4589.463630811328,9423961.708260285,47.31391242486197
2481.565536669816,3,0,Madurai,Standard,0,7444.696610009449,14024388.07780564,65.5243407308642
3887.434001511193,2,1,Bangalore,Luxury,2,10107.328403929101,37051273.13004234,119.16039778023479
3695.9260217013803,1,1,Coimbatore,Premium,1,5913.481634722208,13842026.461971646,59.802604479903295
2312.5271339675032,3,1,Bangalore,Luxury,1,8325.09768228301,24845597.701108582,96.64348940690894
3967.748772079808,2,0,Chennai,Economy,0,7935.497544159616,12924055.451068679,68.76771977664094
2366.5265347012937,2,0,Chennai,Premium,1,4733.053069402587,12193081.8376228,49.288954279977695
1618.343445675358,2,1,Coimbatore,Luxury,0,4207.692958755931,16995208.103837155,58.38016399261571
1790.8968780174757,3,0,Chennai,Economy,2,5372.690634052427,7443878.865984427,42.406625703150326
1630.361674361222,3,0,Coimbatore,Premium,1,4891.085023083666,12651886.238839898,59.038957988229555
3224.0863812251023,1,1,Madurai,Economy,0,5158.538209960164,8096984.97162539,49.12415782535235
2003.4774810739264,2,1,Bangalore,Economy,0,5209.041450792209,7446515.529924214,44.26482196498899
1097.279086381182,2,0,Hyderabad,Luxury,1,2194.558172762364,8310180.372298529,36.767221019928286
2568.5393158175275,2,0,Madurai,Standard,0,5137.078631635055,8544407.091850739,54.16781613278224
3961.625737113471,3,1,Madurai,Standard,0,14261.852653608497,27648879.28587642,129.7964877040495
3416.88922870921,2,0,Hyderabad,Standard,2,6833.77845741842,13615962.960229918,59.41916585531524
2310.2013713806678,3,0,Chennai,Economy,0,6930.604114142003,10301725.324286612,62.26482764956043
3290.450383340092,3,0,Coimbatore,Standard,2,9871.351150020275,17278774.03163574,83.17771690114908
2302.5750847793056,2,1,Madurai,Economy,2,5986.695220426194,8815349.7987837,56.47220746992196
845.076518921184,3,0,Coimbatore,Luxury,0,2535.229556763552,8990662.351269256,43.21433270577721
3188.392559335532,3,0,Madurai,Economy,1,9565.177678006596,12988913.571810441,72.35739509672797
2850.8533274790625,1,0,Madurai,Standard,0,2850.8533274790625,5109259.698605551,27.999033914379176
1225.924923515565,2,1,Chennai,Economy,2,3187.4048011404693,5277237.152846004,35.78293595465994
2610.3293163017356,2,1,Hyderabad,Premium,2,6786.856222384513,14999854.51595221,78.3453538854265
2572.710574675607,3,0,Bangalore,Standard,2,7718.131724026821,15009522.023973826,77.36615815756808
2206.775136028368,1,0,Chennai,Standard,1,2206.775136028368,4339062.750984438,28.776372981285167
3552.3854124717227,2,0,Coimbatore,Standard,2,7104.770824943445,13932124.217752011,59.53077929675299
1250.6669684896394,1,0,Bangalore,Luxury,1,1250.6669684896394,4671478.744501291,27.492726394546132
946.4842861719219,1,1,Coimbatore,Standard,2,1514.3748578750751,2940411.833557523,23.519116902066216
1915.6623307382965,3,1,Bangalore,Premium,1,6896.384390657868,16435225.95612177,78.6519581027882
1643.2686159479424,3,0,Chennai,Economy,0,4929.805847843827,6994224.416079675,49.37851989563591
1151.6223031526433,2,0,Coimbatore,Luxury,1,2303.2446063052867,9503350.790287605,42.5501802077737
1950.837578172808,1,0,Madurai,Economy,1,1950.837578172808,2746958.1800226895,20.724777930852337
3432.3997685713925,2,1,Coimbatore,Economy,1,8924.239398285621,12669788.720304364,71.51466432631607
1148.1836487362098,2,0,Coimbatore,Economy,2,2296.3672974724195,3372143.965171878,25.737039286313877
1441.1529728110409,2,0,Coimbatore,Premium,0,2882.3059456220817,7404460.752638573,40.090392010476634
2047.6632454815995,1,0,Madurai,Standard,0,2047.6632454815995,3679093.256682231,25.16786918998867
1820.9409003317205,1,1,Chennai,Premium,2,2913.505440530753,7553645.502457852,41.59881543129967
2123.573917918063,3,1,Madurai,Premium,0,7644.866104505027,17851234.612578433,87.19226891482856
3768.8675149018213,1,0,Bangalore,Standard,0,3768.8675149018213,6736595.995115152,39.3068774538711
1733.2901932630368,3,1,Madurai,Standard,1,6239.844695746933,12222440.5963486,69.37419592133054
3345.041132826201,3,0,Bangalore,Standard,2,10035.123398478603,20314583.24704919,79.97066761488611
1842.0632862396567,2,0,Hyderabad,Economy,1,3684.1265724793134,5259855.2659606375,34.600042488076895
800.5616507453545,1,0,Hyderabad,Premium,1,800.5616507453545,1845927.424395867,20.140536914096696
3349.090996472462,3,1,Hyderabad,Economy,1,12056.727587300864,17640262.973228306,81.41531341841268
2386.126023350141,3,0,Coimbatore,Standard,0,7158.378070050423,12260864.16649729,73.00750579328452
1995.355373252174,2,0,Coimbatore,Standard,1,3990.710746504348,7190113.718324055,39.53267054894659
2585.575407659048,1,0,Coimbatore,Luxury,1,2585.575407659048,8706199.140007805,37.851553753401866
804.5623305201044,1,0,Coimbatore,Premium,1,804.5623305201044,2157683.8261163216,21.714736122165565
1367.719735203956,2,0,Bangalore,Economy,1,2735.439470407912,4157904.9074150613,29.259094466311375
1795.2090020898918,2,0,Bangalore,Standard,2,3590.4180041797836,6895470.170179494,36.61298004130062
3544.1700067197226,3,1,Hyderabad,Standard,0,12759.012024191,23482426.37908589,104.89223801925533
981.4884425031216,1,0,Hyderabad,Standard,0,981.4884425031216,1703717.500942881,17.625090956200676
1294.9609700093206,1,1,Bangalore,Economy,2,2071.937552014913,2771863.211327113,26.751703415391244
2451.9459133946534,2,1,Coimbatore,Luxury,2,6375.059374826099,22975947.61826039,69.95561039126606
1604.3968233293242,3,1,Chennai,Economy,0,5775.828563985567,8152770.285543114,50.2221846511105
3707.499481332403,3,1,Coimbatore,Standard,0,13346.99813279665,23474227.01503222,120.61629415045161
2493.1953248665063,1,0,Chennai,Standard,0,2493.1953248665063,4561254.9875819,30.82622780770616
3291.7589276612985,1,0,Chennai,Premium,2,3291.7589276612985,8404053.765875658,42.43570908524092
3839.02137894148,1,0,Bangalore,Standard,2,3839.02137894148,7324230.183228974,34.43522818617432
2519.051157091466,1,0,Chennai,Economy,2,2519.051157091466,3885467.222358827,27.151423990302813
2508.519355324608,2,0,Coimbatore,Standard,2,5017.038710649216,9005110.788321285,45.72481041661647
1301.8678396683615,1,0,Coimbatore,Economy,2,1301.8678396683615,2101756.8041266827,20.968636590136793
2107.5359063143683,2,0,Coimbatore,Economy,2,4215.071812628737,5963491.9591951985,40.198268794432586
1667.0519410563434,2,0,Coimbatore,Economy,2,3334.1038821126867,4852143.812882571,32.05768763434259
3538.4256140816965,1,0,Hyderabad,Luxury,2,3538.4256140816965,13108060.407191811,42.59672413672761
3259.200343560889,2,1,Coimbatore,Premium,2,8473.920893258311,22084018.276393913,86.3040038288726
3764.7395222764894,3,1,Coimbatore,Economy,1,13553.062280195361,19709747.179325692,92.26782025154951
2415.366506263658,3,0,Bangalore,Economy,2,7246.099518790974,11263609.904290482,61.5008780955192
2953.9625673918536,2,0,Bangalore,Premium,2,5907.925134783707,15290593.03037346,56.21934852181256
3697.7333156827617,3,0,Bangalore,Economy,1,11093.199947048284,15483607.830753297,81.77512624571115
2800.666629577376,3,0,Chennai,Standard,0,8401.999888732129,15238885.580131438,79.86010912969688
2544.6106530889488,3,0,Coimbatore,Luxury,1,7633.831959266847,31610173.805934206,97.48445596928246
1113.5831744950817,1,0,Bangalore,Economy,2,1113.5831744950817,1695448.5071477871,17.40563438917606
2762.516460266015,3,0,Madurai,Premium,1,8287.549380798046,21494256.093007553,87.08923287612936
2453.3644563370945,1,1,Madurai,Standard,0,3925.383130139351,6952334.320952927,38.39037004441148
3021.1441031381405,3,1,Hyderabad,Standard,0,10876.118771297306,18522609.772637885,86.77662547217652
3578.069275931701,2,0,Chennai,Standard,1,7156.138551863402,13462413.007336222,70.91007525738833
1756.224751396536,2,1,Bangalore,Standard,0,4566.184353630993,8364362.1802180065,51.366536572985154
3521.6707507359183,1,0,Bangalore,Economy,1,3521.6707507359183,4965104.720177837,32.4593621744399
2195.8633487435827,3,0,Chennai,Economy,2,6587.590046230748,11049487.398568781,57.34165223608071
2470.4046404865735,3,0,Hyderabad,Economy,2,7411.213921459721,10921157.647729473,53.83069145088144
943.110173286297,2,0,Hyderabad,Premium,1,1886.220346572594,4727007.912877072,35.13484555082498
1443.7892549332855,3,1,Chennai,Economy,0,5197.641317759828,7435231.512428077,47.72375904458891
1484.272818134818,1,0,Hyderabad,Luxury,0,1484.272818134818,5516175.100959914,28.6282051040907
3690.606936211794,2,0,Chennai,Luxury,0,7381.213872423588,27806320.851283837,83.20189616893369
1530.5933620005699,2,0,Hyderabad,Economy,2,3061.1867240011397,4512666.097187071,28.974722432331617
3399.536141121276,2,1,Chennai,Luxury,2,8838.793966915318,27915198.185223594,104.1342422855528
2707.8175062319597,2,1,Coimbatore,Luxury,0,7040.325516203095,23981051.486998636,94.35817711792386
2622.8163336639914,3,0,Bangalore,Premium,1,7868.449000991974,19896661.588524334,81.03499276890153
897.0131338724975,3,0,Bangalore,Premium,1,2691.0394016174923,6946585.155447263,41.16195625279171
2062.6294350823637,2,1,Coimbatore,Luxury,2,5362.836531214145,18818566.251503598,74.55858279747933
2766.0212472216117,3,0,Bangalore,Luxury,1,8298.063741664835,27355071.107764818,96.23022375290692
3950.275065516369,3,1,Chennai,Economy,2,14220.990235858928,21536009.149901345,110.8593230163045
1981.9522259572445,1,1,Coimbatore,Standard,2,3171.123561531591,6256051.992761725,38.699669143060525
2340.970870807232,2,0,Madurai,Standard,0,4681.941741614464,7698540.338650268,47.211240783338525
3166.1166574614126,1,1,Coimbatore,Standard,1,5065.786651938261,9032688.104222763,52.795727657371735
3364.6496890369517,2,1,Hyderabad,Economy,1,8748.089191496074,12214490.044526076,67.92808836973337
3014.6402941062715,3,0,Bangalore,Premium,2,9043.920882318815,23878489.345331237,82.98344402708705
3369.662023357973,2,0,Bangalore,Luxury,1,6739.324046715946,23298266.699131977,86.19542331924075
1824.8055371845794,2,1,Madurai,Luxury,0,4744.4943966799065,17280336.63136239,69.43524203120084
2173.4945658888464,3,1,Hyderabad,Luxury,2,7824.580437199847,25032552.226866268,93.38673070959344
809.9979188715893,1,1,Madurai,Economy,1,1295.9966701945427,1754141.143855269,23.110640890176192
2365.930001304273,1,0,Madurai,Standard,2,2365.930001304273,4393734.61526762,25.427799341552294
3750.7852473524385,2,0,Chennai,Luxury,1,7501.570494704877,25637435.999459796,90.69649085637417
2605.8917371940825,2,0,Hyderabad,Premium,0,5211.783474388165,13435102.00483948,55.838786983528955
2873.9773536666708,2,0,Coimbatore,Economy,2,5747.9547073333415,8297553.307001426,44.48296739397758
1962.6351474360047,2,0,Madurai,Economy,1,3925.2702948720093,6472450.577075028,37.811091616767484
936.2910527050019,1,0,Bangalore,Luxury,1,936.2910527050019,2820568.8918249975,22.337564832698085
945.832069164225,1,0,Chennai,Premium,0,945.832069164225,2558955.0338654052,23.591257693846895
3895.214792079846,1,0,Bangalore,Standard,2,3895.214792079846,7514877.842419449,41.357055676887526
2458.658518431461,1,0,Chennai,Standard,2,2458.658518431461,4614188.45282036,29.29560327998048
1452.8276368344546,2,1,Coimbatore,Economy,1,3777.3518557695816,5061674.817869081,39.780764208438484
892.7581763000259,2,1,Coimbatore,Economy,0,2321.1712583800672,3264942.051136965,27.78234118669367
1791.687127479259,3,1,Coimbatore,Luxury,0,6450.073658925332,19513347.1623062,74.17454349188414
3260.697097930796,2,0,Chennai,Standard,0,6521.394195861592,12097290.923881914,61.76971134698302
3855.2881677606892,2,0,Chennai,Premium,0,7710.5763355213785,19336676.994692687,69.59844909504224
2037.3265817664123,1,0,Bangalore,Standard,2,2037.3265817664123,3995246.987065332,24.924003133959445
1483.9076890304557,3,0,Coimbatore,Premium,2,4451.723067091367,11722009.396513827,55.43611972028776
1092.3886097965274,2,0,Chennai,Premium,2,2184.7772195930547,5558043.488522661,35.6732560214092
2691.1998690750524,3,0,Coimbatore,Standard,2,8073.599607225157,14636670.4573288,66.85806235857875
2756.3296984804538,2,0,Chennai,Luxury,2,5512.6593969609075,20012437.245205052,69.5928803152145
3510.586210789424,1,0,Hyderabad,Premium,0,3510.586210789424,8530420.66369641,46.48002099189667
1961.6046399441966,3,0,Madurai,Luxury,2,5884.81391983259,17917768.473693404,65.50168053822134
1027.840315118394,3,1,Hyderabad,Standard,2,3700.225134426219,6740581.756301899,47.31799021540815
3126.4398550391165,2,0,Hyderabad,Standard,2,6252.879710078233,10632072.817071937,54.87868176650681
1326.07687270499,1,0,Bangalore,Luxury,0,1326.07687270499,4181467.369271509,30.3138241723741
2448.440555075522,3,1,Bangalore,Premium,1,8814.385998271879,19291965.829778235,99.94141853708123
3806.181206719349,1,1,Bangalore,Premium,0,6089.889930750958,15618919.503277646,61.90616397107049
3534.376362866142,3,0,Hyderabad,Economy,1,10603.129088598425,16166331.645530928,78.96582212315148
1514.9674135989414,2,0,Coimbatore,Standard,2,3029.934827197883,5443797.071959977,37.6361625123029
3029.4835211296904,1,0,Hyderabad,Economy,0,3029.4835211296904,4307205.131600583,28.38905956035224
3556.50298097338,2,0,Madurai,Luxury,1,7113.00596194676,22833772.324511204,89.6264865119776
3894.787770415192,3,1,Coimbatore,Standard,2,14021.235973494691,23870779.639148362,110.14336965243916
2515.3803338466796,3,0,Bangalore,Premium,2,7546.141001540039,18834275.902538057,75.25356277888315
818.8702081177177,3,0,Bangalore,Economy,1,2456.610624353153,3911860.744202915,32.03159163929739
2749.751805732526,3,0,Bangalore,Premium,1,8249.255417197579,18994593.987255223,88.46167671455865
1713.4647049188825,1,1,Coimbatore,Standard,1,2741.5435278702116,4808364.66900602,36.61245345355772
2754.6837010717877,3,0,Bangalore,Premium,1,8264.051103215363,20399211.404924314,83.46456223697223
3464.7139129508687,2,0,Hyderabad,Economy,1,6929.427825901737,10192391.627869815,51.25952731676802
3232.1147374797806,2,0,Hyderabad,Economy,0,6464.229474959561,8323806.726361217,49.90714552294065
2871.0692303837122,2,0,Chennai,Luxury,0,5742.1384607674245,17646763.63712852,77.02062897113048
3103.2365216618628,2,0,Coimbatore,Economy,1,6206.4730433237255,9188692.699345706,54.977859570930555
2597.804417082588,3,1,Coimbatore,Economy,1,9352.095901497316,11669740.210892675,80.94851416938883
3477.5602238237407,1,0,Madurai,Luxury,0,3477.5602238237407,12020711.401297094,46.16510446003242
1010.4568634706421,2,0,Madurai,Luxury,1,2020.9137269412843,7579624.85126909,32.29724430630693
2481.188095311509,1,1,Hyderabad,Economy,2,3969.900952498415,6155970.353814715,41.624646263797466
3787.7041453064694,2,0,Hyderabad,Standard,0,7575.408290612939,13475034.27161782,71.75300827328896
2824.6729918918168,3,0,Coimbatore,Standard,2,8474.01897567545,13694915.78572103,66.88587327743377
1929.8597036827712,2,0,Hyderabad,Standard,2,3859.7194073655423,7226062.568499995,36.58740574155164
1730.2555388940227,3,0,Hyderabad,Luxury,0,5190.766616682068,17721125.199286778,61.9682477475932
3324.069489809579,3,0,Hyderabad,Premium,2,9972.208469428737,25831208.28961817,86.81902140070153
1998.1413660873495,3,1,Coimbatore,Standard,1,7193.308917914458,14233736.32970154,72.3285366105521
3039.4518114637467,3,0,Coimbatore,Standard,2,9118.35543439124,16947704.46156272,76.23743992799834
1271.3643062780577,2,0,Coimbatore,Premium,2,2542.7286125561154,6590067.077168346,35.007078075439004
3460.9450602969487,3,1,Chennai,Standard,0,12459.402217069015,23802691.449670024,115.20819436029888
3674.472526376171,2,0,Hyderabad,Premium,0,7348.945052752342,17013395.137713984,69.51512194785899
813.4309146578087,2,0,Madurai,Standard,2,1626.8618293156173,3144493.5519417915,24.677611688956546
2334.389876730431,3,0,Coimbatore,Premium,1,7003.1696301912925,16213558.390759055,70.39710412490159
1429.2225358912074,2,0,Hyderabad,Luxury,0,2858.4450717824147,8509053.781302935,41.85337514377735
1176.4679290055522,2,0,Coimbatore,Standard,0,2352.9358580111043,4594424.0538228415,32.09058599002354
2139.252437288588,3,1,Chennai,Standard,0,7701.308774238918,14582809.353442077,77.94787094652332
3202.526959835226,3,0,Hyderabad,Premium,2,9607.580879505678,22091388.191331096,93.0658996141586
1564.3516148263207,3,0,Chennai,Standard,2,4693.054844478962,8800096.36159542,49.20043921251371
1047.4247829509995,2,1,Bangalore,Economy,2,2723.3044356725986,4070364.1272812574,34.23990252108312
3235.8768485295163,3,0,Madurai,Premium,1,9707.630545588549,24091557.653560497,105.6681556267174
1052.6302874771904,1,0,Bangalore,Premium,1,1052.6302874771904,2508128.669250324,22.3705102025441
3633.4107152345373,3,0,Bangalore,Luxury,2,10900.232145703612,33680513.35996903,121.94209651334779
2023.864907053797,3,1,Coimbatore,Luxury,1,7285.913665393669,25856320.492303554,82.95213327307161
1735.5117574884848,1,0,Hyderabad,Luxury,2,1735.5117574884848,6738744.616856269,30.428684436645486
1056.7314006966583,3,0,Madurai,Economy,1,3170.194202089975,4796816.865040776,30.997836863425444
1653.4927557354272,2,0,Hyderabad,Luxury,2,3306.9855114708544,12236812.274073582,45.66974013231488
2768.8613130994804,2,0,Coimbatore,Economy,2,5537.722626198961,7214674.490937799,50.583923874216204
1210.4163587853361,1,0,Chennai,Luxury,2,1210.4163587853361,4561977.715005359,25.4078264525878
965.4495994901446,2,1,Hyderabad,Standard,0,2510.168958674376,4684012.7737245895,38.284940662003294
2883.687842033535,2,0,Chennai,Standard,2,5767.37568406707,11223561.861304678,52.254126801526574
811.3567739672682,3,0,Bangalore,Luxury,1,2434.0703219018046,9315243.494555773,40.52986890946899
3315.738948637988,2,0,Coimbatore,Luxury,2,6631.477897275976,22043755.644808143,71.90134534518502
3966.6786372501433,3,0,Hyderabad,Standard,0,11900.03591175043,20845508.689694654,102.32690525743352
3335.5230859357775,1,0,Madurai,Standard,0,3335.5230859357775,6255136.476197904,36.23944697380681
1166.8729696709647,2,0,Bangalore,Economy,2,2333.7459393419294,3180204.7800209294,25.803933307427585
1528.9929301636207,3,0,Bangalore,Economy,0,4586.978790490863,6958634.380690301,46.06114342934107
3893.3525334569376,2,0,Coimbatore,Standard,0,7786.705066913875,13256854.54722736,64.6683493242964
822.8160647072194,3,1,Bangalore,Standard,0,2962.13783294599,5341930.48476999,44.227355475671175
1574.9507937512867,3,1,Chennai,Standard,1,5669.822857504632,10568308.535499277,59.958016494826026
2323.1457755537504,1,0,Chennai,Premium,1,2323.1457755537504,5152886.955408101,29.624741092411398
2356.2247271968845,1,0,Hyderabad,Luxury,1,2356.2247271968845,8955338.309298517,36.46353069532269
2998.955816350408,3,1,Chennai,Economy,1,10796.240938861469,14890900.835838787,83.34278716868066
1580.2363283212956,1,0,Hyderabad,Premium,2,1580.2363283212956,3715242.049898649,26.76004816189694
2069.574308040767,1,0,Coimbatore,Luxury,1,2069.574308040767,6417145.308237462,38.36377318566888
1987.817557275278,3,0,Bangalore,Economy,0,5963.452671825834,9270785.694693755,56.74865363492501
3986.8360824310903,3,1,Hyderabad,Premium,1,14352.609896751925,34930009.71630947,133.16755299706313
3789.04591766875,1,0,Bangalore,Luxury,0,3789.04591766875,12904241.083073325,53.05004481030538
2995.826494993781,3,0,Chennai,Luxury,0,8987.479484981344,27114556.18321743,99.12308778062824
3347.3176316856457,2,1,Chennai,Luxury,0,8703.025842382678,26315980.904741175,91.32699821047129
1535.966762532625,1,0,Coimbatore,Premium,2,1535.966762532625,3489419.9164311946,29.319518646857702
1974.770455489713,1,0,Madurai,Premium,0,1974.770455489713,4318553.311379824,28.297879783135826
2688.533561000665,1,0,Hyderabad,Economy,2,2688.533561000665,3888564.262844479,30.081024159783276
1764.9408425243691,2,1,Chennai,Luxury,1,4588.846190563359,16967830.4023786,69.94231051052712
974.0382912050314,3,0,Chennai,Standard,2,2922.1148736150944,5668738.80553177,34.06640357988029
1676.8790209231547,2,1,Chennai,Premium,2,4359.885454400202,11085260.204779163,56.872579928161485
1352.8148672382945,1,0,Madurai,Luxury,0,1352.8148672382945,4893706.652377288,31.021534020864028
3165.8758268672027,1,0,Chennai,Standard,1,3165.8758268672027,5983211.876947852,33.18843564501278
3483.144609810637,3,1,Chennai,Premium,1,12539.320595318293,35215736.926177196,129.4699050306843
3079.4453953322823,1,0,Coimbatore,Economy,2,3079.4453953322823,4896417.196467144,28.51040091328026
1588.3620862638065,1,0,Hyderabad,Luxury,0,1588.3620862638065,5624424.863709291,26.943930767310775
1462.2500862356137,3,0,Bangalore,Premium,1,4386.750258706841,10426875.222319156,46.99737651228814
3265.680893784416,1,0,Hyderabad,Luxury,0,3265.680893784416,12619964.56789601,49.85845754813179
2538.7836391807514,3,0,Hyderabad,Premium,0,7616.350917542254,20741226.115187712,88.1175983948792
2660.104742275391,3,0,Coimbatore,Standard,1,7980.314226826173,14177603.490802152,79.04506709801218
2622.665464905897,2,0,Chennai,Luxury,0,5245.330929811794,19850208.12032301,71.10439722937979
1322.533382392189,3,0,Madurai,Economy,0,3967.6001471765667,6177601.480203543,40.067457595603386
3489.9219920132646,2,0,Madurai,Standard,1,6979.843984026529,13101307.12275552,65.16129784402912
1268.8106896173394,2,0,Coimbatore,Economy,0,2537.621379234679,3858003.158244311,29.07714748862101
2824.253965504916,1,0,Chennai,Economy,0,2824.253965504916,3734876.310829412,30.73135549507839
1557.765664193442,3,1,Bangalore,Luxury,0,5607.956391096392,21323670.680482555,84.10930255510056
2349.325591654406,1,0,Coimbatore,Standard,0,2349.325591654406,4093721.445792456,29.0920820956182
1859.046140661281,1,0,Bangalore,Premium,1,1859.046140661281,4245837.7566350335,31.01682838573932
1691.9264215267972,3,0,Madurai,Economy,1,5075.779264580391,6445856.985513312,50.20538761820864
837.8650748152709,2,1,Madurai,Premium,0,2178.449194519704,5628758.677325159,34.371071208926104
3070.08886310186,2,0,Coimbatore,Luxury,1,6140.17772620372,24007563.60005539,72.2734788128257
3914.5826544012048,1,0,Chennai,Luxury,0,3914.5826544012048,13773224.90198021,50.9434124131509
2622.373883264031,1,0,Chennai,Premium,0,2622.373883264031,5970528.372457307,35.331932289329785
2983.8413446092804,3,0,Hyderabad,Economy,2,8951.524033827842,13424852.15176708,73.31346499166688
1180.4896565695788,2,1,Coimbatore,Luxury,2,3069.273107080905,10361760.510047626,45.3305573604999
991.2531444523079,2,1,Coimbatore,Standard,1,2577.258175576,5433707.250352064,36.36173709677293
2286.638614528811,2,0,Bangalore,Standard,2,4573.277229057622,8895918.976367073,41.73898309783697
2663.6691335558867,1,1,Bangalore,Premium,2,4261.870613689419,11420457.535108862,51.62613271390653
1724.9591454264935,3,1,Hyderabad,Luxury,1,6209.852923535376,18382682.21404943,86.22933355176507
2194.6461162228024,1,1,Madurai,Luxury,1,3511.433785956484,11095720.085341213,52.6092243032178
2336.5550139506868,3,0,Bangalore,Premium,0,7009.66504185206,17584611.57240262,77.18065148903739
2243.812097772287,2,1,Bangalore,Standard,1,5833.911454207946,11197917.809382513,50.94669828753379
3957.6819116337847,1,0,Coimbatore,Luxury,0,3957.6819116337847,14004184.024997054,46.37902206178474
1856.9184399747528,1,0,Madurai,Economy,2,1856.9184399747528,2547280.947775267,24.2092503178482
1918.3183870661417,2,0,Hyderabad,Luxury,1,3836.6367741322833,14597881.74862024,58.08308672119675
1627.297156056714,1,1,Hyderabad,Standard,2,2603.6754496907424,4637519.281390712,35.65747295234653
1622.6718905719129,3,0,Madurai,Economy,2,4868.015671715739,7096051.41638434,39.439340202238675
1555.1218467822443,2,1,Hyderabad,Luxury,0,4043.316801633835,13885770.636240385,58.10096721296105
2054.8100703016717,2,0,Hyderabad,Economy,2,4109.620140603343,5973502.107605581,36.499182504522274
3271.7047107943736,3,0,Bangalore,Standard,2,9815.114132383122,18304768.419284515,82.62768365819471
1466.5527138710136,2,0,Bangalore,Standard,1,2933.105427742027,5526665.550348297,30.73879338039803
1661.3966085493992,1,0,Madurai,Economy,0,1661.3966085493992,2575962.259532175,19.885046421260935
3415.508234824926,1,0,Coimbatore,Standard,2,3415.508234824926,6076184.747618778,33.18595395941529
1365.1949632786927,2,0,Hyderabad,Luxury,0,2730.3899265573855,9397775.62250888,40.12466494534176
971.6869248310104,2,0,Madurai,Luxury,1,1943.3738496620208,6647786.549255227,40.271148152438165
3548.8580939864587,3,0,Coimbatore,Economy,0,10646.574281959376,17019591.690134004,89.86776722060279
2763.2469846960403,2,1,Chennai,Standard,1,7184.4421602097045,14105410.80832472,61.10665361605789
1735.5922698568147,1,0,Hyderabad,Luxury,1,1735.5922698568147,5219126.62375503,31.516532513267958
2100.079361790677,1,0,Bangalore,Economy,1,2100.079361790677,2986844.815505921,24.44516358543255
1559.925424017997,1,0,Hyderabad,Economy,1,1559.925424017997,2400448.8295568866,21.443958270232418
1405.6752005372016,2,1,Hyderabad,Standard,2,3654.7555213967244,6932704.586600531,44.40823275434582
3812.127841261686,3,1,Bangalore,Premium,1,13723.66022854207,33415313.222587936,142.75372727091013
2681.559397149243,1,1,Hyderabad,Standard,1,4290.495035438789,7632553.523009069,49.159556129580395
3859.2253584518444,1,0,Madurai,Standard,2,3859.2253584518444,6689243.964941824,34.2913485260716
1681.9069912660768,1,0,Hyderabad,Luxury,2,1681.9069912660768,4969085.761473063,33.58595240001497
3279.538551778261,3,0,Chennai,Premium,1,9838.615655334783,21611166.256581537,104.47188433768274
3215.765877240623,2,0,Bangalore,Premium,1,6431.531754481246,17433133.8305232,69.60224029429017
2291.811316252603,2,1,Chennai,Economy,1,5958.7094222567675,8931235.085228072,50.97876665499683
1781.3567094018435,1,1,Madurai,Premium,0,2850.1707350429497,6854114.970731365,40.38644676335441
1016.5605223219198,1,1,Madurai,Premium,0,1626.4968357150717,3842090.2195498166,28.573405275711185
829.1013769677417,1,0,Coimbatore,Luxury,1,829.1013769677417,2478838.865616571,25.937482050696296
1154.357198433345,2,0,Hyderabad,Premium,1,2308.71439686669,5792376.548426865,34.24019260252188
1302.3308644180997,1,0,Chennai,Luxury,1,1302.3308644180997,3766171.1437747655,28.614656294923925
1233.6339279834847,3,0,Chennai,Premium,2,3700.901783950454,8305646.783520229,46.702967150360735
2712.9097907762684,3,0,Bangalore,Standard,0,8138.729372328806,15834206.30640848,75.97882623966855
3014.4982244899625,2,0,Madurai,Premium,0,6028.996448979925,15713350.315260608,61.30298878748202
3896.3174186248016,1,1,Bangalore,Premium,1,6234.107869799682,15493792.46069027,66.75027247804985
2517.4996076998978,2,1,Bangalore,Premium,0,6545.4989800197345,16098744.022893138,68.07142124776274
1107.5530593356514,3,1,Madurai,Economy,2,3987.1910136083447,6300194.510655047,45.48436216682482
2651.515170169912,3,1,Coimbatore,Luxury,0,9545.454612611682,32893662.246062357,97.64947023715594
2345.0716844854187,3,1,Madurai,Standard,1,8442.258064147507,15388185.30090828,74.50779212178377
3861.080171134542,1,1,Hyderabad,Standard,2,6177.728273815267,12701581.160093604,63.36504913996278
2632.170219651516,2,1,Coimbatore,Luxury,0,6843.642571093942,26377676.838031366,81.6866760300367
2217.146590654141,3,0,Bangalore,Premium,1,6651.439771962423,18135438.634117447,75.48705231441213
1448.550100183375,3,0,Chennai,Economy,0,4345.650300550125,6494308.203068191,43.67498052864557
3682.543040841182,2,0,Hyderabad,Economy,1,7365.086081682364,9906283.666993177,55.77115157258085
2296.8840479553114,3,1,Coimbatore,Luxury,2,8268.782572639122,28148021.695202984,92.50296475990267
1991.7656037630984,1,1,Coimbatore,Economy,2,3186.8249660209576,5043060.141190813,33.32035209809907
1770.8849972576065,3,0,Hyderabad,Luxury,2,5312.65499177282,19801820.434383746,75.1660986092475
3393.863788193731,1,0,Chennai,Premium,2,3393.863788193731,7742732.578062875,36.68595832892601
948.8591883042197,2,0,Coimbatore,Premium,1,1897.7183766084395,4713903.178715517,33.90321148471116
1051.2588470438477,2,0,Coimbatore,Standard,2,2102.5176940876954,3659421.3143197303,30.02460661491754
3983.839955590214,1,1,Chennai,Premium,2,6374.143928944342,15339298.166750643,65.57123501647786
3196.074629829785,2,0,Hyderabad,Standard,1,6392.14925965957,11771625.349256948,55.265440222765356
969.4924979510723,1,0,Coimbatore,Standard,1,969.4924979510723,1891744.1009835214,20.757948481258904
2184.2063976589807,2,0,Chennai,Luxury,0,4368.412795317961,12871592.906387748,61.383031217178214
2946.744650658225,1,1,Madurai,Standard,1,4714.79144105316,9418138.638781784,53.00929011626761
2008.9578438465405,3,0,Chennai,Economy,2,6026.873531539622,7749202.958955757,56.6479430542773
3728.88953252107,1,0,Hyderabad,Standard,0,3728.88953252107,6975640.735385425,33.52333636827429
1467.1558615769263,3,0,Madurai,Economy,0,4401.467584730779,6448929.733992744,46.05194327541922
1977.5989166339073,3,0,Chennai,Luxury,2,5932.796749901721,21362357.12779381,78.87475421015607
3225.002578221651,2,0,Coimbatore,Luxury,2,6450.005156443302,26723147.72648326,67.51087996848999
1825.900502657017,1,0,Hyderabad,Luxury,0,1825.900502657017,6732794.723397031,29.726858651912597
972.5333881272643,2,0,Hyderabad,Economy,2,1945.0667762545286,2731494.9514203244,22.445832916086957
3045.6152712271946,1,0,Chennai,Luxury,0,3045.6152712271946,9993532.167828582,44.936867597297834
1966.1959832663676,1,1,Madurai,Economy,1,3145.9135732261884,4732047.759052236,34.72286683252982
1644.665067595157,1,0,Chennai,Luxury,0,1644.665067595157,5842881.813778751,30.17004340865676
1400.3128056683981,1,0,Chennai,Standard,2,1400.3128056683981,2640155.3203788227,19.545859063036257
1444.1579153922874,3,0,Coimbatore,Premium,0,4332.473746176862,11023023.22692093,55.278058292397304
3559.8020588095883,2,0,Chennai,Premium,0,7119.604117619177,18701213.25054375,71.12722084792192
1363.0184874399572,1,0,Hyderabad,Luxury,1,1363.0184874399572,4283419.6420392385,25.73632936985971
2126.0261419400854,1,1,Hyderabad,Premium,2,3401.6418271041366,8262496.535779917,42.745701465046096
937.3192725126213,3,1,Coimbatore,Economy,1,3374.3493810454365,4462309.86688722,41.610070239945564
2566.317424869695,1,1,Madurai,Standard,2,4106.1078797915125,7504007.348603252,42.911019582971065
1990.0735698398119,3,0,Bangalore,Premium,0,5970.220709519435,15317079.97985229,69.71561215645845
2835.636897370019,2,0,Hyderabad,Standard,1,5671.273794740038,10547307.882762166,53.156432406706344
3127.5312546430705,2,1,Bangalore,Premium,1,8131.5812620719835,21300289.7699,78.07286545139945
3790.7372418472105,1,0,Chennai,Economy,2,3790.7372418472105,4949041.3626043005,35.996902215863834
3295.2353768931903,1,0,Hyderabad,Premium,1,3295.2353768931903,7249807.329310342,38.22133091279385
2905.111164548348,3,0,Chennai,Premium,0,8715.333493645045,24108442.008763194,81.12897211806106
2029.4052865727363,2,1,Chennai,Premium,0,5276.453745089114,13491316.491768198,65.26940182226862
3291.4619159060585,2,0,Hyderabad,Luxury,1,6582.923831812117,19746263.502472103,76.38115853130968
2998.476281827857,3,1,Madurai,Standard,0,10794.514614580283,17666913.459498256,96.19925883120546
1948.8723734082755,1,0,Chennai,Economy,0,1948.8723734082755,3017492.0948516373,22.121834522597613
3487.545610878674,1,1,Bangalore,Premium,0,5580.072977405878,13808977.954195736,57.317175253680325
3146.4343228905586,3,0,Coimbatore,Luxury,0,9439.302968671676,29815295.84976014,106.85327271518959
833.3671274671186,2,0,Madurai,Premium,0,1666.7342549342372,3990790.7926725917,32.64349768131231
2517.046456906989,2,0,Chennai,Premium,1,5034.092913813978,12319288.371292358,58.16943301361244
1323.4103914761188,1,0,Hyderabad,Luxury,2,1323.4103914761188,4309586.861263706,24.920013624287147
3542.362200965675,2,1,Coimbatore,Economy,0,9210.141722510754,13994843.35102803,78.16390171789057
3068.342762253679,2,1,Bangalore,Standard,0,7977.691181859565,15327497.008884374,67.03193334308084
2061.162827240731,1,0,Coimbatore,Luxury,0,2061.162827240731,6799352.308498072,36.39559559465269
803.9790043715265,1,0,Chennai,Economy,0,803.9790043715265,1192881.2819351957,15.723313471728721
1292.3615022522786,2,0,Chennai,Luxury,2,2584.723004504557,10088041.80588692,39.75648540825583
3668.8263523569008,2,0,Coimbatore,Luxury,0,7337.6527047138015,28700184.788910825,75.2387031721395
3840.803819307385,3,1,Bangalore,Standard,1,13826.893749506586,24919203.17082644,117.21227599697585
1233.2225385902593,1,0,Madurai,Standard,0,1233.2225385902593,2104054.6636634483,19.426245430517454
2455.8897716919246,3,0,Chennai,Luxury,1,7367.669315075774,24550778.517895464,83.89822671981123
2810.36936301524,1,0,Hyderabad,Economy,2,2810.36936301524,4357669.005089944,25.086974896776166
3393.3675810074183,1,0,Coimbatore,Economy,0,3393.3675810074183,4566522.39886884,33.08408085157089
2453.915060185363,3,0,Coimbatore,Standard,2,7361.745180556089,13450620.180196999,70.67828129197028
3551.0524422551803,3,1,Coimbatore,Standard,1,12783.788792118648,21834537.104424324,108.0236739878493
2278.3386421325117,2,0,Coimbatore,Luxury,2,4556.677284265023,18083426.539311305,54.076553278665365
2085.9824500775962,2,0,Coimbatore,Premium,0,4171.9649001551925,10306926.978195066,46.02772403446459
1411.1004728295982,3,0,Chennai,Standard,1,4233.301418488794,7296182.044183781,50.12356126947351
1424.1263511457582,2,0,Hyderabad,Luxury,1,2848.2527022915165,9899404.049509916,41.10598280857682
2553.283062358749,1,0,Chennai,Economy,2,2553.283062358749,3621091.927888733,24.394084380384033
1410.5010242930034,3,1,Hyderabad,Standard,1,5077.803687454812,9618847.150263118,54.9220756854446
1649.5890042833144,1,0,Coimbatore,Economy,2,1649.5890042833144,2168904.601524854,19.346200528335146
3619.880743889644,1,0,Madurai,Luxury,1,3619.880743889644,12161841.94562261,46.146701565931004
1238.1305359260498,1,0,Coimbatore,Economy,0,1238.1305359260498,1857584.4959362897,17.022168349113024
1807.3626436289173,1,1,Chennai,Premium,0,2891.780229806268,6420588.209286234,38.11976957909316
2018.8388745430275,3,0,Coimbatore,Premium,2,6056.5166236290825,14940881.599478008,70.31047462121279
3761.445095291306,1,0,Bangalore,Premium,0,3761.445095291306,8373553.633546848,44.59953988071345
3051.082125727997,1,0,Madurai,Luxury,0,3051.082125727997,9065700.846076526,44.01156995263717
2623.8230925304356,3,0,Madurai,Standard,0,7871.469277591306,15403079.806448342,70.09448287128349
3721.5533005792277,2,0,Bangalore,Premium,0,7443.106601158455,16510312.625873039,74.73628417011952
1318.320911709921,1,0,Bangalore,Premium,2,1318.320911709921,3190591.337774279,25.78385264672736
1743.0079534060003,1,1,Coimbatore,Standard,0,2788.8127254496003,5650054.306147762,37.376237797791426
3370.9554211141212,3,0,Coimbatore,Luxury,1,10112.866263342363,32859050.480967704,101.44607719823833
3013.2143699161566,2,1,Hyderabad,Economy,2,7834.3573617820075,12213191.833323367,69.1469352825677
3229.31993972282,3,0,Hyderabad,Standard,1,9687.95981916846,17696368.973111436,75.00053885315023
2528.343804549731,2,1,Hyderabad,Standard,2,6573.693891829301,13473958.666158127,59.36596913227765
2914.3531763991414,2,0,Hyderabad,Economy,2,5828.706352798283,9436886.334563598,52.303467536480575
1364.5654291276844,2,1,Madurai,Premium,2,3547.8701157319792,9050801.564955022,45.27812321022672
3172.0456208463143,3,1,Coimbatore,Premium,0,11419.36423504673,30953181.4475642,107.76507073176322
806.4360459053944,3,0,Bangalore,Economy,0,2419.3081377161834,3543407.438753062,32.18557226325938
2514.4313584592105,3,0,Coimbatore,Economy,0,7543.294075377631,11938411.122911748,65.99617250870847
3039.0230430635684,3,0,Madurai,Luxury,0,9117.069129190706,33998464.091657706,90.24327884109316
1604.2014679214199,3,1,Madurai,Standard,2,5775.125284517111,9584984.226732064,52.19098072133031
1101.1454999601901,1,0,Chennai,Premium,1,1101.1454999601901,2937493.2531243907,25.179053059912523
2400.199445088666,2,0,Madurai,Economy,1,4800.398890177332,6822432.559213668,44.12291976907852
3984.0999200193137,1,0,Hyderabad,Standard,0,3984.0999200193137,7556356.436190342,35.874377400871815
987.5124348040806,2,0,Coimbatore,Luxury,2,1975.0248696081612,7639283.706215921,38.60075285216804
1205.6198260013282,1,0,Madurai,Luxury,0,1205.6198260013282,4053044.26898033,29.20170984118646
3320.66793883654,1,1,Chennai,Premium,0,5313.068702138464,14088421.877799246,63.55663465065404
3197.135876479193,3,0,Madurai,Premium,2,9591.407629437579,25747058.927901007,101.6365052074371
2313.3311071310645,3,0,Hyderabad,Premium,2,6939.993321393194,18675334.31328099,67.02665741998781
3791.668635256237,3,0,Coimbatore,Standard,2,11375.00590576871,19750686.919997517,84.68890802336782
2304.6787877255647,2,0,Bangalore,Economy,1,4609.357575451129,6174779.570524613,42.72453099252563
975.9420019932201,2,0,Bangalore,Luxury,2,1951.8840039864401,7167977.817773658,33.47657416149004
921.476355081321,1,0,Coimbatore,Standard,2,921.476355081321,1668468.4472554438,17.059678386611846
1623.8367610962907,1,0,Chennai,Luxury,0,1623.8367610962907,5859827.634500251,31.73051026576872
2777.7199377976776,1,0,Chennai,Premium,1,2777.7199377976776,7331291.243588704,36.28382578136174
1687.330740058955,1,0,Chennai,Luxury,0,1687.330740058955,5923769.365305063,28.346717918528864
1584.027718103796,3,1,Madurai,Premium,0,5702.499785173664,12768883.269124933,71.50515751751638
2592.3364789508305,1,1,Coimbatore,Premium,2,4147.738366321329,10200671.48571367,51.44891542395892
3340.0244899448116,2,0,Hyderabad,Luxury,1,6680.048979889623,26492792.480103258,69.11950206710647
2090.977980104177,2,0,Bangalore,Premium,2,4181.955960208354,9324898.854811504,43.623188889806464
1909.7836778172923,1,1,Hyderabad,Luxury,0,3055.6538845076675,11379818.14008675,52.773147664883716
1752.0945708655645,2,0,Madurai,Standard,2,3504.189141731129,7014431.651826625,36.89575394256541
3149.790933147535,1,0,Bangalore,Standard,2,3149.790933147535,6188493.359747994,34.55039564034017
1988.1144205870542,3,0,Hyderabad,Luxury,2,5964.3432617611625,23262171.498482432,74.14622695532738
3303.2619219271287,1,0,Chennai,Standard,2,3303.2619219271287,6330239.878157062,37.55936976128142
1589.4573032800913,3,0,Chennai,Standard,2,4768.371909840274,9238189.170795359,48.88177492192137
1934.3665625040956,1,0,Hyderabad,Premium,2,1934.3665625040956,5172223.612322757,31.083055811425474
2636.4347756028556,1,0,Bangalore,Economy,2,2636.4347756028556,3671335.5059448816,27.652689553631152
813.6806469401001,1,0,Coimbatore,Standard,2,813.6806469401001,1646863.0711539206,19.004303248224588
3509.672261090794,3,0,Chennai,Luxury,1,10529.016783272382,31614565.061285473,126.73705581062312
1437.1273292741548,3,1,Bangalore,Standard,1,5173.658385386957,9423959.459590977,57.38574518087939
1628.7874345588245,1,0,Bangalore,Standard,1,1628.7874345588245,3236949.5628749793,21.378756148884126
2878.922123102488,2,0,Madurai,Economy,1,5757.844246204976,7885468.113458716,48.10840554927605
2404.790705715404,3,0,Hyderabad,Premium,0,7214.372117146211,16261426.006311862,83.22018321859287
2399.9365634283995,2,0,Coimbatore,Premium,2,4799.873126856799,10986399.865717964,53.018141348238096
2912.0963540160733,3,0,Madurai,Premium,2,8736.28906204822,19704274.345195573,96.01363250509301
2486.5407898517797,1,0,Madurai,Premium,0,2486.5407898517797,6167440.27670432,32.75304062897174
1454.8912948682464,3,0,Hyderabad,Premium,1,4364.673884604739,10859961.90353738,55.522528729700305
1233.1598776328249,3,1,Chennai,Standard,2,4439.37555947817,8383032.160176053,44.51580612694084
2745.1904351728585,1,0,Bangalore,Premium,0,2745.1904351728585,6953493.19322186,33.05169492832367
3956.063191345809,3,0,Coimbatore,Economy,2,11868.189574037428,16685789.985113444,97.27211768354718
2240.684579061047,2,0,Madurai,Premium,0,4481.369158122094,11694752.059576267,45.73236611833919
3066.2270015121167,1,1,Coimbatore,Luxury,2,4905.963202419387,18722024.64334737,70.48876633358523
3913.4977438166475,1,0,Madurai,Premium,0,3913.4977438166475,11067446.90748076,44.71952718692112
3984.165610480018,3,1,Hyderabad,Standard,2,14342.996197728065,28767073.679625317,127.31939866487906
3674.4628788283017,2,1,Hyderabad,Economy,1,9553.603484953584,13451788.243293468,71.97107394019231
3047.9813205199666,3,0,Chennai,Premium,1,9143.9439615599,23110886.476584937,89.34898482188126
3107.9069340898063,2,0,Hyderabad,Standard,1,6215.813868179613,12728561.298443034,58.70248066520116
1138.8128687161673,2,1,Coimbatore,Premium,0,2960.913458662035,6804028.187290418,39.48242201853472
1511.6357638300428,1,0,Coimbatore,Luxury,2,1511.6357638300428,4786352.174280264,32.46033022554997
1315.551696594666,1,0,Hyderabad,Standard,1,1315.551696594666,2241873.0066410764,23.790102150173727
2799.359750632794,3,1,Hyderabad,Luxury,2,10077.69510227806,33491031.524227858,113.83116724056896
1683.1457077478105,3,0,Coimbatore,Premium,1,5049.437123243431,13469957.874284422,63.381410956817994
3102.3599051443584,1,1,Bangalore,Premium,2,4963.775848230974,11779061.202517191,59.80426270195066
3719.8042006052488,2,0,Hyderabad,Economy,2,7439.6084012104975,10968022.146178989,55.3535452912138
2026.7536612321185,2,1,Hyderabad,Economy,2,5269.559519203508,7386975.831832766,44.44522656935314
1726.3030037521157,3,0,Coimbatore,Premium,0,5178.909011256347,13077082.162608601,53.89591030029609
1660.907356082915,3,1,Hyderabad,Premium,0,5979.266481898494,13106857.580122331,71.79188304535244
2257.1767472114034,1,0,Hyderabad,Premium,2,2257.1767472114034,5448708.34079303,32.96260122784309
3839.231343081135,1,1,Bangalore,Premium,1,6142.770148929816,14709068.48610827,69.4366163142486
2269.9046497879804,1,1,Hyderabad,Premium,1,3631.8474396607685,8588023.269253714,47.44360601977699
3209.5983213875884,3,1,Madurai,Standard,0,11554.553956995318,22551015.398216367,110.0840461109893
2532.16421202023,1,0,Madurai,Premium,1,2532.16421202023,5674124.891475169,34.39134117356593
1344.6868316224154,3,1,Madurai,Luxury,1,4840.872593840695,14607391.818968285,72.68978247554378
3850.184310114833,3,0,Coimbatore,Premium,2,11550.552930344498,26371693.040202826,113.44491849181709
1598.4699442756873,3,0,Madurai,Economy,1,4795.409832827062,6842532.300796052,41.080373922630116
3974.2603865700867,2,1,Chennai,Luxury,0,10333.077005082225,33983276.23926402,127.12337288976428
2713.977211313714,2,1,Coimbatore,Standard,1,7056.340749415656,12752575.165503493,71.57592372554507
2025.4317078339081,1,1,Hyderabad,Luxury,2,3240.6907325342527,10623335.404384641,43.135815026817696
3514.3332241691164,2,1,Coimbatore,Premium,0,9137.266382839702,24787801.048093703,98.58247734733514
2103.0171189947314,1,0,Madurai,Standard,1,2103.0171189947314,3963494.8786180336,23.66497170988571
1282.8097498387344,2,0,Chennai,Economy,2,2565.619499677469,3824849.011501851,25.50183812944209
1978.8715847072688,2,0,Madurai,Luxury,2,3957.7431694145375,14645856.410105977,47.82589367397371
1549.9890764921784,2,0,Madurai,Premium,0,3099.9781529843567,7310201.220475031,38.733687043035424
3622.2709647534116,3,0,Coimbatore,Economy,0,10866.812894260234,16071276.703298444,89.62324593420283
3329.7717745809505,3,1,Bangalore,Premium,2,11987.178388491422,30159447.92954017,104.74458197828248
2829.718126787353,3,0,Chennai,Standard,0,8489.154380362059,15290834.539979042,70.43130517884845
2798.0601486076653,2,0,Coimbatore,Standard,0,5596.1202972153305,11143647.704902897,56.7580385361704
2545.1039488049437,3,1,Bangalore,Premium,0,9162.374215697797,21359295.82831466,105.45925354637372
3987.682529696437,2,1,Coimbatore,Premium,2,10367.974577210736,23638090.67133276,96.12676872192851
3571.501220369199,1,0,Madurai,Economy,0,3571.501220369199,5624698.773528451,36.274605562256966
3002.7302385287308,3,1,Chennai,Luxury,1,10809.82885870343,38586268.621181846,131.58392876292746
2862.4804341451527,2,1,Madurai,Premium,1,7442.449128777397,17889272.533455532,73.06139574655853
2689.2904288897985,1,0,Madurai,Economy,0,2689.2904288897985,3980621.4668165,26.19973189694931
3744.164822027164,1,0,Bangalore,Premium,2,3744.164822027164,9748093.752057483,39.51754090823112
2127.867207048063,3,1,Chennai,Luxury,0,7660.321945373027,28233803.907311123,85.42460923179274
1262.594731591031,1,1,Hyderabad,Luxury,1,2020.1515705456495,7705073.37314911,35.959144999549636
3149.168963406141,2,0,Coimbatore,Standard,0,6298.337926812282,11388084.969399035,60.226433724238504
1824.5513299883455,1,0,Chennai,Luxury,0,1824.5513299883455,7215285.858976759,32.769558146233
890.339369437018,3,0,Coimbatore,Premium,1,2671.018108311054,6843236.931803613,40.535659210317746
3081.2985291674804,1,0,Chennai,Luxury,2,3081.2985291674804,11342280.63026306,40.85074458677581
1351.47502549805,2,0,Madurai,Premium,0,2702.9500509961,6341341.60607734,41.53074129812308
3799.5605512801403,1,0,Coimbatore,Luxury,1,3799.5605512801403,11377673.905096654,53.05194798421862
3538.3330692535706,3,0,Bangalore,Luxury,1,10614.999207760711,38901779.76500852,128.2830213768331
2715.1555405632193,3,0,Bangalore,Economy,2,8145.4666216896585,12220059.447852883,60.421520418905516
1918.0310133434464,1,0,Bangalore,Luxury,1,1918.0310133434464,5912252.567815095,35.46674763382634
3659.1425226234824,3,0,Bangalore,Economy,2,10977.427567870447,15683951.35352493,77.09080405906994
1052.490472270663,1,1,Hyderabad,Premium,1,1683.984755633061,4118576.570337589,32.54545251917454
2754.968392921692,2,0,Chennai,Economy,0,5509.936785843384,7489378.136100894,48.19317432744572
3892.6861995575546,3,0,Coimbatore,Premium,0,11678.058598672664,29910409.066009987,116.79839148130097
3886.9205782986755,2,1,Chennai,Premium,0,10105.993503576556,27015227.68465741,92.96190788584276
1694.6272171858222,1,0,Coimbatore,Luxury,2,1694.6272171858222,6393993.186434792,31.503427213504878
3720.7106665321307,1,0,Madurai,Standard,2,3720.7106665321307,7274532.532692621,39.16514586910043
1329.7701752790203,3,0,Bangalore,Luxury,0,3989.310525837061,13608651.04626546,59.671938773259626
1806.4079217737049,2,0,Chennai,Luxury,1,3612.8158435474097,13251044.968347583,53.00662850280068
3504.8057464229805,3,0,Coimbatore,Economy,1,10514.417239268942,16859123.19097112,77.74785168678262
1956.977586784837,1,0,Coimbatore,Economy,0,1956.977586784837,2853714.2850359497,23.39777982834188
3329.575539994658,2,1,Hyderabad,Standard,2,8656.896403986111,14290645.906495344,75.22060653189939
1152.5637847455223,2,0,Hyderabad,Premium,1,2305.1275694910446,5366951.605676507,33.94258931453161
3633.917103519473,2,1,Hyderabad,Standard,2,9448.18446915063,18432446.071451113,90.61784102866258
2385.724841133444,3,0,Hyderabad,Premium,2,7157.174523400332,17400593.111755986,82.26238288835684
3459.3479916038286,1,0,Coimbatore,Standard,2,3459.3479916038286,7004872.989946461,39.11039543098224
1453.5710567941173,1,0,Coimbatore,Luxury,1,1453.5710567941173,4605098.0399596775,26.110553517806533
961.7268377748054,2,1,Madurai,Premium,1,2500.489778214494,6069497.338230971,38.07127725322571
1413.7585838610948,2,0,Madurai,Luxury,1,2827.5171677221897,8563400.119858531,39.19142792633688
1823.7236324489647,1,1,Chennai,Standard,0,2917.9578119183434,5726148.130700437,32.76900369183303
987.2228846381965,1,0,Madurai,Premium,0,987.2228846381965,2577305.8189964048,22.914797411130717
2714.4093776545665,3,0,Bangalore,Standard,2,8143.228132963699,14233983.284801742,71.71468032938476
3739.3354723174043,1,1,Chennai,Luxury,0,5982.936755707847,20543666.992349073,78.65579353901848
1395.5217982055728,3,0,Madurai,Luxury,1,4186.565394616719,15715104.525450632,57.30621359714974
1120.5472230445864,3,0,Coimbatore,Economy,0,3361.641669133759,4780962.552950876,32.258412866647475
2097.6807086654194,2,0,Madurai,Standard,2,4195.361417330839,7666247.725132049,47.219173863019996
2105.922075117458,2,0,Hyderabad,Standard,2,4211.844150234916,7807619.523458969,40.583258831854586
927.2523847347724,2,1,Coimbatore,Economy,1,2410.856200310408,3518170.03726832,30.430884030171118
3631.6632659244574,2,0,Coimbatore,Standard,1,7263.326531848915,12078204.146841185,59.4251686363322
2893.401137929391,1,0,Chennai,Economy,1,2893.401137929391,3715843.638103216,26.909778190474007
1174.1015635684978,1,1,Chennai,Luxury,1,1878.5625017095963,6546105.853582654,35.87216101946041
3473.88354845736,3,1,Coimbatore,Economy,1,12505.980774446496,20968646.28211708,91.52803991652247
3945.216933404649,3,0,Bangalore,Standard,2,11835.650800213947,21632934.034154147,98.2255409623387
2056.2860829077104,1,0,Coimbatore,Standard,0,2056.2860829077104,3530436.7059102086,26.134415467167646
810.8287570367278,1,0,Madurai,Premium,2,810.8287570367278,2079678.416610739,20.71341463724382
1689.4661028191517,2,0,Madurai,Luxury,1,3378.9322056383035,9997629.51807361,51.84876145332687
2930.9760999061755,3,1,Chennai,Luxury,0,10551.51395966223,35799685.83267221,119.04113183056123
2491.248547711233,1,1,Chennai,Economy,0,3985.9976763379727,5653341.504650643,37.915054865713834
3646.7086820358195,2,1,Madurai,Luxury,0,9481.44257329313,30904130.20534012,103.18627724250074
1852.038909255926,2,0,Chennai,Standard,0,3704.077818511852,6549446.322479583,41.10059642040331
1808.5718256508446,2,0,Chennai,Economy,2,3617.1436513016893,4914344.008387286,34.05880754586735
2062.568890859665,2,1,Bangalore,Premium,1,5362.679116235128,14812545.694809873,62.48973790818149
2046.4883467921704,3,0,Bangalore,Premium,0,6139.465040376512,15027324.8165819,62.22985468646398
3005.037869279522,2,0,Chennai,Luxury,2,6010.075738559044,20704060.79609212,72.23657638629626
2391.213811035109,2,0,Hyderabad,Economy,2,4782.427622070218,6738000.73959423,39.10738998192334
1500.7926689745993,1,1,Chennai,Premium,1,2401.268270359359,5761847.678413845,37.68248270211006
857.9501993214578,1,0,Madurai,Luxury,0,857.9501993214578,3260319.2493677745,23.847980605238778
1812.8068477129304,3,1,Bangalore,Standard,1,6526.104651766549,12669154.569488432,62.4538980664399
3802.9499267160636,1,0,Coimbatore,Standard,2,3802.9499267160636,7251301.394519207,38.58385563387909
1551.160259881905,3,0,Coimbatore,Premium,2,4653.480779645715,10531875.391738167,55.575772938793726
2041.0274839196038,3,0,Hyderabad,Premium,1,6123.082451758812,15431526.643531084,62.490218267531525
1494.822169402982,3,0,Hyderabad,Economy,1,4484.466508208946,6919985.81678913,37.739710060093024
1070.033753630235,3,0,Chennai,Economy,2,3210.101260890705,4788825.322866222,35.240701997788435
1176.347630826093,3,1,Madurai,Economy,0,4234.851470973935,6639203.813078441,39.47983233582797
1071.021477077431,3,0,Madurai,Economy,1,3213.064431232293,4199069.621677388,30.364241119676457
3074.144300613007,2,0,Hyderabad,Luxury,0,6148.288601226014,18304180.900421657,73.30311874043319
3759.597339720744,3,0,Chennai,Standard,2,11278.792019162232,21054722.55595777,83.14976530266661
2914.3713239483004,3,0,Madurai,Standard,0,8743.113971844901,16558353.945732417,69.17084573235674
2411.3121489860278,1,0,Chennai,Premium,2,2411.3121489860278,5175233.281813594,29.76547520623939
2182.4146841892925,3,0,Coimbatore,Premium,1,6547.244052567878,15371002.8724338,73.90770109012888
1961.0519191259955,1,0,Coimbatore,Economy,2,1961.0519191259955,2548284.0881551243,23.84192346322216
2038.7882847697383,3,1,Hyderabad,Economy,2,7339.637825171058,11307241.441215558,68.91497449188414
3840.5386904418997,3,0,Chennai,Premium,1,11521.6160713257,27928620.5524569,120.09220448386543
2989.2441227937825,2,0,Bangalore,Luxury,1,5978.488245587565,20777299.671677757,68.88683574173797
1472.8152617416295,1,0,Coimbatore,Luxury,2,1472.8152617416295,5308938.895607259,28.651361069682626
3047.5959683393307,1,0,Chennai,Premium,0,3047.5959683393307,7622679.230253055,41.23724245574432
3953.345120003893,3,0,Bangalore,Premium,2,11860.03536001168,25653177.30306001,124.93116580665993
2567.0260843806004,3,0,Madurai,Luxury,1,7701.078253141801,26549749.377556708,90.82528749235932
3580.7981054457687,3,0,Coimbatore,Luxury,1,10742.394316337306,33128779.67821797,115.09907255442452
3647.8723891690183,2,1,Coimbatore,Standard,0,9484.468211839448,18505558.9321312,88.04748870049133
1557.2593532220842,1,1,Chennai,Premium,2,2491.6149651553346,6388652.548823806,40.68775394584632
949.8046631495281,3,0,Coimbatore,Standard,1,2849.4139894485843,4909681.096082679,37.2995416934445
2342.6859024783357,3,1,Hyderabad,Premium,0,8433.66924892201,19889557.34696715,86.3375080915975
1023.2111530250854,1,0,Chennai,Premium,2,1023.2111530250854,2781113.8021065816,20.78810735574218
1848.4960957492572,3,1,Chennai,Standard,2,6654.585944697326,12202377.638721459,59.38924320211252
870.8453214148669,1,0,Bangalore,Economy,0,870.8453214148669,1200550.6819452648,17.275168314173573
1492.808562177694,2,0,Coimbatore,Luxury,0,2985.617124355388,11483634.159064637,42.855251241564424
998.479601128906,2,0,Chennai,Economy,2,1996.959202257812,2969287.181640193,26.829781850569375
2631.9143294038686,3,1,Madurai,Standard,2,9474.891585853928,19742621.210912395,89.89909985654702
1423.767457914019,3,0,Coimbatore,Standard,1,4271.302373742057,7614596.581159275,47.14013714484075
2130.3292776944973,1,0,Hyderabad,Standard,1,2130.3292776944973,4011413.5465636775,28.817723250272486
2378.6440857489497,3,0,Coimbatore,Economy,0,7135.932257246849,10400176.048065526,58.74916715177953
1571.9140003500695,3,0,Bangalore,Standard,0,4715.742001050208,8114496.547388547,48.619044364836796
3062.0828853623066,2,1,Coimbatore,Luxury,1,7961.415501941997,24651841.86691935,84.66969680090179
3828.4890400707213,1,0,Bangalore,Standard,2,3828.4890400707213,7234766.337051996,39.42413691351603
2970.40019348204,2,1,Coimbatore,Economy,1,7723.040503053304,11678861.56200065,68.27585822311222
2397.8084738599837,2,0,Madurai,Luxury,2,4795.616947719967,15172782.543822387,67.9599979724043
2396.7812942463997,1,1,Coimbatore,Luxury,1,3834.8500707942394,14730457.617705407,54.83695620584559
2490.5347364105887,1,0,Coimbatore,Economy,0,2490.5347364105887,3715867.7210207996,25.31533263904018
2361.039520814543,1,0,Coimbatore,Economy,0,2361.039520814543,3540384.0131737026,27.49216985807397
1356.3071930340889,2,0,Hyderabad,Luxury,1,2712.6143860681777,10266458.569828486,39.92129960710076
2379.901454278737,2,0,Hyderabad,Economy,2,4759.802908557474,6887318.3890743395,39.00044786862321
2268.1674091465347,1,0,Bangalore,Luxury,1,2268.1674091465347,9137259.42275445,38.63250688774535
1973.7923032175001,3,0,Bangalore,Economy,2,5921.3769096525,8172109.437090485,54.40882133749276
2175.1718531944784,3,0,Bangalore,Premium,2,6525.515559583435,15355487.790784016,65.42783278303818
3697.7362676786092,2,0,Madurai,Premium,0,7395.4725353572185,17530858.163060438,69.0445577005206
1513.3403573946896,1,1,Madurai,Premium,2,2421.3445718315033,6166578.709922641,38.18864955052179
1990.017614683492,3,1,Bangalore,Standard,0,7164.063412860571,14987493.909734394,68.9079961175582
2496.4810249213224,3,0,Hyderabad,Economy,0,7489.443074763967,10730562.535770256,61.28609375734161
2731.1977439094426,1,0,Hyderabad,Premium,1,2731.1977439094426,7031800.313704877,37.819000428822314
2206.2153001455604,2,0,Madurai,Luxury,0,4412.430600291121,16414369.406325575,63.46610019450268
2077.4875980365155,1,0,Hyderabad,Economy,0,2077.4875980365155,3018804.575535695,25.411021915055972
1701.2345387310618,2,1,Coimbatore,Standard,0,4423.209800700761,8627281.75239663,43.60448504943898
1374.8575434145323,3,1,Madurai,Economy,2,4949.487156292316,6984263.016407948,51.57034268375196
2038.2754544567592,1,0,Coimbatore,Luxury,0,2038.2754544567592,7109113.768953195,30.523078862743354
3834.262597809486,1,0,Bangalore,Standard,1,3834.262597809486,7483992.699583748,34.41349154364101
1162.3225352038962,1,0,Hyderabad,Standard,0,1162.3225352038962,2066449.594396883,21.835508232314464
2699.123839533775,2,0,Coimbatore,Luxury,2,5398.24767906755,17274732.42529251,72.18609685790062
887.3204820818099,2,0,Bangalore,Economy,1,1774.6409641636199,2345981.5512891775,25.93656435674277
3660.024026486549,1,0,Coimbatore,Economy,0,3660.024026486549,5664194.750192187,36.94974930062815
1843.044940654193,1,1,Hyderabad,Luxury,2,2948.871905046709,10795380.241017984,50.05473978029125
1738.542890268231,1,1,Coimbatore,Standard,2,2781.6686244291695,5243493.889719549,31.996470558297805
2520.4181651313443,2,0,Coimbatore,Luxury,2,5040.8363302626885,15924875.1288778,67.79254810775927
3037.6793450732484,3,0,Chennai,Luxury,1,9113.038035219746,33569105.73191148,94.5654219874161
2465.836599407454,1,0,Chennai,Economy,2,2465.836599407454,3428283.0221077814,27.93349862618716
1945.2432983222056,3,0,Madurai,Economy,2,5835.7298949666165,7692442.282586541,56.450079751958846
3939.9827221836504,2,1,Chennai,Premium,2,10243.95507767749,27232191.266101435,97.72163154390849
1160.86578716529,2,0,Bangalore,Luxury,0,2321.73157433058,7686454.25931847,43.398946442791626
3541.4201706450062,1,0,Coimbatore,Standard,1,3541.4201706450062,6653265.057569654,34.75383966581604
1835.9175391581068,3,0,Hyderabad,Premium,1,5507.752617474321,14714966.45922221,54.60171420700954
2000.18862116194,2,0,Coimbatore,Luxury,1,4000.37724232388,13643769.687758218,54.94229850660875
2661.4098711925767,2,0,Bangalore,Luxury,2,5322.819742385153,17247094.838654015,67.91262999593785
1538.5975403518373,2,0,Hyderabad,Economy,2,3077.1950807036746,3966829.8868797505,28.133972998871325
1671.2058083135034,2,1,Coimbatore,Luxury,2,4345.135101615109,16189996.1580464,58.99748054713304
3822.072624032453,2,0,Madurai,Standard,0,7644.145248064906,14469443.415250072,62.097696139737074
3115.3897343821395,1,1,Hyderabad,Premium,1,4984.623575011423,11816966.373767247,55.79609807969915
2185.902414465088,2,1,Madurai,Luxury,1,5683.346277609229,21551730.869065396,71.59878395789468
2827.2918949608465,2,0,Coimbatore,Premium,0,5654.583789921693,12938676.9513348,58.45866749719379
2037.489047270925,2,0,Coimbatore,Luxury,0,4074.97809454185,12208926.490660774,50.728313297714585
1656.759100078607,2,0,Coimbatore,Luxury,0,3313.518200157214,10469226.909282696,52.600816531364856
3277.217219397922,1,1,Coimbatore,Premium,2,5243.547551036675,12813022.32856316,64.11955111174744
3300.5904471187673,3,0,Bangalore,Luxury,1,9901.771341356301,33334061.296052855,105.53554424996659
1003.0385948051314,3,0,Bangalore,Standard,0,3009.115784415394,5165174.00993134,33.49926703364099
1440.6911906704056,2,1,Madurai,Standard,0,3745.7970957430543,7115997.642198934,39.87950983120916
1900.4602984075727,1,1,Coimbatore,Luxury,2,3040.7364774521166,11021550.993737066,44.913135544293276
1884.2974450656666,2,1,Madurai,Luxury,1,4899.173357170733,14328986.141331645,67.7149161442146
3112.770456869189,2,0,Coimbatore,Economy,0,6225.540913738378,8986549.551866459,50.3646993906836
2363.102343199793,2,0,Bangalore,Standard,2,4726.204686399586,8004572.759797257,43.81292737483898
1372.6414089509674,2,0,Coimbatore,Standard,1,2745.282817901935,5110790.184005419,31.595929836525833
3715.436022100733,1,1,Hyderabad,Luxury,2,5944.6976353611735,23834441.066813737,78.8340391321869
1277.9566317773804,3,1,Chennai,Luxury,1,4600.643874398569,14453502.900789157,62.89247521928313
1935.6294493659454,2,0,Madurai,Standard,2,3871.258898731891,6530295.020488919,36.00464988462641
3198.385617477362,3,0,Hyderabad,Standard,0,9595.156852432086,16553676.872978512,87.49202358026625
3321.2682017431134,3,0,Chennai,Standard,2,9963.80460522934,17199509.08838388,82.61863259216825
3272.9805037076994,3,1,Chennai,Standard,1,11782.72981334772,19614263.891309816,88.90664944373175
2532.252349663372,2,0,Coimbatore,Premium,0,5064.504699326744,12617858.212151892,54.40542391594422
1805.6643143069523,1,0,Madurai,Standard,2,1805.6643143069523,3572686.6819715523,25.296186517791227
3305.3492894108645,2,0,Coimbatore,Luxury,0,6610.698578821729,21227058.362934943,75.53039447701245
2437.5248778384434,3,1,Bangalore,Economy,0,8775.089560218397,11569545.435435094,75.71544389635791
1416.1646571350382,3,0,Bangalore,Economy,0,4248.493971405114,6256337.562660878,45.050924407281116
2106.948875563948,2,1,Chennai,Economy,1,5478.0670764662655,8148318.511358202,51.80120216205924
852.872735316885,3,0,Madurai,Economy,1,2558.618205950655,3890902.0894169495,31.474170380347875
2074.0777085898567,1,0,Coimbatore,Economy,1,2074.0777085898567,2958407.3765183603,23.81743091066929
3629.1328734342756,1,0,Bangalore,Standard,0,3629.1328734342756,6521900.370679103,41.16303106318848
3837.2897707137636,1,1,Madurai,Economy,2,6139.663633142021,9652134.692272639,46.99515741357079
2051.8981281325473,1,0,Madurai,Luxury,0,2051.8981281325473,6719042.9342233585,30.475468834385314
1181.101856597616,2,1,Madurai,Premium,2,3070.8648271538013,7462971.492294341,44.405018589917375
2134.4059859510003,1,0,Coimbatore,Standard,0,2134.4059859510003,3696647.0910098418,24.735197147220276
3172.1613704852025,1,0,Chennai,Economy,1,3172.1613704852025,4094907.9115522727,30.791116195458358
3920.676681517285,1,0,Madurai,Luxury,1,3920.676681517285,11923461.380454043,51.98355044480956
1718.8616664580206,3,0,Chennai,Standard,0,5156.584999374062,8857099.939796958,45.83901669995132
1672.1580641972655,2,0,Coimbatore,Standard,2,3344.316128394531,5977717.175562039,37.284533554696644
1811.769762803867,1,0,Coimbatore,Luxury,0,1811.769762803867,7447844.111035567,35.86104620183873
3015.1483988653463,1,0,Madurai,Standard,1,3015.1483988653463,6104376.232482913,35.966068345730385
1853.1309793528596,2,0,Madurai,Economy,2,3706.2619587057193,5336657.583679587,39.19675784768167
2565.2695555137534,1,0,Madurai,Standard,0,2565.2695555137534,4495674.420546366,29.703970678081024
2449.012274852334,2,0,Madurai,Luxury,1,4898.024549704668,18708779.14791171,55.16476724404836
3591.7649375693395,2,0,Hyderabad,Standard,2,7183.529875138679,14270209.089346612,63.00228229018207
2237.243318862288,2,0,Madurai,Premium,2,4474.486637724576,9948057.835339287,54.56080830171142
3074.554914562299,3,1,Chennai,Premium,1,11068.397692424276,25086819.891183607,108.59642660106555
3665.156937128272,3,0,Chennai,Economy,0,10995.470811384817,15315476.987676006,83.92570132363973
3716.4625177833086,1,0,Coimbatore,Standard,1,3716.4625177833086,7036514.509835641,35.26349775351122
3780.4151016670507,1,0,Coimbatore,Standard,2,3780.4151016670507,6277226.385664992,39.21447598839452
1169.8009487146753,1,1,Chennai,Luxury,2,1871.6815179434805,5904588.712693489,34.80511441556049
3698.1903566739993,3,0,Madurai,Economy,0,11094.571070021997,14870026.473042944,88.67582157565907
1500.0981832406196,2,1,Coimbatore,Economy,0,3900.255276425611,5535195.661798619,41.407750969951394
2368.3266623949758,3,0,Hyderabad,Economy,1,7104.979987184927,9594704.275547054,61.414313867053934
3403.69862409299,1,0,Coimbatore,Economy,1,3403.69862409299,5098306.346380571,31.61938635132638
2587.6896381760303,2,0,Bangalore,Economy,1,5175.3792763520605,7057475.964972025,46.65773725354028
1701.517675521055,3,0,Hyderabad,Economy,2,5104.553026563165,7717431.828944195,49.407896033081684
1718.746175500822,3,0,Bangalore,Premium,2,5156.238526502466,11974551.06435529,62.09073802877126
3520.332249033292,2,0,Bangalore,Economy,1,7040.664498066584,9651535.711211232,53.42895920623489
3990.63960612206,2,1,Coimbatore,Economy,2,10375.662975917356,14378124.071196023,88.35104159672699
2932.8437712419454,3,0,Bangalore,Economy,1,8798.531313725836,12466177.788737837,68.30184846302807
3623.0392915759035,2,0,Coimbatore,Luxury,0,7246.078583151807,25378055.63726701,82.50228954768325
3637.61729947772,3,1,Hyderabad,Economy,2,13095.422278119793,17433511.059646834,96.33173895490316
1200.413489666322,3,0,Bangalore,Luxury,0,3601.240468998966,12153218.274657505,52.3256878148661
1533.8770300962328,2,1,Chennai,Luxury,2,3988.080278250205,12739002.316260673,53.77789117277112
3629.563984270899,2,0,Coimbatore,Luxury,2,7259.127968541798,22836270.486355662,89.5112078676094
1138.7944178320672,3,1,Madurai,Economy,2,4099.659904195442,6472780.63692852,47.280957174880655
3310.847726300584,2,0,Coimbatore,Premium,2,6621.695452601168,17917871.419803936,72.49581821968187
853.475499960724,3,1,Chennai,Economy,1,3072.5117998586065,4359029.413860378,40.35185552238063
3029.332696523718,1,0,Hyderabad,Luxury,1,3029.332696523718,10235322.456182884,40.825483937380625
2934.1512270907947,1,1,Bangalore,Premium,1,4694.6419633452715,12761164.985838592,58.960114562770556
1305.107001182079,3,0,Madurai,Luxury,2,3915.321003546237,14781410.932798738,59.803049689087054
2455.6165870510417,2,0,Bangalore,Standard,1,4911.2331741020835,9802101.243287573,51.83546179529056
3403.596234042372,2,0,Bangalore,Luxury,1,6807.192468084744,26499374.973896697,75.58518886095314
1868.0793352626101,1,0,Bangalore,Premium,2,1868.0793352626101,5231482.600983634,31.704414408981176
2255.870925971868,3,0,Hyderabad,Economy,2,6767.612777915604,9765745.335520163,53.54843517764113
1989.1363177627402,3,0,Madurai,Economy,0,5967.408953288221,7701372.875351882,49.13786955413669
827.7733066805148,2,0,Coimbatore,Luxury,1,1655.5466133610296,6069318.629368938,34.97129961088531
909.1131573336103,2,0,Madurai,Luxury,0,1818.2263146672205,5951624.813863884,33.224986515535846
2253.099342733864,3,1,Coimbatore,Luxury,1,8111.157633841911,30015609.306220546,106.91211980773149
1323.6252564134084,3,0,Madurai,Luxury,2,3970.875769240225,13336883.54461741,59.49937726543884
1311.0680388549347,2,0,Madurai,Standard,0,2622.1360777098694,5306299.128383456,28.730014779728116
919.1125922860646,3,1,Madurai,Premium,1,3308.8053322298324,8013321.131097658,50.63902541406196
1788.8858003853804,2,1,Hyderabad,Luxury,0,4651.103081001989,15848078.03052154,57.93305162114641
3975.2545061871974,1,0,Chennai,Standard,2,3975.2545061871974,8410063.292223182,43.021084421999376
3231.9467817560035,1,1,Chennai,Standard,1,5171.114850809606,9299656.008140298,51.42679612587309
2292.6306872284517,2,1,Coimbatore,Premium,1,5960.839786793975,15496654.237733342,63.010367197622635
1071.2628953555457,1,0,Coimbatore,Standard,0,1071.2628953555457,2040476.0355404902,18.91118024957859
1810.6607844897826,1,0,Bangalore,Luxury,0,1810.6607844897826,5392134.877344314,28.31593359980799
1585.313894679877,1,1,Madurai,Economy,1,2536.5022314878033,4131830.6425962625,28.040077979505728
3759.3775334132706,2,1,Madurai,Luxury,0,9774.381586874504,37672437.343321875,113.92431326776608
2947.9298491413447,2,0,Coimbatore,Premium,2,5895.859698282689,15723892.703087052,64.43284770631229
1469.8505277209783,2,0,Coimbatore,Economy,2,2939.7010554419567,4589920.306915977,31.949432949374277
3877.6047738813054,1,0,Coimbatore,Economy,1,3877.6047738813054,5943995.179076836,30.79181599755988
2856.428075154735,1,1,Coimbatore,Economy,0,4570.284920247575,6757809.437908425,39.71232462919172
2802.1542796440276,3,1,Chennai,Premium,1,10087.7554067185,27261344.727124933,110.26196571969625
1883.385000175934,2,0,Coimbatore,Premium,2,3766.770000351868,9485296.091526866,45.432447978725065
2872.8671629248147,3,0,Hyderabad,Standard,2,8618.601488774444,15204522.438333968,67.5753335338402
1251.3629474247568,1,0,Hyderabad,Economy,0,1251.3629474247568,1793375.8415464093,18.755383537319666
1863.9079261548186,3,1,Coimbatore,Economy,0,6710.068534157347,10568960.982173005,51.86393715986843
1371.1107014851916,1,0,Bangalore,Luxury,2,1371.1107014851916,4347947.759320954,28.74678662072078
2026.9929724852768,2,0,Bangalore,Economy,1,4053.9859449705536,6530277.722773687,34.987949467767145
1288.434532258702,1,1,Coimbatore,Standard,0,2061.495251613923,4150458.83544508,30.959330963515587
2460.1519599876733,1,0,Bangalore,Premium,2,2460.1519599876733,5683672.379811453,31.85260126835919
3787.614220905805,3,0,Madurai,Economy,2,11362.842662717414,17304574.750627115,78.24839195318233
3589.5884070161833,3,1,Hyderabad,Premium,1,12922.51826525826,28614211.07357051,121.20970584018379
2291.038804369804,3,0,Chennai,Premium,0,6873.116413109412,14824102.200892424,71.2411193001596
2664.6998468256706,1,1,Bangalore,Standard,1,4263.519754921073,7446230.300814993,49.50295008102558
2260.759541312907,2,0,Coimbatore,Standard,0,4521.519082625814,8463579.907407694,44.70429672207448
1215.3777877308141,1,0,Bangalore,Standard,2,1215.3777877308141,2154472.112615525,22.52824897231644
3423.5019255223483,2,0,Hyderabad,Standard,1,6847.003851044697,12459894.304613525,65.58667023769091
3287.5514509980544,1,0,Chennai,Standard,2,3287.5514509980544,5717337.199536345,34.461912132436844
1373.844341358696,2,0,Hyderabad,Economy,0,2747.688682717392,3893801.0714761387,26.84909192274742
1951.6096394682697,2,1,Coimbatore,Luxury,1,5074.185062617501,19928282.85353788,69.85720361591716
2854.9953793113477,1,0,Coimbatore,Economy,2,2854.9953793113477,4017159.684451874,30.02696834031079
3048.84243458077,2,0,Madurai,Economy,0,6097.68486916154,9229899.66464814,44.29520215568699
1653.243689735719,1,0,Bangalore,Economy,1,1653.243689735719,2505705.493011909,23.371905833201133
3179.859718346747,3,0,Hyderabad,Economy,0,9539.579155040241,12848473.617518159,78.92391236509944
1682.0615367752875,2,1,Hyderabad,Premium,0,4373.359995615748,11127617.760771442,58.64291074890147
3354.60202804271,3,0,Coimbatore,Economy,0,10063.80608412813,13476897.93270256,68.13603700968449
3316.618892549758,3,1,Bangalore,Standard,2,11939.828013179129,23637886.392710324,107.63975695534224
1457.1772279639422,2,0,Coimbatore,Premium,1,2914.3544559278844,7903847.83802575,39.035522011638264
2904.8238880838467,3,0,Chennai,Premium,0,8714.47166425154,23688115.676964484,80.70359863394839
1594.3761029795533,1,0,Chennai,Premium,1,1594.3761029795533,3539388.0487479554,25.418383196154156
1501.7047927626481,3,0,Coimbatore,Standard,0,4505.114378287944,9078653.515904931,42.14133421990092
925.6381473170371,2,0,Bangalore,Luxury,1,1851.2762946340742,7037636.846289942,33.01155885646552
1276.8273389172837,1,0,Bangalore,Premium,2,1276.8273389172837,3231110.0410302035,24.92212088261103
2456.3162396014027,2,0,Chennai,Standard,1,4912.632479202805,9432270.893863533,43.1027696080235
1246.0712558923005,1,1,Hyderabad,Standard,0,1993.7140094276808,3736272.9073432744,28.736363793824218
2870.6240593247444,2,0,Bangalore,Premium,1,5741.248118649489,14048825.629633516,62.600424933701305
2566.0644463972667,1,0,Madurai,Standard,2,2566.0644463972667,4601098.36165282,31.6066581564998
937.8157641795109,1,1,Chennai,Economy,2,1500.5052226872174,2185860.1248859125,22.682093559524073
3593.879664687007,1,1,Chennai,Premium,0,5750.207463499211,14252864.206633233,68.34424756403216
3146.482226668726,1,0,Hyderabad,Premium,0,3146.482226668726,8304218.411369098,34.304698094685875
1955.3910344902245,1,0,Chennai,Economy,0,1955.3910344902245,2960164.5276695443,21.412846877496854
2352.1685379055125,3,0,Madurai,Standard,2,7056.5056137165375,12939889.49626078,58.54834991589453
3582.9540233680236,1,1,Bangalore,Standard,2,5732.726437388837,11440014.771392852,57.376712100232595
2131.4575269402644,2,0,Chennai,Standard,0,4262.915053880529,8689079.174369259,48.38522628699069
1540.1653982323032,1,0,Chennai,Standard,0,1540.1653982323032,2760472.2293770565,21.46995867302396
1199.4959993881423,1,0,Hyderabad,Economy,2,1199.4959993881423,1850991.8200033316,19.43783819399937
2910.463854943856,2,0,Madurai,Economy,1,5820.927709887712,8630863.234684812,47.12827295986492
3132.384937910923,2,0,Coimbatore,Economy,2,6264.769875821846,9821076.863954093,49.781160874719255
3940.440757711535,2,0,Chennai,Luxury,0,7880.88151542307,23954671.766108822,93.37191556096849
3662.784861017815,1,1,Bangalore,Economy,0,5860.455777628504,9558027.481371472,52.17054346969805
3215.683453699701,2,1,Madurai,Economy,2,8360.776979619222,12344914.725695074,65.69900327704413
1653.8296535649906,1,1,Chennai,Standard,1,2646.127445703985,4871517.123130708,30.539821747762293
3359.2406431718664,3,0,Hyderabad,Standard,2,10077.7219295156,17378285.394699156,87.35142961853377
2343.2119633939897,1,0,Coimbatore,Luxury,0,2343.2119633939897,7677408.544038479,33.637564115027175
3252.3063209133697,2,0,Coimbatore,Premium,1,6504.6126418267395,15244073.483056001,69.5483727013326
3354.7254894847256,2,0,Coimbatore,Economy,0,6709.450978969451,9444458.059102785,55.302705250333645
3962.8098682749155,3,1,Hyderabad,Luxury,0,14266.115525789697,46705331.11111518,164.8959030399047
3066.4858421031554,2,0,Chennai,Premium,0,6132.971684206311,15213442.748471806,68.95935020419007
3907.838617331485,2,0,Coimbatore,Economy,2,7815.67723466297,10643368.471534325,56.81830879878661
1760.9957021522007,1,0,Hyderabad,Standard,2,1760.9957021522007,2984354.9153022547,25.070573599932377
1593.4244600130596,2,0,Bangalore,Premium,0,3186.8489200261192,8685295.128679113,41.2458435773802
2175.9761280777816,1,0,Chennai,Standard,1,2175.9761280777816,4232003.7433349965,29.627001834304703
1506.6637193795045,3,0,Coimbatore,Premium,0,4519.991158138513,10647766.78040981,55.41356813229365
2899.994490038767,3,1,Chennai,Standard,2,10439.98016413956,21657715.777401373,95.85580819630445
1041.2296148600167,2,0,Coimbatore,Standard,1,2082.4592297200334,3710085.7378700245,28.744903779596054
3583.972380526703,1,0,Chennai,Economy,0,3583.972380526703,4597350.175917979,36.314279561974494
3719.19510402061,2,0,Hyderabad,Economy,1,7438.39020804122,11658008.899478002,60.57305727609717
1399.933858662144,1,0,Madurai,Premium,1,1399.933858662144,3872488.927812916,26.564905864416396
3149.0429302196117,3,0,Coimbatore,Economy,1,9447.128790658835,12976467.610952374,67.31526707371226
1471.8615047968378,2,1,Chennai,Premium,0,3826.8399124717785,8912367.245558636,45.87852491881517
2770.675538725281,1,1,Bangalore,Standard,1,4433.0808619604495,8448559.493873334,44.26720591047453
3629.1660329595734,2,0,Bangalore,Premium,0,7258.332065919147,17934167.06851811,78.02925491504416
1948.295811666545,1,1,Bangalore,Standard,0,3117.273298666472,6462505.65790193,33.85654096514548
3493.4083070776483,1,0,Bangalore,Premium,2,3493.4083070776483,9373010.085933084,39.23830301603041
1546.751524958421,1,0,Coimbatore,Premium,0,1546.751524958421,4099822.235171077,27.331558654710626
841.3980552811391,1,0,Chennai,Premium,0,841.3980552811391,2297103.1830968056,19.729115390784738
3775.031995729426,2,1,Coimbatore,Economy,2,9815.083188896508,13956259.072875354,73.83303020371771
3216.593631422514,2,1,Bangalore,Luxury,2,8363.143441698536,26315770.357577328,86.32445114119704
3551.241582685898,1,0,Coimbatore,Economy,0,3551.241582685898,5325174.239526865,29.16107164943168
1675.9547483194838,2,1,Hyderabad,Luxury,0,4357.482345630658,15069262.755100327,62.03158921636148
1860.8886113007902,1,0,Chennai,Premium,0,1860.8886113007902,4643869.814837991,31.642790712486637
3064.1690596487038,2,1,Hyderabad,Economy,2,7966.83955508663,12133409.633128788,65.42518644813319
2270.7711867902394,1,0,Coimbatore,Economy,1,2270.7711867902394,2896547.6982614873,24.398803158903657
2566.645428099993,2,0,Chennai,Luxury,1,5133.290856199986,16822622.414816182,60.50424132593598
954.6628473247715,2,0,Madurai,Economy,1,1909.325694649543,2536659.6529667294,26.69923477495564
3295.8832797813425,1,0,Hyderabad,Standard,0,3295.8832797813425,6016931.3524287315,35.6383263008808
3930.102002037831,2,0,Coimbatore,Premium,1,7860.204004075662,19508907.793382235,80.18350246393338
1492.7067625267848,2,0,Madurai,Economy,0,2985.4135250535696,4718707.254483295,29.390532743112473
2526.1102760959566,1,0,Hyderabad,Economy,2,2526.1102760959566,3646598.5625393786,26.790527790574767
3585.53067939399,2,0,Chennai,Premium,2,7171.06135878798,17101931.323610753,66.93441176964492
859.6086032780555,2,1,Madurai,Economy,2,2234.9823685229444,3278821.478399371,29.178864782966343
3637.7915701100856,1,0,Bangalore,Standard,2,3637.7915701100856,6131916.631180721,32.72860816265118
1527.0253270006503,3,0,Madurai,Luxury,2,4581.075981001951,16529365.819323001,61.65682640545438
844.7375522725331,2,0,Madurai,Luxury,1,1689.4751045450662,5573461.645658018,31.480489454785264
3965.279714133352,1,0,Coimbatore,Economy,1,3965.279714133352,5430758.288821342,39.7774578150172
3289.4185690477625,3,0,Bangalore,Luxury,2,9868.255707143288,33405025.920067437,106.77330222999306
3450.6439874967864,2,0,Madurai,Economy,2,6901.287974993573,10040315.905301576,49.400929880611145
2494.2875263086935,2,0,Hyderabad,Luxury,0,4988.575052617387,19196866.941095322,65.1409714134015
1690.1565436010358,2,0,Hyderabad,Luxury,1,3380.3130872020715,12492150.74535914,48.933748482583404
3969.64836944068,2,0,Madurai,Economy,2,7939.29673888136,12015493.564463224,61.266343538811014
1112.6494965860743,1,1,Madurai,Luxury,0,1780.239194537719,7122165.968025075,32.735233233548506
2503.7450737065733,3,1,Coimbatore,Premium,2,9013.482265343664,19561465.21981067,103.58779089284668
2163.556596352434,1,0,Hyderabad,Economy,1,2163.556596352434,3599316.087087869,25.32874843556662
3151.9856008461493,2,1,Coimbatore,Premium,2,8195.162562199988,18491867.255316615,78.57866795292891
3552.658039061525,3,0,Hyderabad,Luxury,1,10657.974117184574,32832726.59326157,117.46484413841212
3776.9594093865594,3,0,Madurai,Premium,2,11330.878228159678,25663002.948260777,108.18188510164859
1203.220437227756,1,1,Madurai,Standard,2,1925.1526995644097,3720836.098838118,25.574983615040633
3100.977272885971,3,1,Bangalore,Standard,2,11163.518182389496,20054556.399849653,100.81293585190303
3634.887608584204,3,1,Madurai,Economy,0,13085.595390903134,17875863.865298856,106.30928944599384
1146.1973034389139,1,0,Chennai,Premium,1,1146.1973034389139,2742220.6291413754,25.59050922286049
2561.2263529867932,2,1,Chennai,Economy,2,6659.188517765662,10358175.560354905,57.7738205294485
1347.5917503378132,2,0,Madurai,Economy,1,2695.1835006756264,3533994.9712187885,27.613750328953845
2817.364687083703,3,0,Coimbatore,Standard,0,8452.094061251108,17061110.93080144,69.50282518569412
2745.1332835449325,2,0,Bangalore,Economy,1,5490.266567089865,8289108.471552668,43.78914277435266
3849.240361231551,3,0,Coimbatore,Economy,2,11547.721083694654,17291262.020748045,85.61398378450455
1766.633282525343,3,1,Bangalore,Luxury,2,6359.879817091235,21318217.88096749,76.53410909367945
2266.042761357247,2,0,Madurai,Luxury,2,4532.085522714494,15780273.48014476,51.82390339692302
2326.559800694023,3,0,Hyderabad,Luxury,2,6979.679402082069,25781627.017811056,82.4784346116098
2411.355113524025,3,1,Madurai,Luxury,2,8680.87840868649,29523477.401814602,109.85791768514211
2201.935326872244,3,0,Chennai,Premium,0,6605.805980616731,16723757.38814138,67.25307085154346
1109.798581104458,1,0,Coimbatore,Economy,0,1109.798581104458,1670935.691044432,18.295458124692285
2980.0912970073596,1,0,Chennai,Standard,1,2980.0912970073596,5307928.900632563,31.74121279545566
2672.391440182894,2,0,Hyderabad,Premium,1,5344.782880365788,12490208.639055341,62.82476080647356
1979.9833098133122,3,1,Chennai,Standard,0,7127.939915327924,12436600.997653577,63.02762653705575
3101.6681721238538,1,0,Coimbatore,Standard,0,3101.6681721238538,5678089.215936138,33.209691978328806
1972.8859477824954,1,1,Hyderabad,Economy,2,3156.6175164519927,4546506.924156607,34.41418460207583
3748.861415479748,2,0,Bangalore,Economy,2,7497.722830959496,11462020.317466617,57.79505182778473
2228.2688823060416,3,0,Bangalore,Luxury,2,6684.806646918125,24257709.165386938,77.2708056631112
1579.8774280997945,3,0,Madurai,Economy,2,4739.632284299383,6870288.382429055,43.01689082264331
3325.6415903721118,1,1,Coimbatore,Premium,1,5321.026544595379,13456585.181076324,62.67126321974422
1801.817565800214,2,1,Hyderabad,Premium,2,4684.725671080556,10431192.705408776,61.81222028544526
3672.1869116357248,1,0,Bangalore,Luxury,0,3672.1869116357248,14332797.218807315,52.198339474795674
3766.991184192669,2,1,Bangalore,Standard,0,9794.177078900939,19807386.293892413,74.37722581245978
3853.5643626185397,1,0,Hyderabad,Economy,0,3853.5643626185397,6122572.261807456,33.90322142807239
3487.810614870124,2,1,Hyderabad,Standard,2,9068.307598662323,16959675.627234288,77.65023169378169
1196.9391975499657,2,1,Hyderabad,Luxury,0,3112.0419136299106,10159322.637043556,48.72304041014944
2687.6238429344985,3,0,Madurai,Standard,1,8062.8715288034955,15039579.507912613,75.27249724417359
3873.8953211397734,1,0,Hyderabad,Standard,0,3873.8953211397734,7239264.374616169,40.64471620758709
2066.4123207155044,3,0,Madurai,Luxury,1,6199.236962146513,20886961.516331203,71.31230178010557
2109.528301069113,3,0,Madurai,Premium,0,6328.584903207338,14540814.568144213,72.0269066995198
2352.0902238068425,1,1,Chennai,Luxury,0,3763.344358090948,14374883.558302548,57.917579460469305
3074.475786133752,1,0,Madurai,Standard,1,3074.475786133752,5410884.013749576,29.89193435346164
2046.5520444766018,2,0,Chennai,Economy,2,4093.1040889532037,5748925.416014987,37.5521789501071
3580.0300375288575,3,0,Madurai,Luxury,1,10740.090112586573,38258079.93793417,114.5244317127355
2243.8724584242145,1,0,Madurai,Luxury,0,2243.8724584242145,7245605.9790057475,39.25126704461755
3821.282909545015,1,0,Bangalore,Premium,1,3821.282909545015,9226802.924721327,41.90273875456093
1975.3903539477758,1,0,Hyderabad,Economy,1,1975.3903539477758,3067833.4301036363,21.692435067961704
2426.9206384875047,3,0,Madurai,Premium,0,7280.761915462514,19190261.510582704,83.71864605076485
3338.367039489819,1,1,Bangalore,Economy,1,5341.38726318371,8356652.736782865,41.96176264789984
2664.8483630193423,3,0,Madurai,Luxury,0,7994.545089058027,29766056.626051176,94.91734296320799
3018.8400883689987,1,0,Coimbatore,Standard,0,3018.8400883689987,5358471.76339177,33.203980594996835
3923.780479130415,2,0,Bangalore,Economy,2,7847.56095826083,11085040.242147226,66.82700409818075
2919.9596673134674,2,1,Hyderabad,Economy,1,7591.8951350150155,12616612.973069277,63.469418992198264
1752.3565591085635,1,0,Coimbatore,Luxury,0,1752.3565591085635,6175099.063468626,34.54546386859047
2343.9979995703875,1,1,Coimbatore,Standard,1,3750.39679931262,7256166.657861132,36.13808546890923
1615.765011266909,1,0,Bangalore,Luxury,2,1615.765011266909,5502654.987212499,31.42598762388995
1370.7957231264927,2,1,Hyderabad,Premium,1,3564.068880128881,8124429.992509505,44.98342497646303
3370.600820429379,1,1,Chennai,Premium,0,5392.961312687006,13469776.623834314,66.89168756672417
2791.42894709338,3,0,Bangalore,Economy,0,8374.28684128014,12617328.8864851,63.53424318691258
1025.5810971282174,1,0,Bangalore,Luxury,0,1025.5810971282174,3014101.303028285,24.347108128081267
3180.0248388512314,3,1,Hyderabad,Economy,2,11448.089419864433,17145742.672751047,87.963416564022
1663.042448786188,1,0,Bangalore,Luxury,0,1663.042448786188,5618076.340433045,31.93518657230642
1634.6739711456503,2,0,Hyderabad,Standard,2,3269.3479422913006,6019678.8753536325,33.170847838358874
3735.8887217753722,3,1,Madurai,Economy,1,13449.19939839134,17782681.5183477,91.22838028692874
3960.6374168354646,2,0,Chennai,Standard,0,7921.274833670929,16133941.444312507,71.39329524096897
2291.1417025220844,3,0,Chennai,Premium,0,6873.425107566253,16052750.033729997,80.33703322368675
2365.76631627798,3,0,Hyderabad,Luxury,0,7097.29894883394,21068213.454756327,92.09550156001414
3676.7713793667003,3,1,Chennai,Premium,1,13236.376965720121,36316474.8318725,122.9337971103429
1431.0463963233065,1,1,Chennai,Standard,2,2289.6742341172903,4285061.060601813,30.958136634898864
3540.7438396100893,3,0,Madurai,Economy,1,10622.231518830267,13670563.26126428,74.29367024720622
1715.8412706079484,1,0,Hyderabad,Economy,0,1715.8412706079484,2220474.087490675,22.868117896926687
2967.7616614812473,2,0,Chennai,Economy,1,5935.523322962495,9387895.174843231,54.84997358529817
1274.051896711602,1,1,Coimbatore,Premium,0,2038.4830347385632,4757259.271835291,33.12118635622044
3971.35415295664,2,0,Chennai,Economy,1,7942.70830591328,12935623.371124746,64.15510183237173
2323.5028632102662,2,0,Chennai,Standard,2,4647.0057264205325,8547314.381584872,47.090828009447
1446.384143736724,2,0,Coimbatore,Standard,1,2892.768287473448,5602846.075943793,32.5449587390124
3352.6610351596055,3,0,Chennai,Economy,0,10057.983105478816,16503904.332508896,72.59106182838605
2143.857357272914,2,1,Coimbatore,Standard,2,5574.029128909577,9142835.641694799,50.59001101688105
2599.9210734395274,1,1,Hyderabad,Luxury,1,4159.873717503244,13911908.752717905,59.21282066011531
1777.763565514283,2,0,Madurai,Economy,2,3555.527131028566,5614680.471216419,37.461402294470716
1799.3138428456166,2,0,Hyderabad,Premium,0,3598.627685691233,7999146.742161133,40.74670122711736
3087.5096806725455,2,1,Bangalore,Luxury,1,8027.525169748618,31954493.95358161,97.97551674671715
1728.4916318719188,2,0,Coimbatore,Premium,2,3456.9832637438376,9223264.777811835,48.73474277013896
3847.524812668977,2,1,Chennai,Premium,1,10003.564512939342,25980333.88589386,101.55071181986293
2931.0899785825063,1,0,Hyderabad,Standard,1,2931.0899785825063,5611007.8151022345,34.970173316151744
2334.9976147855555,2,1,Hyderabad,Premium,2,6070.993798442444,14306374.698211133,69.81409670910271
3354.0912485664994,1,1,Chennai,Standard,0,5366.545997706399,10494224.270635508,47.96099175171446
2678.7307362017195,2,0,Bangalore,Economy,2,5357.461472403439,7985241.101426212,48.10595002065726
3731.948266602288,3,0,Chennai,Premium,0,11195.844799806864,29757724.97286778,101.11258150932957
3351.3589061823795,1,0,Bangalore,Luxury,0,3351.3589061823795,12176827.811935399,48.49818978726075
865.5310755980779,1,0,Coimbatore,Standard,0,865.5310755980779,1764024.3196425303,16.045950600098713
1172.8217018327712,2,1,Coimbatore,Standard,1,3049.3364247652053,5220710.298114433,35.793292842966586
3949.6361421305105,3,0,Madurai,Economy,0,11848.908426391532,19779615.083443128,94.42219945874754
3793.7763814373884,3,0,Madurai,Standard,0,11381.329144312165,20287603.135894522,92.4180966673089
2973.815570101424,3,0,Madurai,Standard,2,8921.446710304272,16006631.787493939,76.0566647681882
3226.1616716288463,1,1,Hyderabad,Standard,1,5161.858674606154,8815010.572461048,50.151813598941374
1847.178012800155,1,0,Coimbatore,Economy,0,1847.178012800155,2519562.430987558,20.1453453034486
1624.9908567353968,3,1,Madurai,Premium,0,5849.967084247429,14656009.643623495,67.6964510337668
1757.608977948576,3,0,Chennai,Luxury,1,5272.8269338457285,15475931.765727654,68.23700296798948
2853.4767433097213,1,0,Chennai,Premium,2,2853.4767433097213,6648458.330235122,36.5571293356022
3351.4530743645946,3,0,Hyderabad,Luxury,2,10054.359223093783,31795054.975127697,109.41886029881779
2566.4136956330162,1,0,Hyderabad,Premium,0,2566.4136956330162,6645387.048566233,34.38200420298734
3945.085798138421,3,0,Bangalore,Standard,2,11835.257394415263,20647359.87356825,90.89341433548991
3955.7660391131085,1,0,Madurai,Standard,0,3955.7660391131085,6777839.444162656,40.67092081901952
1043.357984612889,1,1,Bangalore,Standard,1,1669.3727753806222,2870076.9942333065,29.853220726400114
3298.521107135336,2,0,Madurai,Standard,2,6597.042214270672,12380445.1348321,61.85145404218089
1932.5638241420222,1,0,Madurai,Economy,2,1932.5638241420222,2894685.532828199,22.58928016384751
3013.450937201107,1,0,Madurai,Standard,0,3013.450937201107,6182576.883386542,29.808031871095423
2586.0451161344613,1,1,Bangalore,Luxury,2,4137.672185815138,14764219.527082972,50.87198221804236
3088.7774627876347,3,0,Hyderabad,Luxury,1,9266.332388362904,31202610.155034114,96.51931479617929
3360.214644003165,3,1,Hyderabad,Luxury,1,12096.772718411396,35089916.76588052,124.52292801603923
1616.1902479023197,2,0,Madurai,Standard,2,3232.3804958046394,5905435.819277929,38.27276717071522
3444.7486111394282,2,0,Chennai,Economy,2,6889.4972222788565,9204072.990382703,50.645952914723104
2281.103224505527,3,0,Madurai,Luxury,1,6843.309673516582,23361417.268076357,72.117679692731
3581.4402818073827,1,1,Bangalore,Economy,1,5730.304450891812,8183077.377044216,53.71227420068776
1584.4736636718442,2,0,Hyderabad,Premium,0,3168.9473273436884,8037802.154591502,41.482503441689694
2859.722775245995,1,1,Coimbatore,Economy,2,4575.556440393591,7311683.93138273,45.90709855222134
3494.274179948142,2,0,Hyderabad,Standard,2,6988.548359896284,12921253.805614905,61.36656097550413
2081.2951590721186,1,0,Bangalore,Standard,0,2081.2951590721186,3825569.787492697,28.21068026625863
3065.5088244476237,1,1,Coimbatore,Standard,1,4904.814119116198,8320848.833431985,46.05102577154153
2840.676556437483,2,0,Chennai,Standard,2,5681.353112874966,10238258.370558526,57.92836793831466
1571.874686390814,3,1,Chennai,Economy,2,5658.74887100693,7379197.495801418,56.22141214197978
2455.725404214074,1,0,Madurai,Economy,0,2455.725404214074,3402012.1716235327,25.272146849477032
1273.9151993638566,3,0,Madurai,Economy,2,3821.7455980915697,5697624.151434084,34.93643022563968
2424.969231355243,3,0,Bangalore,Economy,0,7274.90769406573,11074240.24515784,54.43006716412447
3813.1370780991824,1,0,Chennai,Premium,0,3813.1370780991824,9756414.136555303,42.86141395061896
2904.9480480823977,2,1,Chennai,Economy,1,7552.864925014233,9826785.691084305,62.02324973228266
1560.922947557028,2,1,Hyderabad,Luxury,1,4058.3996636482725,12830920.112130772,59.53879002176178
3084.451081836904,2,0,Bangalore,Luxury,0,6168.902163673808,18661521.556891054,73.74097673824596
2587.8302847368473,3,0,Bangalore,Standard,0,7763.490854210542,13628184.799110606,62.81260897846156
2550.10886164873,3,0,Hyderabad,Premium,0,7650.3265849461895,18739867.18119616,82.36915664997787
3026.5161805549665,2,0,Chennai,Economy,0,6053.032361109933,9729000.367767585,52.50588432659712
2997.8572664049566,3,0,Madurai,Economy,1,8993.57179921487,13979775.845673827,62.87465395006941
3125.565221534808,3,1,Bangalore,Economy,1,11252.034797525308,17912359.715800762,96.31541702510083
3937.5355168337505,3,0,Bangalore,Standard,0,11812.606550501252,20874360.92843554,107.20117748454695
3901.5869894754887,1,1,Coimbatore,Luxury,2,6242.539183160781,22434671.550212823,73.73333052105774
1879.417043230957,2,0,Madurai,Standard,1,3758.834086461914,6477130.976993035,37.638037859950906
1231.7866974730061,2,1,Hyderabad,Standard,1,3202.645413429816,5611020.6700576665,38.68122832835921
1341.6472022893408,1,1,Madurai,Standard,1,2146.635523662945,3865876.4628275633,32.79880817675019
3805.021414723419,2,0,Hyderabad,Premium,1,7610.042829446838,18872578.919781648,74.5927394333459
1836.21931058648,1,0,Chennai,Luxury,2,1836.21931058648,6907546.3061108645,31.02987088313888
1430.37777868461,1,0,Chennai,Economy,0,1430.37777868461,2373471.994245913,18.650154283742605
3567.121822457566,2,0,Chennai,Economy,2,7134.243644915132,11455131.10051713,60.77123741956236
945.2072088970318,2,1,Madurai,Economy,1,2457.5387431322824,3435322.5899593392,27.668755741348917
2672.946049223232,3,0,Madurai,Luxury,0,8018.838147669696,30569663.439345073,86.64889132354789
2552.141826861751,2,1,Madurai,Premium,1,6635.568749840552,15477428.583829714,67.82361178007282
987.3325502402495,1,0,Chennai,Standard,0,987.3325502402495,1738518.5477315816,20.632648351555076
1686.5943213368005,1,1,Madurai,Standard,0,2698.5509141388807,4517718.907943948,34.81598485190546
2142.1341724700555,2,1,Coimbatore,Economy,1,5569.548848422144,7662025.346644721,50.181358262550695
1520.3112012543634,3,0,Chennai,Premium,0,4560.93360376309,10971507.8159036,53.81605447103602
1444.9213983605337,3,0,Hyderabad,Standard,2,4334.764195081601,7470772.352121033,44.67230409236524
3243.023665843406,1,1,Chennai,Economy,1,5188.837865349449,6898981.25220827,41.80358942665203
2113.009764716447,1,0,Madurai,Luxury,0,2113.009764716447,7310018.528282204,36.859808956876485
814.7209692564857,1,1,Chennai,Premium,2,1303.5535508103771,3029066.257077604,27.602741955906644
3538.199577346731,2,1,Bangalore,Luxury,1,9199.3189011015,32468140.695291296,100.76908051936661
3697.754501132531,3,1,Coimbatore,Standard,2,13311.916204077112,24324351.527802464,113.95271559949082
1019.790995902044,1,1,Hyderabad,Premium,2,1631.6655934432702,4085427.0273714922,29.757857088028842
3247.6464915556603,3,1,Chennai,Economy,1,11691.527369600377,17819149.598926894,91.77104285632302
2769.9683500441233,3,0,Coimbatore,Premium,2,8309.905050132369,18324420.235403925,82.35661034265375
3472.759413836963,2,1,Coimbatore,Standard,0,9029.174475976104,17202473.776764132,70.08338166174848
2186.9079478831245,2,0,Bangalore,Premium,2,4373.815895766249,11972288.537742374,51.37692102792061
1581.52106751801,2,0,Hyderabad,Luxury,0,3163.04213503602,9495815.494836658,49.39060075503181
2264.11841432653,2,1,Madurai,Economy,0,5886.707877248978,9020713.797223784,53.706351577169734
3264.0364476873024,2,0,Chennai,Standard,2,6528.072895374605,12398789.171230156,52.72654116528879
3756.7661196758763,1,1,Coimbatore,Premium,2,6010.825791481402,15567504.612327827,71.705480976375
1877.8528106087322,3,1,Madurai,Luxury,0,6760.270118191435,25602774.773182508,83.14786944522109
2415.832840928271,3,0,Madurai,Economy,0,7247.498522784812,10886557.737666493,60.891728942356075
3299.512816397429,1,0,Madurai,Luxury,0,3299.512816397429,12733141.08608927,45.382031565600634
2338.775867635922,1,0,Bangalore,Standard,0,2338.775867635922,4349156.03748616,29.767090186965262
3330.936320890013,3,0,Bangalore,Premium,1,9992.808962670038,23989901.62831961,89.1969904402436
2079.468792456479,1,1,Madurai,Premium,2,3327.1500679303663,8841819.39111225,43.140818595904825
3072.903310369817,1,0,Madurai,Standard,2,3072.903310369817,6036108.4478696985,29.406646261669067
1011.9664066827312,2,0,Chennai,Premium,2,2023.9328133654624,4575519.5741026765,31.609318874096967
1519.9957664562276,2,1,Chennai,Luxury,1,3951.9889927861914,11869835.85961735,51.38247759711453
1133.4606001211241,2,1,Chennai,Standard,0,2946.997560314923,5802289.78122249,39.20168571443766
1266.7377884272146,3,0,Chennai,Luxury,1,3800.2133652816437,11497436.079989675,59.08419667910707
1224.1411364002424,1,0,Coimbatore,Standard,1,1224.1411364002424,2070274.669934238,20.994271643343932
961.9202716949694,3,0,Coimbatore,Economy,0,2885.7608150849082,4101042.3214388764,32.49599306005241
1984.1986011839217,3,1,Coimbatore,Standard,2,7143.1149642621185,13241245.184281973,60.92456462861466
3831.1289646751666,1,0,Coimbatore,Luxury,2,3831.1289646751666,14383826.753897645,49.81866367625543
3707.717343504162,1,1,Madurai,Economy,2,5932.347749606659,8791347.962278001,47.848365666714855
3628.3081591591886,1,0,Madurai,Premium,1,3628.3081591591886,9301301.278704656,42.26155265245641
1378.036963032104,3,1,Hyderabad,Luxury,1,4960.933066915575,15957093.782619724,75.70277333365165
2435.4886437005393,2,1,Bangalore,Luxury,0,6332.270473621402,23755002.010026865,73.21741720412437
1251.178874771128,2,0,Chennai,Luxury,0,2502.357749542256,10473212.758247288,38.20289783865768
1346.8683142788766,3,0,Coimbatore,Premium,0,4040.6049428366296,10159466.426755628,47.605656282235685
2626.9508857611936,3,1,Hyderabad,Premium,1,9457.023188740297,20203009.25480992,91.49284962291752
1099.1776372941786,3,0,Hyderabad,Premium,2,3297.5329118825357,8364405.21551079,48.64780598664474
3609.785448933868,3,0,Chennai,Premium,1,10829.356346801604,23313576.555360958,95.33168860124626
3772.447445297657,3,0,Bangalore,Luxury,0,11317.34233589297,40537013.02714199,111.31717029593915
3006.711329048746,1,0,Chennai,Premium,2,3006.711329048746,7726732.112261447,37.01915328800449
2068.0976583659876,2,0,Madurai,Luxury,1,4136.195316731975,17315456.012978762,54.2149703210588
3425.9912137060915,2,0,Bangalore,Premium,0,6851.982427412183,17859933.55817012,75.15418905810651
3316.2148630376387,3,0,Coimbatore,Luxury,0,9948.644589112915,33303732.129928805,106.07936339861679
2594.233015885651,2,0,Hyderabad,Standard,1,5188.466031771302,9401388.98166456,46.20841689307166
1269.1149234011395,1,0,Madurai,Economy,2,1269.1149234011395,2094656.1388960346,19.18258137516986
1557.9542702091487,3,0,Bangalore,Standard,1,4673.862810627446,8448652.393720368,44.60523033013409
3074.2635579816874,1,0,Madurai,Economy,1,3074.2635579816874,4751659.786214291,26.951021973438557
3515.4758054400177,3,0,Bangalore,Luxury,1,10546.427416320053,34162226.15573331,128.09744793539608
3080.0269481563764,1,0,Hyderabad,Luxury,2,3080.0269481563764,11944566.602996498,46.35653409620145
1676.9529862333932,1,0,Madurai,Standard,1,1676.9529862333932,2918282.818145355,23.821665324383726
2501.4687890593677,1,1,Bangalore,Premium,2,4002.3500624949884,10175295.196603881,50.874349348656835
1270.2015870272405,1,1,Bangalore,Luxury,1,2032.3225392435847,7612455.519430708,39.9518820504963
3039.4359467002496,1,0,Bangalore,Premium,0,3039.4359467002496,6730499.728192191,35.123688674497714
3489.828965482166,3,0,Hyderabad,Standard,0,10469.486896446499,20576469.257681493,91.3225568555124
3989.422840083716,3,0,Hyderabad,Luxury,1,11968.268520251147,36717600.29616263,114.08194821374022
2884.2878107824336,1,1,Madurai,Economy,0,4614.860497251893,7475634.552066825,43.01360807778927
2458.407396522272,1,0,Madurai,Standard,0,2458.407396522272,4587893.982950087,32.48333972816023
3132.3307835960504,2,0,Bangalore,Luxury,0,6264.661567192101,24486214.17052761,69.76352225505529
934.1643340095472,1,0,Madurai,Luxury,2,934.1643340095472,3430570.607158096,26.565605557785887
1606.9475381285952,3,0,Hyderabad,Standard,2,4820.842614385785,9071053.732848711,55.04995598115442
1573.421432481377,1,0,Bangalore,Luxury,1,1573.421432481377,5946446.416167663,28.40648137327397
1692.2771622742277,3,1,Coimbatore,Premium,0,6092.19778418722,15834846.447396882,75.75603516327101
3753.5396247492727,3,0,Madurai,Luxury,2,11260.618874247819,41996747.49904168,130.73145719709555
2325.665665940563,2,0,Coimbatore,Luxury,1,4651.331331881126,13761344.401562147,66.91238702373971
3018.198412119662,2,0,Hyderabad,Standard,0,6036.396824239324,11621514.156057013,61.21150489407167
3225.548923216261,1,0,Bangalore,Premium,0,3225.548923216261,7838457.461407005,40.18140057900295
2478.5280726526744,3,0,Bangalore,Economy,1,7435.584217958023,10570332.153323248,53.142864112000865
3897.8344987639757,1,1,Hyderabad,Economy,2,6236.53519802236,9055805.59450663,45.88585410916999
2846.8422697711867,2,1,Chennai,Premium,2,7401.789901405085,18400712.385813132,81.56031606681277
1387.5991340293967,3,0,Bangalore,Luxury,0,4162.79740208819,13610669.226982635,58.452825000285635
1539.6219540019292,1,0,Bangalore,Standard,0,1539.6219540019292,2890551.3476875885,24.495895015712513
3349.514762589967,3,1,Hyderabad,Premium,0,12058.253145323883,28384144.526419543,130.84860203988978
2250.028315904544,1,1,Bangalore,Standard,1,3600.04530544727,6719653.183508935,41.003431707654926
3553.457331507159,1,1,Madurai,Luxury,1,5685.531730411454,17544595.9719075,77.90155620194233
3669.1230657759306,1,0,Coimbatore,Luxury,1,3669.1230657759306,11615021.3774761,48.64852559656418
2725.2343546346765,3,0,Bangalore,Economy,1,8175.7030639040295,13417502.624397414,58.37811264481119
3247.6246629965453,1,0,Madurai,Premium,0,3247.6246629965453,6931841.1320558665,36.61768889918331
908.9580209714001,3,0,Madurai,Economy,2,2726.8740629142003,3903836.684227399,33.92012785312122
3438.6427850542227,1,0,Coimbatore,Premium,0,3438.6427850542227,8946283.292073164,45.83594370469693
2251.651940619867,1,0,Chennai,Premium,2,2251.651940619867,5301511.143362772,28.77985783897407
3468.7696824622167,1,0,Madurai,Luxury,0,3468.7696824622167,13925211.824881066,47.82503555011084
3307.6401707745717,1,0,Coimbatore,Economy,1,3307.6401707745717,4591271.785961064,30.038944559270217
3414.732555897056,3,0,Hyderabad,Premium,0,10244.197667691169,25926505.59333986,96.39092885367008
3334.669749036648,1,0,Hyderabad,Premium,0,3334.669749036648,9086519.08998124,43.85882916647741
2454.0023782237636,2,0,Hyderabad,Premium,0,4908.004756447527,11284994.66576139,58.42540042986377
1545.2945830896515,2,1,Coimbatore,Luxury,2,4017.765916033094,14453953.328410894,62.983357351402574
1388.4672720800445,2,0,Madurai,Economy,2,2776.934544160089,3980990.568540542,29.22266855209012
3148.18788461517,1,0,Chennai,Standard,2,3148.18788461517,6009628.599311932,35.77108088008988
3653.5534753849397,2,0,Bangalore,Premium,0,7307.106950769879,19000959.679719143,81.6203844246472
3884.130286285056,1,0,Madurai,Premium,2,3884.130286285056,8909465.736526387,50.04532799309559
2363.401763729214,3,1,Hyderabad,Premium,1,8508.24634942517,19125194.904091727,89.4505464973606
1191.7439980683398,3,0,Hyderabad,Economy,0,3575.2319942050194,4796088.905063278,36.11769054475614
1428.9175596919972,3,0,Coimbatore,Luxury,1,4286.752679075991,16720262.438735835,63.72219935676787
3852.0663682432128,1,1,Chennai,Economy,1,6163.30618918914,8714022.593046224,49.25465448779787
1516.2956434028747,3,1,Coimbatore,Economy,1,5458.664316250349,8710645.814670725,55.34180568851537
1387.427528490071,3,0,Madurai,Luxury,0,4162.282585470213,14708846.762877066,57.90240786234245
2345.428587435017,3,0,Bangalore,Standard,0,7036.285762305051,12746015.43524137,70.13295247258891
2038.577320326677,1,0,Hyderabad,Premium,1,2038.577320326677,4884130.327313624,29.18735603583019
2953.2601727657243,2,1,Bangalore,Premium,0,7678.476449190883,17400457.450310394,86.7388331389964
1959.7733458505995,2,1,Coimbatore,Economy,0,5095.4106992115585,7816876.2583482405,50.31836815695269
3147.8697903924226,1,0,Hyderabad,Premium,2,3147.8697903924226,7130937.507289852,38.78083228621594
3868.949349549587,1,0,Bangalore,Premium,2,3868.949349549587,10925082.024923868,39.9795956023068
2163.341131085638,2,0,Bangalore,Economy,0,4326.682262171276,5681447.230947858,36.838842736115694
2049.002280164753,3,0,Coimbatore,Economy,2,6147.0068404942585,9552884.719417006,50.00318036133312
2992.5714501767034,3,1,Madurai,Premium,2,10773.257220636133,26275962.664243586,115.60410552286292
3278.3390670539757,3,1,Madurai,Premium,2,11802.020641394312,31368900.397248022,121.58050436589485
1557.4594876022288,3,0,Hyderabad,Premium,2,4672.378462806686,10968291.337916357,58.41183280138109
3909.7558460262576,3,1,Coimbatore,Premium,2,14075.121045694528,34813344.31051875,135.7396192485154
2689.0129167967425,2,0,Chennai,Premium,2,5378.025833593485,11866923.18646213,59.08858331777268
2953.9876419128113,3,1,Chennai,Premium,2,10634.35551088612,24118529.801080342,109.68868986397096
1369.8094026391427,2,1,Chennai,Luxury,0,3561.504446861771,10695742.91383503,52.586779873331636
3525.9653584452794,3,0,Coimbatore,Premium,2,10577.896075335839,25753696.816024072,106.54904649211937
2781.1022150195263,1,0,Coimbatore,Luxury,2,2781.1022150195263,10324255.242224451,44.5057981930006
1895.3018977023821,1,1,Bangalore,Premium,0,3032.4830363238116,7667619.200913189,46.464398184563635
3680.336293889261,1,0,Bangalore,Luxury,0,3680.336293889261,14798312.700963674,50.75540933531655
811.0861091121002,1,0,Coimbatore,Premium,1,811.0861091121002,2002201.9214412766,20.89436468394679
3184.7292186594327,1,0,Hyderabad,Premium,1,3184.7292186594327,7059849.758102143,34.70195647644341
1855.4228437725162,2,0,Hyderabad,Standard,0,3710.8456875450324,6169085.961095689,42.923811426569046
2280.1432733611728,2,0,Bangalore,Standard,2,4560.2865467223455,9143705.241561186,42.539812373169525
1012.4179432939233,1,0,Bangalore,Economy,1,1012.4179432939233,1474094.949148919,16.377853215393326
1680.6050317681334,1,0,Hyderabad,Standard,0,1680.6050317681334,3236165.0558427945,23.622531847878125
1299.3166374563457,1,1,Chennai,Premium,1,2078.9066199301533,5525839.647955729,32.90113085747914
2227.06722026042,1,0,Madurai,Standard,0,2227.06722026042,4150090.6490423866,25.770577868555197
2190.0636604075357,3,0,Chennai,Economy,0,6570.190981222608,9427954.959683277,52.36195090790037
3484.527468432955,2,0,Chennai,Standard,0,6969.05493686591,12900244.650877997,59.07334575353919
3962.3927436669096,3,0,Madurai,Economy,2,11887.17823100073,16362219.254885988,77.43719794717614
2203.09465780742,1,0,Coimbatore,Luxury,0,2203.09465780742,7235981.411940652,39.57286220572967
1294.4057967849708,3,1,Chennai,Standard,2,4659.860868425895,8340674.200704358,53.25873626911287
1543.338371651337,1,0,Bangalore,Premium,2,1543.338371651337,3845812.870102963,25.131660557795055
1047.4201371449844,3,0,Coimbatore,Standard,2,3142.2604114349533,5860149.826606172,35.32472495073697
3363.9723723477514,1,0,Chennai,Standard,1,3363.9723723477514,6600056.537518096,33.785038716878155
2198.3384836665446,1,0,Coimbatore,Economy,0,2198.3384836665446,2879048.774831121,26.073115444504293
881.6138756208012,3,0,Chennai,Luxury,2,2644.8416268624037,9724139.978681033,44.014853482452196
1940.7397077137634,2,1,Bangalore,Premium,1,5045.923240055785,11632556.183508053,59.86925048985477
2204.3360901376186,1,0,Madurai,Premium,0,2204.3360901376186,5268143.721385595,29.242475100401535
1744.900597163566,3,0,Hyderabad,Luxury,0,5234.701791490698,16050146.492869552,74.00216360822132
2112.2679969779438,3,1,Bangalore,Standard,2,7604.164789120598,13272181.413466826,64.08968509570344
3108.2509538870445,2,0,Coimbatore,Economy,2,6216.501907774089,9607428.972094653,45.17509789915015
1296.1099564729655,2,0,Madurai,Economy,2,2592.219912945931,4323177.185583838,29.497055766621337
3660.725357779079,1,0,Bangalore,Premium,1,3660.725357779079,8431884.475053519,45.81878586537538
2889.144049919324,1,1,Chennai,Luxury,0,4622.630479870919,16927208.573963154,67.20361105724638
2591.4679196788406,2,0,Hyderabad,Luxury,1,5182.935839357681,18690652.631567206,65.62945162497893
1693.4294117010547,2,0,Hyderabad,Standard,0,3386.8588234021095,6137050.941912447,35.33026658582723
1625.6616407192528,3,0,Coimbatore,Economy,2,4876.984922157759,7267726.231589171,39.821512138318454
3301.369348164613,3,0,Hyderabad,Luxury,2,9904.108044493838,30365974.333257526,119.09134418540292
1184.0704438511548,2,0,Hyderabad,Premium,2,2368.1408877023096,5580880.571968074,35.90669990225551
3280.676215149348,3,0,Chennai,Standard,1,9842.028645448045,17470884.043053146,76.75320602663125
2079.9827097903994,1,0,Hyderabad,Luxury,1,2079.9827097903994,6526754.985564166,32.305538200273084
1332.0301705644688,1,0,Chennai,Economy,2,1332.0301705644688,1868043.9102578906,21.306532704999704
1878.0677930072732,1,1,Madurai,Economy,1,3004.9084688116372,3944944.8723607976,29.0609818933401
3664.441683076852,1,1,Hyderabad,Economy,2,5863.106692922963,8737086.259612827,53.650620638616004
3870.9201964238305,3,1,Hyderabad,Luxury,2,13935.31270712579,53950695.37970979,143.56227672458385
2846.6363946626593,3,1,Chennai,Premium,0,10247.891020785573,26184635.44782398,110.80845508840123
3549.480475658136,2,1,Bangalore,Premium,0,9228.649236711153,22740342.429588985,93.26740833782559
974.9538303281746,3,1,Hyderabad,Standard,2,3509.8337891814285,6298501.471946117,44.09920949716102
1035.7154304545902,3,0,Bangalore,Economy,0,3107.1462913637706,4471027.447755952,34.47398679701813
2740.414331436908,3,0,Bangalore,Standard,0,8221.242994310724,14988922.369155597,69.14285996778837
1807.6820251677784,3,0,Chennai,Luxury,1,5423.0460755033355,16814443.20813242,64.40715707335309
2079.2881525564376,2,0,Bangalore,Premium,0,4158.576305112875,9294940.430380099,54.5111684439366
1074.5694791232772,2,0,Madurai,Standard,2,2149.1389582465545,4021503.5743872523,28.402539946008694
1714.3027431494556,2,0,Chennai,Economy,2,3428.6054862989113,5331779.959983669,33.04960215980374
3683.892685634529,3,0,Madurai,Luxury,2,11051.678056903587,41597429.88776088,121.33869398082282
1856.2265614372943,3,1,Coimbatore,Economy,0,6682.415621174259,10512868.724496527,59.231558975750964
2089.1999528410265,3,1,Bangalore,Luxury,2,7521.119830227695,21830371.096091777,102.03592720465392
2649.866401167224,3,0,Hyderabad,Premium,0,7949.599203501672,17945407.158358183,83.46371938525887
998.8861668242158,2,0,Bangalore,Economy,0,1997.7723336484316,2980991.706288041,24.64581505175294
2605.160049488767,2,0,Madurai,Luxury,0,5210.320098977534,18452562.992002,67.59572899638343
3367.3289855403546,3,0,Madurai,Economy,1,10101.986956621064,15754832.488414804,78.47064999519115
1671.1422144610046,2,0,Coimbatore,Economy,1,3342.2844289220093,5174984.755284756,36.05144029198366
1644.3516337822825,2,0,Bangalore,Premium,1,3288.703267564565,8808238.505365824,44.92757624750464
2624.5750463591307,2,0,Chennai,Luxury,2,5249.1500927182615,18408987.24642355,67.99841187891501
1571.1538865481425,1,1,Coimbatore,Premium,2,2513.846218477028,6426468.339003687,35.0324366382392
2222.862125841157,1,0,Madurai,Economy,0,2222.862125841157,3378996.7366220886,25.76747399052759
2258.302016208918,2,1,Hyderabad,Standard,2,5871.585242143186,10921198.684020618,53.147314665042074
3930.989516764926,1,0,Bangalore,Luxury,1,3930.989516764926,13266370.713906724,54.105913859239244
3338.55448273436,1,0,Hyderabad,Standard,0,3338.55448273436,5803547.500733136,36.77830671846795
1659.2836341954492,2,0,Bangalore,Economy,0,3318.5672683908983,5077880.12395884,35.99547159126339
3115.8284718997197,1,0,Hyderabad,Standard,1,3115.8284718997197,5894645.152667603,33.185407089975335
1638.3613766178262,3,1,Hyderabad,Luxury,1,5898.100955824175,18210455.862554055,68.61865900596904
3109.616010323172,2,0,Madurai,Premium,2,6219.232020646344,13103900.522376137,64.40630047664196
1268.9169625250347,3,1,Hyderabad,Luxury,2,4568.101065090125,15789958.387083808,70.28783882836967
1234.456657797576,3,0,Chennai,Economy,1,3703.3699733927283,5681436.915905706,34.74534575692928
3260.358257148916,3,0,Chennai,Premium,2,9781.074771446747,25398794.364190023,105.91833242682206
3375.5485294902905,2,1,Chennai,Premium,0,8776.426176674755,19183098.52878067,87.53158001069757
1041.711746395742,1,0,Hyderabad,Standard,0,1041.711746395742,2121315.6630530227,21.319993325124948
1233.1760656096076,1,0,Hyderabad,Luxury,0,1233.1760656096076,3723671.2323606936,28.93847549130993
2206.3739727300454,1,1,Bangalore,Premium,1,3530.1983563680724,9493413.91154782,44.446134519966854
3152.5155915096175,1,0,Coimbatore,Premium,2,3152.5155915096175,8201592.702118479,40.14150705809679
1894.1766963149512,2,0,Bangalore,Luxury,0,3788.3533926299024,11834368.281720487,53.159711461406296
2229.6019286104624,2,1,Madurai,Economy,1,5796.965014387202,7165196.38951813,53.17111768673392
2529.7699785018426,3,1,Hyderabad,Premium,2,9107.171922606633,25882159.497753676,82.80154291611233
3666.37685823602,2,0,Coimbatore,Standard,1,7332.75371647204,14663197.177469032,59.446651585886855
2847.2127482312476,2,0,Hyderabad,Economy,2,5694.425496462495,7697924.884191647,46.05720667389256
1597.1092860177653,3,1,Coimbatore,Standard,1,5749.593429663955,10346075.777557634,63.25306662543925
2733.7440339565405,3,0,Coimbatore,Standard,0,8201.232101869622,14445608.179718014,80.50940526884729
3487.3089139756494,3,0,Madurai,Standard,0,10461.926741926949,21213951.361652054,81.70253093228995
927.1332907670107,1,1,Hyderabad,Premium,2,1483.4132652272172,3636744.747486307,30.586576440091406
1624.044805761932,3,0,Hyderabad,Luxury,1,4872.134417285795,17390465.458318785,66.54890617274437
3126.5681905688425,1,0,Bangalore,Standard,0,3126.5681905688425,6590900.115191661,32.96545056298009
2992.5744774607842,3,1,Hyderabad,Luxury,2,10773.268118858823,35290399.73394466,133.27464889656287
3786.4752014647584,2,0,Bangalore,Standard,2,7572.950402929517,13902570.828358565,71.92914351261541
1448.3702422277656,3,0,Madurai,Premium,1,4345.110726683297,9521657.220800258,50.04377352497878
2072.7422633717993,2,0,Madurai,Luxury,1,4145.4845267435985,13037237.803984175,61.66301631091414
1722.1597208896214,3,0,Bangalore,Economy,2,5166.479162668864,7499252.9122325815,52.12271242827236
3219.948614995255,2,1,Hyderabad,Luxury,2,8371.866398987662,33785516.17855963,89.7784575316216
3146.8286699680184,3,0,Chennai,Luxury,0,9440.486009904056,27553478.867462732,100.85099050425771
1987.7615899777998,1,1,Madurai,Standard,0,3180.41854396448,5300251.464905315,36.48502361296341
1478.8125669813264,3,0,Coimbatore,Economy,2,4436.4377009439795,6686575.533248108,38.73938680751072
907.4982050544239,3,1,Madurai,Premium,1,3266.993538195926,8359242.660396752,52.91890282247992
1294.1123450952484,3,0,Coimbatore,Premium,1,3882.3370352857455,9751954.116951214,48.316539286850954
3765.5928683045386,2,0,Chennai,Standard,2,7531.185736609077,13401966.013483439,65.27635181936078
3476.2982265146798,1,0,Madurai,Economy,2,3476.2982265146798,5395371.894632115,31.222755666752334
3173.6861161392176,3,0,Hyderabad,Economy,1,9521.058348417653,12480495.889057314,75.5491715213614
3631.736840334056,2,0,Chennai,Luxury,0,7263.473680668112,28248994.685382374,83.64362550680129
2879.5710797088004,2,0,Madurai,Standard,0,5759.142159417601,10308083.45129801,56.98739116430333
2217.5926296142566,2,1,Chennai,Economy,2,5765.740836997067,9320432.579282308,50.78287488032361
3884.6790715911384,1,1,Bangalore,Premium,1,6215.486514545821,14205207.226294275,74.32076171523427
1985.324649694104,1,0,Bangalore,Luxury,1,1985.324649694104,7304402.487437205,30.15458371068913
3787.4817677318824,1,0,Chennai,Standard,0,3787.4817677318824,7325181.697382768,41.07030462397849
1246.5747346034061,2,0,Chennai,Luxury,2,2493.1494692068122,9550895.884031024,42.11112553066175
3348.090810553051,3,0,Chennai,Economy,0,10044.272431659154,16429030.889189273,67.38802294522732
3582.0402751617994,1,0,Coimbatore,Premium,1,3582.0402751617994,10160670.308084564,43.43756425608127
2055.0557146353076,2,0,Coimbatore,Premium,2,4110.111429270615,9442636.71706513,43.36860311553207
2397.387278256283,2,1,Coimbatore,Premium,2,6233.206923466336,17052654.016626995,65.44976941067681
1570.557791802043,1,1,Coimbatore,Premium,1,2512.8924668832688,5947811.884221711,39.82772908892966
2854.0402468751336,3,1,Bangalore,Premium,1,10274.544888750479,26156503.664745808,97.21306792855027
1441.8513574240044,1,0,Chennai,Luxury,0,1441.8513574240044,4694783.466889263,28.191744460022374
3084.9561580239465,1,1,Coimbatore,Economy,2,4935.929852838314,7338887.821432775,42.02603937075407
823.0174592251519,3,1,Hyderabad,Premium,2,2962.8628532105467,7763239.434110714,45.24154903187615
2966.033653621047,2,1,Chennai,Premium,1,7711.687499414722,18518319.135903414,71.59011484347943
1858.0695735485076,2,1,Hyderabad,Economy,2,4830.98089122612,6417261.313209379,47.9578497441253
2305.0867668031424,2,0,Madurai,Premium,2,4610.173533606285,12662400.314879214,57.40983402104624
2425.3864549506006,3,1,Chennai,Standard,2,8731.391237822163,17027516.39310692,79.9669612929938
1629.184333668553,1,0,Coimbatore,Luxury,2,1629.184333668553,5761648.457324039,29.620724454710945
3630.6278605240554,1,0,Hyderabad,Economy,1,3630.6278605240554,5423017.878749673,33.067608239368894
3440.4027114656897,1,0,Bangalore,Economy,0,3440.4027114656897,4479107.59931644,31.92665476509929
3027.8988720800967,3,0,Chennai,Luxury,0,9083.69661624029,29920502.69796068,91.47842665607006
1961.7762748312562,3,0,Bangalore,Premium,0,5885.3288244937685,14266084.88198255,67.10022656044293
804.6311056671979,1,0,Coimbatore,Luxury,1,804.6311056671979,3301052.2401938443,23.243686875224746
2570.3579876467925,2,1,Chennai,Premium,1,6682.93076788166,15034778.704259483,74.93380208623512
1131.7769291872935,1,1,Hyderabad,Standard,2,1810.8430866996696,3410915.1955988267,26.727390450291118
1070.4920820592206,1,1,Madurai,Standard,2,1712.787331294753,2903381.977781701,26.23066019573388
3940.126911744166,1,0,Madurai,Standard,2,3940.126911744166,6816458.789807987,35.941013806362676
940.005440021617,3,0,Chennai,Economy,1,2820.0163200648512,3987166.2683683955,32.757537719906416
1727.9852901545655,3,0,Hyderabad,Premium,1,5183.955870463697,12265770.33031066,52.829853848331545
3354.349804396204,1,0,Bangalore,Luxury,1,3354.349804396204,12100230.798275443,47.82043986163626
1993.0029508543726,2,0,Bangalore,Premium,0,3986.005901708745,9810396.64669327,43.55556858915934
3392.605104869156,1,1,Coimbatore,Luxury,1,5428.16816779065,18610350.183946412,74.27445152031463
2508.461512324418,3,0,Chennai,Luxury,2,7525.3845369732535,24549333.77973569,93.67709347362225
1652.8314791807948,2,0,Bangalore,Luxury,1,3305.6629583615895,12290191.205400066,43.02595564494835
1182.0272123477548,1,1,Chennai,Premium,2,1891.2435397564077,4746059.80489834,28.877794782289
3765.9910490069065,3,0,Madurai,Luxury,0,11297.973147020719,35881179.89435789,127.07286224872334
2115.0522702886524,2,0,Hyderabad,Economy,0,4230.104540577305,6743471.71343974,41.57434250527093
2382.607584670871,3,0,Coimbatore,Luxury,1,7147.822754012613,21338729.41715165,92.23704199805834
2592.47782383684,2,1,Coimbatore,Premium,0,6740.442341975784,16731324.822152585,72.85130949935899
2638.413848004473,3,0,Bangalore,Luxury,0,7915.241544013419,31115334.21017392,89.25595317129572
3512.376912732393,2,0,Hyderabad,Luxury,0,7024.753825464786,26482480.10625558,72.13042154969204
1847.9584283940187,1,0,Hyderabad,Standard,2,1847.9584283940187,3024450.748473417,25.561195768836065
3891.5722319768156,3,1,Coimbatore,Economy,0,14009.660035116536,18557310.280974574,113.92643913760939
2449.8046231087847,1,0,Coimbatore,Economy,0,2449.8046231087847,3783810.031759173,26.317862841148933
3609.021352224229,2,0,Bangalore,Luxury,0,7218.042704448458,26222513.940574303,78.54969852979528
2139.628339353533,1,0,Coimbatore,Luxury,0,2139.628339353533,7049037.754453873,36.68958147145781
2818.03932466958,3,1,Madurai,Premium,1,10144.941568810487,24158474.850277252,100.90620963822475
1620.6019391950658,1,0,Coimbatore,Economy,1,1620.6019391950658,2386278.0795549625,19.047641902313835
2559.0663051811034,2,1,Chennai,Premium,0,6653.5723934708685,16407446.321140623,65.02892268312922
3804.451198288983,2,0,Madurai,Economy,1,7608.902396577966,10585050.759959389,56.48615637988491
2043.5617948577305,3,0,Bangalore,Standard,1,6130.685384573191,11364739.634790832,54.066298152546054
3386.1385949201253,1,0,Hyderabad,Luxury,2,3386.1385949201253,14180804.029498436,48.398497403684175
3214.7403700363316,1,0,Chennai,Premium,1,3214.7403700363316,7451505.6944575915,35.088517154169914
3406.67242741699,3,0,Hyderabad,Luxury,1,10220.01728225097,38131924.70360959,119.39726512170922
1217.948952136839,2,1,Coimbatore,Standard,2,3166.667275555781,6367289.775661972,43.22160637853914
2372.1521595830586,3,0,Bangalore,Economy,1,7116.456478749176,11222054.128046984,64.48679059246922
2068.365448786331,2,0,Hyderabad,Premium,2,4136.730897572662,9652356.736608561,52.965025703100814
3791.4642376701086,1,0,Hyderabad,Luxury,1,3791.4642376701086,14703897.075018456,47.04732205843097
1114.448658602625,3,1,Coimbatore,Standard,0,4012.01517096945,7675470.074719023,43.968324627692496
3798.323487073536,1,1,Hyderabad,Standard,1,6077.317579317658,11189945.816664154,52.599940994445035
1503.0004013743414,2,0,Madurai,Economy,1,3006.000802748683,4616757.102106153,27.702373254386995
2200.766075576435,1,0,Madurai,Standard,2,2200.766075576435,4124510.9086852293,25.783317901929795
1036.3085365608408,1,0,Madurai,Standard,2,1036.3085365608408,1923672.6205743419,21.540037977864294
880.814597411699,1,1,Hyderabad,Premium,0,1409.3033558587183,3436394.9133906746,31.439123077649846
3967.0070918127044,3,0,Coimbatore,Standard,1,11901.021275438114,21480181.093982916,97.51457641903063
3998.911747610473,1,0,Hyderabad,Economy,0,3998.911747610473,6173383.844742866,39.806451955789406
1527.1938917886544,2,1,Bangalore,Luxury,0,3970.704118650501,15654946.309904581,57.85049901467487
2312.249391640113,1,0,Madurai,Economy,0,2312.249391640113,3004748.3825839986,24.279035280612646
2959.582738891711,1,1,Bangalore,Premium,2,4735.3323822267375,11305749.55364141,49.63996978598915
2870.512078614679,1,0,Bangalore,Standard,0,2870.512078614679,5620408.312354147,33.80032482776284
1735.4938410268794,2,1,Madurai,Standard,1,4512.283986669887,8430098.424499232,46.213658689401456
1661.9679036388475,1,1,Hyderabad,Economy,2,2659.148645822156,3848305.2326154457,31.920672845143987
925.9582135748119,2,1,Hyderabad,Luxury,1,2407.491355294511,7903342.993265562,46.793198641482526
3151.3818592252574,1,0,Coimbatore,Economy,1,3151.3818592252574,5100435.682694597,29.1409591067183
3001.5744596341765,3,0,Coimbatore,Luxury,0,9004.72337890253,32390328.037441898,103.74606487365392
2488.359460346823,1,0,Coimbatore,Standard,2,2488.359460346823,4289389.849682077,26.948476318021832
1249.1607404355218,1,1,Hyderabad,Standard,0,1998.657184696835,3677894.343519649,28.820905977791504
3883.067718521432,3,0,Bangalore,Premium,0,11649.203155564297,28771896.97124538,105.80163781095503
2309.697692520413,1,0,Chennai,Standard,1,2309.697692520413,4343039.814994385,27.453075106275374
919.5701124435554,1,1,Coimbatore,Economy,2,1471.3121799096887,2278317.8884890354,23.890575796727415
3221.91626225373,3,0,Chennai,Economy,2,9665.74878676119,13207630.556555595,80.91213125444406
2265.285713530041,1,1,Bangalore,Luxury,2,3624.4571416480658,14337498.17481874,48.189727860136536
1206.2161010846175,1,1,Bangalore,Premium,0,1929.945761735388,4429289.621366593,32.63842349801057
2609.2751524702862,1,1,Bangalore,Luxury,2,4174.840243952458,15643658.272076055,57.59549194607695
2856.2342152407764,3,1,Hyderabad,Economy,2,10282.443174866796,15767524.148775345,89.33633461427594
2151.2296351586465,3,0,Hyderabad,Luxury,0,6453.6889054759395,21681002.15377581,73.13925103176322
1533.2933984813722,1,0,Coimbatore,Economy,1,1533.2933984813722,2386475.9389004908,18.344396329867177
1121.491876827202,3,1,Coimbatore,Standard,2,4037.3707565779278,7576679.758959471,45.743528343390786
3368.1352229034933,3,1,Coimbatore,Luxury,1,12125.286802452576,46078516.198672876,135.61075037405797
3326.4069635692563,3,1,Chennai,Standard,0,11975.065068849322,24259859.707422618,106.10532016376084
1395.3601049878382,2,0,Madurai,Premium,1,2790.7202099756764,6555933.402116888,37.691421860088894
2885.3311862001824,3,0,Bangalore,Luxury,1,8655.993558600547,33062955.568514615,100.23820784750959
1111.9222012837793,1,0,Coimbatore,Standard,1,1111.9222012837793,2219622.368608751,21.34434256826292
3002.584735030537,2,0,Bangalore,Luxury,1,6005.169470061074,20230022.243140914,63.81303097737784
1800.0947869707609,3,0,Bangalore,Standard,0,5400.284360912283,9929810.979635593,49.52993102975083
2132.8820762865907,2,1,Madurai,Luxury,2,5545.493398345136,22910018.008541852,63.20240028328307
3788.84765306111,1,0,Madurai,Premium,2,3788.84765306111,9400030.478874747,38.8367852300493
2324.744429359087,1,1,Madurai,Premium,2,3719.5910869745394,9774934.620634189,51.44769071074115
802.3961894875878,2,0,Hyderabad,Standard,0,1604.7923789751756,3073662.964215939,25.724000284585987
2390.5786989492467,3,1,Hyderabad,Premium,2,8606.08331621729,18907084.43685791,97.40391461409446
3668.7503797797494,3,1,Madurai,Economy,1,13207.501367207098,19087756.179749776,101.84527799851836
1154.9939116873954,2,0,Hyderabad,Economy,0,2309.987823374791,3317435.3360394384,27.834268663155807
1971.2459291829753,2,0,Hyderabad,Standard,0,3942.4918583659505,7021372.013321138,42.01091584800511
1432.773762563685,1,0,Coimbatore,Standard,1,1432.773762563685,2610775.635909564,23.068399965581214
3486.2947090693356,3,0,Chennai,Luxury,0,10458.884127208006,40233565.70638221,102.36113143046249
2493.9711599928355,1,0,Hyderabad,Premium,2,2493.9711599928355,5653410.162070178,30.119100297507735
1708.346397261361,1,1,Hyderabad,Luxury,0,2733.354235618178,10334270.017054351,42.55397535659089
2744.085958961083,2,0,Chennai,Economy,1,5488.171917922166,7998598.212678448,50.098344398794346
2480.508668089335,3,0,Bangalore,Premium,1,7441.526004268006,16039294.461687092,84.7539850605269
1189.5506207016017,3,0,Hyderabad,Standard,1,3568.6518621048053,6167271.933774716,41.60622933360624
2985.7367906706754,3,0,Madurai,Luxury,2,8957.210372012027,32037777.574142117,105.57165259734306
2895.6055642604324,3,0,Bangalore,Luxury,0,8686.816692781296,32214275.38267514,107.50410103374413
2095.442587186263,3,0,Madurai,Standard,0,6286.3277615587895,11554711.488195848,58.27337359078018
2949.259870984662,3,0,Hyderabad,Standard,0,8847.779612953986,15542403.079766436,73.66832785896202
2407.9355924601773,1,0,Chennai,Economy,1,2407.9355924601773,3706955.858009288,26.848498028076314
1473.8684610644623,1,0,Bangalore,Luxury,1,1473.8684610644623,4573734.591632885,32.61629186051966
1122.6086850092433,3,0,Coimbatore,Standard,1,3367.82605502773,5611301.454130517,38.296097197155504
2552.5932572073875,2,0,Madurai,Economy,2,5105.186514414775,6849867.170861517,39.520454972440675
890.1935851499001,2,1,Coimbatore,Economy,0,2314.50332138974,2884757.9456380815,33.19819930606229
3703.2887997670928,1,1,Hyderabad,Premium,1,5925.262079627348,15263731.26439777,68.20981725334372
1624.9889550950172,3,0,Bangalore,Premium,0,4874.966865285051,11413944.851723127,51.704155743256486
1204.0828408804014,2,1,Madurai,Standard,1,3130.6153862890433,5687827.808296482,35.91047400975098
1268.998409005967,3,0,Chennai,Economy,1,3806.995227017901,5541895.703346173,38.26898635580413
2220.853217352578,2,0,Coimbatore,Luxury,2,4441.706434705156,14414184.96633302,58.29294127665663
1781.3273450079832,1,0,Madurai,Premium,2,1781.3273450079832,4972664.670990786,25.833600950731668
3529.321344847312,2,1,Hyderabad,Standard,2,9176.23549660301,16583781.630212752,83.46858244872875
3600.837144505593,2,0,Coimbatore,Premium,2,7201.674289011186,17266430.767395984,75.25351580389601
2232.263977452942,2,1,Madurai,Luxury,0,5803.886341377649,20255033.53738527,79.55083487484767
3466.736365107848,1,0,Hyderabad,Standard,2,3466.736365107848,6523442.913517396,32.02546967873306
3050.348339559432,1,1,Madurai,Standard,1,4880.557343295091,8537796.019409569,47.82078266716046
2897.302794286677,1,1,Bangalore,Premium,1,4635.684470858683,12179310.526060786,60.24401621427639
2411.5888994839415,2,0,Hyderabad,Premium,2,4823.177798967883,12053089.22088418,57.79002444091596
3122.8910856476573,1,1,Madurai,Premium,1,4996.625737036252,10636039.388812333,62.81120301949909
1545.3600267747731,3,0,Bangalore,Premium,2,4636.080080324319,11939536.108763967,49.47398504206059
3578.5746385104026,2,0,Coimbatore,Economy,2,7157.149277020805,9388574.68531551,63.77661339945461
2626.4800574921715,1,0,Madurai,Premium,0,2626.4800574921715,6153790.6512469435,34.74872071810688
2819.8724379161004,1,1,Hyderabad,Luxury,2,4511.79590066576,15197846.033465495,54.94472123292093
2775.109949335878,2,1,Madurai,Luxury,2,7215.285868273282,21816229.126049444,89.08645874770762
2590.127232379318,1,1,Coimbatore,Luxury,0,4144.203571806908,13808770.21019116,57.58888586115521
3794.9880679850476,2,0,Hyderabad,Premium,1,7589.976135970095,20468688.09679628,73.73737537736477
1409.4938351931205,1,0,Hyderabad,Premium,2,1409.4938351931205,3068072.5696803103,27.37292673365663
2113.5039308376827,2,0,Bangalore,Standard,0,4227.007861675365,7817646.872680157,45.50661319676333
3431.6468210402727,3,0,Hyderabad,Standard,1,10294.940463120818,19206084.50949581,84.0609492213325
3084.8838866780975,1,0,Chennai,Economy,0,3084.8838866780975,4583518.524161275,29.252298400152597
3431.9756048193785,3,1,Hyderabad,Premium,0,12355.112177349763,30678257.43316975,115.0363443985324
3147.28445100257,3,0,Madurai,Luxury,1,9441.853353007711,35919345.84524508,105.87904306409602
3027.4452024564434,2,0,Coimbatore,Standard,0,6054.890404912887,11896455.373146277,58.269614671876795
3618.954557082363,1,0,Bangalore,Standard,0,3618.954557082363,6792848.640697564,37.11958822514422
3756.276572918478,1,0,Hyderabad,Economy,0,3756.276572918478,4977327.923977491,34.5177357239025
1504.9157367895443,2,1,Chennai,Economy,2,3912.780915652815,5758960.203006936,43.90340901423615
1252.3431780227327,1,0,Bangalore,Standard,0,1252.3431780227327,2354240.834384339,19.953138988171368
3501.815172500235,1,0,Coimbatore,Luxury,1,3501.815172500235,11885734.232274422,52.523671587082056
1754.443817842875,1,1,Chennai,Luxury,1,2807.1101085486,11128146.33328851,40.96611208204436
2360.67136274307,2,1,Hyderabad,Economy,0,6137.745543131981,9275265.092478748,52.05284686862311
3472.440198716194,1,0,Hyderabad,Standard,2,3472.440198716194,6676814.436459044,35.90210954484877
3927.770781063904,1,1,Bangalore,Standard,1,6284.433249702246,11912160.025839819,58.752985722129644
2749.3158817265285,3,1,Coimbatore,Luxury,0,9897.537174215502,35376997.458945446,108.07731043439088
1198.6161528147697,3,0,Chennai,Premium,1,3595.8484584443095,8403154.520849247,41.74240215716234
3649.9337050092263,2,1,Madurai,Luxury,2,9489.827633023988,38225373.497454055,101.51232885859291
2164.3061163711814,3,0,Madurai,Premium,0,6492.9183491135445,16811867.36767101,64.98633935878047
2830.38525108978,2,1,Coimbatore,Economy,2,7359.001652833428,10926401.152123755,68.3481050645469
2551.67087242846,2,0,Chennai,Premium,1,5103.34174485692,12492417.673388338,61.25004976795985
1839.8671757587924,1,1,Bangalore,Luxury,1,2943.787481214068,9477282.703934448,43.39109393849385
3795.76728930071,1,0,Hyderabad,Premium,1,3795.76728930071,10555805.703064568,47.95764908351269
2091.728516800066,1,1,Madurai,Luxury,2,3346.765626880105,12365465.216276849,49.18517920414576
3190.0746727738674,1,0,Madurai,Premium,0,3190.0746727738674,7295067.484245009,39.35573158911602
3535.580879306483,3,0,Madurai,Standard,2,10606.74263791945,20749597.83787552,86.04664827850694
2116.128350873542,1,0,Hyderabad,Premium,1,2116.128350873542,5679657.181075272,29.882764700983053
1116.4912842635968,1,1,Madurai,Premium,0,1786.386054821755,4796786.844160279,31.223827517714316
2036.935200552962,3,0,Chennai,Premium,0,6110.805601658886,16839987.7067218,72.70141910043752
2754.2638794551563,2,1,Hyderabad,Luxury,2,7161.0860865834065,21744770.95659806,95.77771585159121
3037.0109208680205,3,0,Hyderabad,Standard,0,9111.032762604062,16210999.66056746,76.57832731796817
3074.2193463964277,3,0,Coimbatore,Luxury,1,9222.658039189282,27572562.065825246,108.11233750488465
1515.7840860991812,3,0,Chennai,Standard,1,4547.352258297544,8987014.25742996,43.505744764106424
2809.005749400143,3,0,Bangalore,Standard,0,8427.01724820043,14747455.35183318,68.90417954328595
3223.6273615769455,2,1,Hyderabad,Economy,1,8381.431140100058,11366576.642299822,65.42812118034992
3438.760371733488,3,0,Chennai,Standard,2,10316.281115200463,17329542.6502741,87.10143266988928
3934.2815220556226,1,0,Bangalore,Premium,1,3934.2815220556226,9167990.962299911,39.82586507132135
2181.579975439764,1,0,Madurai,Standard,1,2181.579975439764,4144208.3113657,25.95717585376398
3881.4653957815267,2,0,Madurai,Standard,1,7762.930791563053,16070345.167978507,72.22871921409839
3845.207122490594,2,1,Coimbatore,Luxury,0,9997.538518475543,38308235.07134816,100.59902278765259
2205.857608938241,1,1,Madurai,Economy,2,3529.3721743011856,5601553.813025942,34.52631282456231
868.1594813661743,1,0,Hyderabad,Luxury,1,868.1594813661743,3104477.8301287023,23.76729524047607
2577.840632916118,2,0,Madurai,Premium,0,5155.681265832236,11830641.573115392,51.76121689287478
2122.3700618424195,2,0,Hyderabad,Premium,1,4244.740123684839,10213428.329768887,50.397317949768784
1226.3350632858956,2,0,Chennai,Premium,2,2452.670126571791,6737744.206294042,35.00949605074631
3169.653758583855,3,0,Hyderabad,Economy,2,9508.961275751564,13168658.710247468,69.43385792293553
2873.2165552393685,3,0,Madurai,Luxury,0,8619.649665718105,32388271.716193933,99.86183859974318
3742.7881626751887,3,0,Chennai,Luxury,2,11228.364488025567,41423273.644251615,109.81982198082474
2403.577975459477,2,0,Coimbatore,Economy,2,4807.155950918954,6276598.340127138,39.770407856240375
3229.1880305472773,2,1,Madurai,Premium,1,8395.88887942292,18650368.70625527,87.95887007283193
2064.593624441169,2,0,Chennai,Premium,2,4129.187248882338,9093189.22159262,52.08230804993619
995.2886765837437,1,0,Coimbatore,Premium,2,995.2886765837437,2421627.9820008352,21.81338362983259
1852.9961118865592,2,0,Madurai,Premium,0,3705.9922237731184,8800872.33301489,41.02035741434488
1394.9900623432547,3,0,Hyderabad,Standard,1,4184.970187029764,7411100.829622865,47.66320879369867
2825.7373551223136,2,0,Madurai,Premium,2,5651.474710244627,13317574.057152044,57.085099157920126
3484.2162310618805,3,1,Hyderabad,Economy,1,12543.17843182277,20223064.773511115,86.55819538936365
3534.5035826745166,2,0,Hyderabad,Luxury,1,7069.007165349033,22248337.432268273,81.71345254684206
3202.7618129115685,1,1,Bangalore,Premium,0,5124.418900658509,12867482.89217041,60.71218123942508
3319.7623658821863,2,0,Coimbatore,Standard,1,6639.5247317643725,11735945.269266756,57.331372011298434
2395.965858599482,2,0,Bangalore,Premium,1,4791.931717198964,12452274.610814044,51.476468968521914
1109.1887025186984,1,0,Chennai,Standard,0,1109.1887025186984,2158388.3035191386,21.11502464323972
1116.696309436826,2,1,Coimbatore,Premium,1,2903.410404535747,6770253.824747657,40.55701480458816
2752.2186833067763,3,0,Bangalore,Premium,2,8256.65604992033,20616639.874796778,87.73360900113954
819.3366299458141,2,0,Coimbatore,Premium,2,1638.6732598916283,3862195.276065606,32.46414660888749
2318.470930496467,1,0,Bangalore,Luxury,2,2318.470930496467,7978356.972291897,35.485630114828545
2659.2304625605666,2,1,Bangalore,Economy,1,6913.999202657473,10177064.62577344,61.589103780499904
2930.072172694833,1,0,Madurai,Economy,2,2930.072172694833,4685135.502383112,30.88896947080686
1374.2357212179338,2,0,Chennai,Standard,1,2748.4714424358676,5020034.437841916,35.29328759757974
3148.60960432521,1,0,Chennai,Luxury,0,3148.60960432521,9184287.98797222,40.81281833180785
2116.278304159913,2,0,Chennai,Economy,0,4232.556608319826,6052607.983962269,38.86663727724885
861.8468728065302,3,0,Coimbatore,Economy,1,2585.540618419591,4178912.7097713156,29.09008341140105
2452.5115077550213,2,0,Bangalore,Luxury,2,4905.023015510043,18079634.024322703,59.860414018703565
2086.8170499222606,2,0,Coimbatore,Luxury,2,4173.634099844521,14126229.092286767,52.445990636534844
3298.0785336690246,3,0,Madurai,Economy,0,9894.235601007074,14992244.164402694,84.572728844788
1957.045827133005,1,0,Bangalore,Luxury,0,1957.045827133005,5898150.080937373,30.643903290377796
1309.4417953405668,1,1,Chennai,Luxury,2,2095.1068725449068,6526972.604690083,35.59058643741034
1427.3739246550474,2,0,Coimbatore,Luxury,0,2854.747849310095,10041341.296475649,45.428488185103824
3831.5770416347204,3,0,Madurai,Economy,1,11494.731124904161,15973716.946197538,85.52158440181947
3225.0367808974547,1,0,Madurai,Luxury,1,3225.0367808974547,12017586.997759508,42.62130143757894
3440.3723869122823,3,0,Coimbatore,Standard,1,10321.117160736847,18500517.488043025,79.29454025975423
2785.7719860132447,1,1,Madurai,Luxury,0,4457.235177621192,16415404.729288863,53.573929310871335
3272.9258824727453,3,0,Hyderabad,Standard,2,9818.777647418236,18612419.793739285,93.38358509507054
3494.058515202152,1,1,Chennai,Premium,1,5590.493624323443,13958202.40720375,62.59430311573404
2856.1728368495696,3,0,Hyderabad,Premium,0,8568.518510548709,20814336.761836354,94.35088716968903
2825.053801774757,3,0,Madurai,Economy,2,8475.161405324272,13577983.397987233,71.30890606256455
3555.7799433505056,2,0,Bangalore,Standard,0,7111.559886701011,13129367.428011974,58.964959912169356
1836.5434469333359,3,0,Madurai,Premium,2,5509.630340800008,12690231.354686324,66.58627346371063
2234.599530378167,2,0,Hyderabad,Economy,1,4469.199060756334,6112627.196969282,41.46330176047159
3408.059193184802,3,0,Chennai,Economy,0,10224.177579554405,16369753.486172382,75.90126717195953
1419.4169755174498,3,0,Chennai,Standard,0,4258.2509265523495,8380595.855125081,42.11139561594498
3788.4560504883234,3,0,Bangalore,Luxury,0,11365.36815146497,34414181.92543409,111.84154904865613
2734.3954961061163,2,0,Madurai,Premium,1,5468.790992212233,12610411.881871758,55.451604306447386
1308.210867755417,3,0,Bangalore,Standard,2,3924.632603266251,7310592.53750166,47.41712447673946
3199.1174470835203,1,0,Coimbatore,Luxury,2,3199.1174470835203,10598334.174554372,40.84007498572749
1984.0875650033638,1,0,Bangalore,Economy,2,1984.0875650033638,2746961.711643143,20.69877854757972
1535.73190454488,2,0,Chennai,Standard,1,3071.46380908976,6025636.698151531,36.93944226986382
2020.784032150247,2,1,Bangalore,Economy,2,5254.0384835906425,7203447.684360415,46.61653204485518
1862.392808995827,2,0,Chennai,Standard,2,3724.785617991654,6652151.283652206,40.7135535347855
1707.015166251999,2,1,Hyderabad,Standard,1,4438.239432255197,7599899.716968799,43.440798361730685
2830.588341410555,3,0,Hyderabad,Standard,2,8491.765024231665,14898432.193237882,81.90293731647292
3700.800884842902,1,1,Bangalore,Standard,1,5921.281415748643,11758899.339336917,55.87146236966989
3754.995665105914,2,0,Chennai,Economy,0,7509.991330211828,11766404.761640353,65.04333730212237
2041.9798103052012,2,0,Madurai,Economy,0,4083.9596206104025,6500371.849678423,34.62799343131751
3333.9094171781117,3,0,Chennai,Economy,1,10001.728251534336,14634591.30848645,83.3298137265291
3232.8276400966643,1,0,Hyderabad,Economy,2,3232.8276400966643,4421413.88409134,33.547111402808646
1841.8037368891344,3,1,Madurai,Standard,0,6630.4934528008835,11952634.982183488,70.95851367714538
3263.411710200619,2,1,Coimbatore,Premium,1,8484.870446521609,20635476.15630609,88.17303881311656
2265.9819063298078,1,1,Hyderabad,Economy,2,3625.5710501276926,5435966.52246963,37.565269709150286
2778.581283126312,3,0,Madurai,Premium,2,8335.743849378936,21770564.31088888,83.00998901912364
1969.0650992542242,2,0,Hyderabad,Premium,0,3938.1301985084483,10457706.133857263,52.82363436855059
3159.5353920795555,1,0,Madurai,Luxury,1,3159.5353920795555,11122111.420817789,44.38971688004222
2609.0047561276365,3,0,Bangalore,Standard,2,7827.014268382909,14060807.973555297,75.80287024469493
3366.472249461712,3,0,Hyderabad,Luxury,2,10099.416748385136,36750853.79078061,100.43535107052539
1291.011984139663,3,0,Bangalore,Premium,0,3873.035952418989,8784351.38147113,50.95283211350299
3318.387580053213,3,0,Chennai,Economy,0,9955.162740159638,15281113.304129265,78.74722391163992
3860.5587985255247,1,1,Hyderabad,Economy,0,6176.89407764084,8776556.378313042,54.00000972926671
2315.276687903877,2,0,Hyderabad,Standard,2,4630.553375807754,8305932.5059556,48.70041896190742
3638.01691238733,1,0,Coimbatore,Economy,1,3638.01691238733,5171132.763690459,36.63246758697901
2864.877534929478,2,0,Madurai,Standard,1,5729.755069858956,11744964.47116312,59.59900369993163
914.26787106615,1,0,Bangalore,Premium,0,914.26787106615,2079518.314559115,21.683623912742277
1696.384629124442,2,1,Coimbatore,Economy,0,4410.600035723549,6003485.976826198,42.11688397987173
2186.5764626802734,1,1,Madurai,Standard,0,3498.5223402884376,6390127.126064179,41.43590515780236
2743.5568584210328,2,0,Bangalore,Luxury,1,5487.1137168420655,16199813.864045527,74.28783274147823
2649.2780308346696,2,0,Coimbatore,Premium,0,5298.556061669339,13616665.553127363,64.3409367407592
2456.6933321680685,3,0,Madurai,Premium,2,7370.079996504206,16715135.619349608,75.30322584243001
2906.5628108940905,3,1,Madurai,Standard,1,10463.626119218725,18618522.8233425,83.9714891977637
2304.5344998985634,1,1,Bangalore,Luxury,2,3687.255199837701,11450678.353446105,48.813989674712786
1196.746674705698,3,1,Coimbatore,Luxury,1,4308.288028940513,13264613.227456091,70.88743161386628
1362.6839033920596,2,1,Chennai,Economy,0,3542.978148819355,5380042.306699315,35.57895508311292
1094.7923460674353,3,1,Bangalore,Standard,1,3941.252445842767,7130849.0809876025,45.01610093636906
2820.3792931220382,1,1,Coimbatore,Economy,2,4512.606868995261,5731059.720933197,42.08867092768735
2782.3673568663976,3,0,Bangalore,Economy,2,8347.102070599192,11442554.922338221,64.346502435501
3863.9673630594993,1,1,Chennai,Luxury,0,6182.347780895199,23691851.865116302,67.12156482056977
2893.229039914681,3,0,Hyderabad,Economy,2,8679.687119744043,12430256.430478662,69.19568221628303
1189.3500576124009,1,1,Chennai,Luxury,1,1902.9600921798415,6922147.921637883,32.59501128853943
2589.4483465497133,2,0,Coimbatore,Economy,0,5178.896693099427,6996388.744394623,47.65885258867152
3505.2656133136475,2,1,Coimbatore,Premium,1,9113.690594615484,23844435.559016325,87.46027686847468
2703.2835974695877,1,0,Hyderabad,Standard,2,2703.2835974695877,4951555.697831668,33.07081872577657
885.2649317243756,2,1,Bangalore,Premium,2,2301.6888224833765,5449272.321270973,38.943669985540566
1730.9484970482433,1,1,Coimbatore,Standard,2,2769.5175952771892,5171617.628204466,37.24612737420712
2071.5548729124507,2,1,Coimbatore,Standard,2,5386.042669572372,10280964.202582633,49.75652922331886
2188.0407801361957,3,1,Hyderabad,Economy,1,7876.946808490304,11324417.500536421,71.40767668047336
3697.327402675526,3,0,Coimbatore,Economy,1,11091.982208026579,15259481.779348725,86.31466178394216
1471.4433150358943,3,0,Chennai,Premium,1,4414.329945107683,10637342.518009877,57.01447492627086
2695.95385904892,2,1,Bangalore,Standard,2,7009.480033527192,13082302.67347091,67.17582141497543
3373.736782575146,2,0,Madurai,Economy,0,6747.473565150292,9878948.510326277,55.69862242208244
2858.1561450858944,1,0,Madurai,Economy,2,2858.1561450858944,3822224.627541321,25.402166351684592
3644.5288809476974,2,0,Coimbatore,Economy,1,7289.057761895395,10338024.397717822,57.2212465238579
3710.7984941189807,2,1,Bangalore,Standard,2,9648.07608470935,15791529.120082585,89.01018991981891
1920.8220633710487,1,0,Bangalore,Luxury,1,1920.8220633710487,6464671.738829213,31.74600922456687
2057.4452347484544,3,0,Hyderabad,Premium,2,6172.335704245363,16384107.413316151,69.7669284744512
2582.95413297581,2,1,Chennai,Standard,0,6715.680745737106,13455726.891963203,68.26182352680081
1409.374282847238,1,1,Hyderabad,Luxury,2,2254.998852555581,6969689.894453604,36.917006047663634
1647.2406817047568,1,0,Hyderabad,Standard,2,1647.2406817047568,3086141.8889467455,26.30914339239248
1359.9330839063668,1,0,Chennai,Economy,0,1359.9330839063668,1787783.684732232,20.843885216135465
1531.7603788371805,3,0,Madurai,Standard,2,4595.281136511541,7912365.102606911,52.481737966622504
3801.659525924571,3,0,Coimbatore,Premium,0,11404.978577773712,30574219.155977175,96.07681559048957
831.148391669226,1,1,Hyderabad,Luxury,1,1329.8374266707617,4889862.394733434,32.78766847212162
2656.550690672874,3,0,Madurai,Luxury,1,7969.652072018623,25297365.37645988,102.90502774993243
3141.680185947624,1,1,Madurai,Economy,0,5026.688297516199,7692528.53177865,43.497840794352896
3808.3789121784157,1,0,Bangalore,Economy,1,3808.3789121784157,6027457.531294232,35.84447131395065
846.2747064121949,2,0,Hyderabad,Economy,0,1692.5494128243897,2534715.45155268,22.349286569067882
2335.424580503808,1,1,Coimbatore,Premium,1,3736.6793288060926,9276992.058259854,51.761294198634225
1778.3846217644823,3,0,Madurai,Premium,2,5335.153865293447,11951063.576655913,67.37805014037512
1088.3016421381712,1,0,Coimbatore,Luxury,0,1088.3016421381712,4046841.1728144716,25.03659953360588
1723.8585031598582,3,1,Chennai,Standard,2,6205.89061137549,10875450.510221856,54.744869528818036
3908.493290134271,1,0,Bangalore,Standard,2,3908.493290134271,7247906.200809773,37.95625880623235
2942.8835913715516,3,1,Chennai,Luxury,1,10594.380928937586,33255331.555765577,133.0378376283085
1723.675155231795,1,1,Bangalore,Standard,2,2757.8802483708723,5449001.286577237,32.782330692664004
1809.0090459336775,1,0,Hyderabad,Luxury,2,1809.0090459336775,7316854.828092068,30.1168869310078
3368.1884809906733,1,0,Chennai,Luxury,0,3368.1884809906733,10347222.934159046,45.220143139479326
1242.0893264620127,3,0,Hyderabad,Standard,1,3726.267979386038,7381933.437534884,44.360651626045566
863.6845932819416,3,0,Chennai,Premium,0,2591.053779845825,6293186.794318038,34.71450685559717
2198.308587628613,2,1,Hyderabad,Luxury,2,5715.602327834395,18767640.302765965,65.48201215873718
1570.4141274169829,3,0,Chennai,Luxury,1,4711.242382250948,18026502.489150923,59.769115114118705
1035.9600722695752,3,0,Hyderabad,Standard,1,3107.880216808726,6247573.631016592,40.87539797902095
1498.885919101181,2,0,Bangalore,Economy,1,2997.771838202362,4544941.949029329,28.377042898105675
2399.414199706925,3,0,Bangalore,Luxury,2,7198.242599120775,21244705.9411322,94.40422731291359
1229.675326454155,2,1,Chennai,Luxury,0,3197.1558487808034,11339771.022741085,49.80507184558771
2372.993927786005,2,0,Hyderabad,Premium,1,4745.98785557201,10627654.285163352,51.01456065270672
2793.55322317787,2,0,Madurai,Economy,0,5587.10644635574,9020557.334955169,49.25350769876651
2295.3447636110395,2,0,Bangalore,Premium,0,4590.689527222079,11083557.255268184,53.069289137280784
2830.993965975047,2,0,Chennai,Standard,2,5661.987931950094,9661175.502917953,48.85924282980282
1153.1771798055274,3,0,Chennai,Premium,2,3459.5315394165823,8247223.430823018,48.804824960848904
1183.5684155184683,1,0,Chennai,Premium,1,1183.5684155184683,3263267.780416791,25.011621160032263
2475.7651929731633,2,0,Coimbatore,Standard,0,4951.5303859463265,8327876.227213189,49.371637879797376
2378.174875972866,1,0,Coimbatore,Economy,2,2378.174875972866,3839752.7526663244,22.93071819082564
3297.4977284958118,1,1,Bangalore,Economy,2,5275.996365593299,7935277.117965774,44.01670511516918
2039.560268228324,3,0,Hyderabad,Standard,2,6118.680804684972,11097098.414311282,53.95509568030127
1829.2506708748754,3,1,Hyderabad,Standard,1,6585.302415149552,11380039.307212377,70.3579577057529
2457.6594255130585,1,1,Madurai,Standard,0,3932.2550808208935,7230006.118105948,43.11548911665456
1020.9027728232684,2,0,Chennai,Economy,1,2041.8055456465368,3135355.3762280433,25.469217667425816
2798.3569795443864,3,1,Bangalore,Luxury,2,10074.08512635979,36884194.22854436,125.0223675755501
882.188297779651,1,0,Chennai,Premium,1,882.188297779651,2335679.6669737766,21.9733643559465
3624.95294560997,1,0,Madurai,Standard,1,3624.95294560997,6325674.248626435,35.93608567496728
2087.730669961228,3,0,Madurai,Luxury,2,6263.1920098836845,24116941.73201396,80.17911335225989
3371.1341437463793,2,0,Hyderabad,Premium,0,6742.268287492759,16483532.198935416,69.07395455521068
1713.3685923983148,2,0,Chennai,Premium,2,3426.7371847966297,7608669.8027492855,39.29039828080949
3623.875673112804,3,0,Chennai,Economy,1,10871.627019338412,13846968.268381536,72.90146269444497
1812.317720841703,2,1,Chennai,Luxury,2,4712.026074188428,16597465.552061776,64.72187350082636
925.7025242989123,2,0,Bangalore,Economy,1,1851.4050485978246,2466984.404882422,26.22324202591134
3956.2390676665464,3,0,Hyderabad,Standard,2,11868.71720299964,24453241.654355742,96.64354430829447
1829.6662244943884,1,1,Madurai,Luxury,0,2927.4659591910213,12086009.276289288,50.59079979066369
3674.6201386495554,2,1,Chennai,Luxury,2,9554.012360488843,32223874.40145087,99.95540733880387
2878.335825533969,2,0,Hyderabad,Standard,2,5756.671651067938,11831929.012065053,60.02389105443308
1163.362056984762,1,1,Chennai,Premium,2,1861.379291175619,5063962.187564869,33.07396784788733
3991.803215639445,1,0,Bangalore,Economy,2,3991.803215639445,6568859.613530006,39.618637178879254
1507.5379505218202,1,0,Madurai,Economy,1,1507.5379505218202,2298449.46392124,19.529013247878034
1403.1480805363767,3,0,Hyderabad,Premium,2,4209.44424160913,10018842.252050841,57.66706272333646
2198.8129794700344,1,1,Chennai,Economy,2,3518.1007671520547,4767078.986944704,31.531869883129
1310.0746901517787,1,1,Bangalore,Economy,2,2096.119504242846,3122296.888206944,26.762296006751846
3663.764848446413,2,0,Hyderabad,Premium,2,7327.529696892826,18456066.080058847,67.23242931531558
2150.0291199191593,1,1,Chennai,Luxury,2,3440.046591870655,12770611.595209882,52.875582281571454
2787.9676569899802,2,0,Coimbatore,Premium,0,5575.9353139799605,12566893.539962273,61.11035284390919
3638.64110439072,2,0,Madurai,Premium,0,7277.28220878144,19559736.100026257,72.18711403743531
3569.1402808707844,2,0,Hyderabad,Luxury,0,7138.280561741569,24656630.908461746,72.68271311882562
1876.1656750530176,3,0,Chennai,Premium,0,5628.497025159053,12884049.436637733,63.41186078058743
1985.6938648950766,1,1,Chennai,Luxury,2,3177.1101838321224,10729953.520533387,50.105574892805386
2830.340786940838,1,0,Hyderabad,Premium,2,2830.340786940838,6835222.98683515,37.96291347565451
988.8854746253536,1,0,Bangalore,Economy,0,988.8854746253536,1542481.9375777326,18.027088856980903
2462.0003366745696,2,1,Bangalore,Economy,1,6401.200875353881,9478084.186309809,61.2401366145488
3961.821799200547,1,1,Madurai,Economy,0,6338.914878720875,9345162.191300148,57.20637384085051
3876.9018259552045,3,1,Coimbatore,Standard,1,13956.846573438736,27227168.874560025,106.1077051955485
1157.7097571358145,2,0,Hyderabad,Economy,1,2315.419514271629,3559208.2300281585,27.665266079672893
817.1082528126053,3,1,Bangalore,Economy,0,2941.589710125379,4655183.835883977,32.240330581158844
931.1864378817088,2,0,Coimbatore,Standard,0,1862.3728757634176,3616103.918360095,27.26669499046653
2755.694368724162,2,1,Madurai,Premium,2,7164.805358682821,18207048.582483936,74.13152257714319
1856.1500068032433,2,1,Coimbatore,Luxury,2,4825.990017688433,14567252.799111087,67.14666261546891
3813.2936809372504,1,0,Chennai,Standard,0,3813.2936809372504,6592863.541665771,39.28067208353758
3116.9075092985727,3,1,Chennai,Luxury,0,11220.86703347486,38362731.884108625,112.68109655759989
2116.6168533773143,1,0,Bangalore,Economy,0,2116.6168533773143,3022419.364923099,26.754267047458267
2697.6478696713148,2,0,Madurai,Standard,0,5395.2957393426295,10703245.484233806,49.46634044482712
3626.1020437185734,3,0,Madurai,Economy,1,10878.306131155721,15445472.478702888,72.92563169351426
3414.851104726519,2,0,Hyderabad,Premium,0,6829.702209453038,18284945.589751374,71.54208653256923
1822.4161078906009,2,1,Chennai,Economy,0,4738.281880515562,6348136.2533032335,40.47249729201309
3134.8742669479007,3,0,Chennai,Premium,2,9404.622800843703,22161582.05580903,81.55562476371665
1293.5118736925474,2,1,Chennai,Premium,1,3363.1308716006233,8898091.276059214,41.20660967376827
1513.7726550598093,1,0,Coimbatore,Economy,0,1513.7726550598093,2120805.8982868423,17.988647767953573
3631.650308578574,2,1,Chennai,Luxury,1,9442.290802304291,32031185.407638025,114.8195729506604
3170.9262759589787,2,0,Coimbatore,Economy,2,6341.8525519179575,8390542.146461707,53.64239122421785
3145.750994853068,3,0,Hyderabad,Standard,1,9437.252984559203,17341499.509444885,77.1425910079779
2339.4272732715312,2,1,Hyderabad,Standard,1,6082.510910505981,12570825.63352258,63.180842975799926
3021.027084296208,2,1,Madurai,Luxury,2,7854.670419170141,24290455.79763532,89.24665967985389
914.8149817243169,2,0,Bangalore,Economy,0,1829.6299634486338,2684243.463502767,25.452546367055767
1264.6721939560894,1,0,Coimbatore,Economy,0,1264.6721939560894,1695268.392956338,20.742518466617586
1303.1500942012926,3,1,Coimbatore,Standard,2,4691.340339124654,8667921.2198961,48.062429580998334
1503.0589999412744,1,0,Madurai,Economy,0,1503.0589999412744,2037079.8156855018,20.377003138902534
1303.0717549325825,1,0,Hyderabad,Standard,2,1303.0717549325825,2360182.8215048066,18.92794740301816
1985.9244901791446,1,0,Hyderabad,Premium,0,1985.9244901791446,4576018.428219886,29.27681345124032
2789.78143303948,1,0,Madurai,Luxury,0,2789.78143303948,9211083.45874167,41.528667328020205
3037.487478871749,1,0,Bangalore,Standard,2,3037.487478871749,5587783.347692941,34.150426292283825
2019.0563063156987,1,0,Chennai,Premium,1,2019.0563063156987,5309089.819213816,26.668827881327612
3059.7354972464786,1,0,Bangalore,Premium,2,3059.7354972464786,8138657.963352567,39.009619075235825
1831.9320119025651,2,0,Chennai,Standard,0,3663.8640238051303,6380153.688286902,38.87873670088117
3912.185481750142,1,1,Bangalore,Economy,0,6259.496770800228,8709327.840792976,54.87017003990141
2551.640251821585,2,1,Chennai,Standard,2,6634.264654736121,13202000.046156012,67.93902495485418
2033.4930664893636,2,0,Madurai,Premium,1,4066.9861329787273,10527614.372054135,47.3669848239544
3227.4842216805782,2,0,Madurai,Premium,1,6454.9684433611565,14326334.982639564,67.96462586324
1868.7926594821415,2,1,Bangalore,Premium,0,4858.860914653568,13400186.968267746,61.0637682557629
895.9984408482455,1,0,Chennai,Standard,2,895.9984408482455,1550436.4922865287,19.239296343389398
2221.211176091925,2,0,Bangalore,Standard,2,4442.42235218385,7863622.442166689,40.7333027739088
3403.3561998024556,3,0,Bangalore,Premium,0,10210.068599407366,23508021.896733895,98.88897962463328
2853.9544920416633,1,0,Chennai,Economy,1,2853.9544920416633,4472402.161617814,27.649578673732766
1827.5716297573854,3,0,Madurai,Standard,2,5482.714889272156,10601482.543823974,56.16838359026069
1242.3349710582154,1,0,Madurai,Standard,2,1242.3349710582154,2184781.312083738,20.409355816637916
3396.4359154815866,3,0,Madurai,Economy,2,10189.30774644476,13516115.318745773,82.24607299186668
2389.6388783299317,2,0,Madurai,Standard,0,4779.277756659863,9468137.829049552,51.02693026758164
2853.262390691905,2,1,Bangalore,Premium,1,7418.482215798953,18410537.82018735,73.30324633445693
2062.8820063957273,2,0,Bangalore,Economy,0,4125.764012791455,5370316.032192479,40.79672456657277
3559.191581519487,1,0,Hyderabad,Economy,1,3559.191581519487,4671185.52661178,34.37362590254087
2876.147727156499,2,0,Chennai,Premium,2,5752.295454312998,14427184.253863303,67.95544461288931
3761.583073088276,1,0,Chennai,Premium,2,3761.583073088276,9381170.49698146,45.07160821539092
1206.058499145955,3,1,Hyderabad,Premium,1,4341.810596925438,11656823.23142729,54.8627159498068
1304.1281202929895,2,0,Chennai,Premium,1,2608.256240585979,5524500.108037651,38.893050249596904
3077.9207132041797,2,0,Madurai,Economy,0,6155.841426408359,8064813.054350791,47.826462051838504
2357.494466179788,1,1,Bangalore,Standard,2,3771.991145887661,7900931.861668437,46.10300891279828
2618.817854548279,1,0,Hyderabad,Economy,0,2618.817854548279,3940443.961662184,27.30078402844668
1977.351350266495,1,0,Madurai,Economy,1,1977.351350266495,2959759.896432866,25.87597460009217
1406.9817835380018,3,0,Bangalore,Economy,0,4220.945350614005,5672577.853303626,37.43361772935078
1953.2719542586103,3,1,Chennai,Premium,2,7031.779035330997,17013011.172450963,75.40094120682775
3419.1211771802928,2,0,Hyderabad,Standard,1,6838.2423543605855,12597891.781262353,66.96183144503568
1288.3031622882954,3,0,Coimbatore,Premium,0,3864.9094868648863,9744239.29115757,44.59697017625696
2622.6357608630183,1,1,Coimbatore,Standard,1,4196.217217380829,7321010.31648959,39.897606455873024
2661.120049681289,1,1,Bangalore,Premium,2,4257.792079490062,10407269.616089618,56.06860719185324
3645.7059366773587,2,0,Hyderabad,Standard,2,7291.4118733547175,14116153.118976073,61.10740426074067
3394.5346309210504,2,0,Chennai,Economy,0,6789.069261842101,9294314.951572418,57.409199804438195
2063.2351543526843,2,1,Madurai,Economy,1,5364.411401316979,7408145.565063304,43.06776692779646
1885.7049017790139,2,0,Coimbatore,Premium,1,3771.4098035580278,8946165.781687748,43.56831263695654
2160.5371935576645,3,0,Hyderabad,Standard,0,6481.611580672994,12952870.133094793,65.25116815098966
2613.9746090183744,1,0,Coimbatore,Premium,0,2613.9746090183744,6470182.839737258,32.568711667044695
2772.420690579202,2,1,Bangalore,Standard,0,7208.293795505925,13634249.889217604,68.75747189659153
2018.1647527726986,2,0,Bangalore,Economy,1,4036.3295055453973,5803996.093401437,40.07558013595867
1519.012852062858,2,0,Bangalore,Luxury,1,3038.025704125716,11319894.246826218,49.09650139707306
1705.1893051117,3,1,Hyderabad,Standard,1,6138.681498402119,11918687.429583348,59.102355583781055
2319.740759075649,2,1,Hyderabad,Premium,2,6031.325973596687,14332188.853586443,61.42588317356643
3655.3067904486015,3,1,Madurai,Economy,0,13159.104445614965,20320106.56918446,97.12182801586846
3678.330465451548,3,1,Hyderabad,Standard,0,13241.989675625573,23381683.113503363,121.0315682054182
3996.5879587345253,2,1,Chennai,Standard,2,10391.128692709766,19308550.467524767,96.81739497498458
1975.1750583847058,1,1,Chennai,Premium,1,3160.2800934155293,7795203.144310831,44.33276019528669
832.7616082431853,3,0,Madurai,Luxury,2,2498.284824729556,9023673.57061625,43.24498841920184
1590.3647849141744,3,0,Chennai,Standard,1,4771.094354742523,9323810.089667358,44.1527181941597
3074.145916932068,3,0,Madurai,Standard,2,9222.437750796204,17591557.917509515,81.32025097966014
1845.1779744372793,3,1,Hyderabad,Premium,1,6642.640707974205,15928565.93444279,74.80019812004662
3612.753666039666,2,1,Bangalore,Standard,1,9393.159531703132,18145127.336805556,84.31672411581688
1709.9043262237994,3,1,Coimbatore,Luxury,0,6155.655574405679,23071126.66202061,72.87319426032485
2121.1499945501,2,0,Bangalore,Economy,2,4242.2999891002,6220607.015273461,35.56997535867607
870.2319436568185,3,0,Bangalore,Premium,2,2610.6958309704555,6354361.1998484535,41.62797816607308
1128.8174154258854,3,0,Bangalore,Premium,1,3386.4522462776563,7814704.837160375,43.54663688577054
2979.491327135511,1,0,Bangalore,Economy,0,2979.491327135511,4811102.512787835,30.578813140293295
2163.7066404648863,2,0,Bangalore,Economy,0,4327.413280929773,6045558.072927449,41.28476158499225
978.3516197879397,1,0,Hyderabad,Luxury,0,978.3516197879397,3604995.3816768858,24.129491053216306
1383.4535354130317,1,0,Coimbatore,Standard,0,1383.4535354130317,2543081.2881608056,21.701761987994647
2891.632084501872,2,1,Chennai,Standard,2,7518.243419704868,13306646.752270091,76.56853185571259
1785.4120305467316,2,1,Chennai,Economy,2,4642.0712794215015,6415001.210652005,39.961348288326064
3121.2013226386393,3,0,Hyderabad,Premium,1,9363.603967915918,21317458.872495223,99.97031110739508
1273.0681426201045,1,1,Madurai,Premium,1,2036.9090281921672,4600721.201182951,37.37917979214607
3955.0130119106598,1,0,Chennai,Luxury,0,3955.0130119106598,14922514.497823516,45.74704636241294
3974.3662094935767,3,1,Bangalore,Economy,1,14307.718354176875,21827796.30006233,115.11727835533591
3977.785718771213,2,0,Chennai,Premium,1,7955.571437542426,20389208.17539643,79.39097686864905
1746.0776373035987,3,0,Hyderabad,Economy,0,5238.232911910796,7633230.182479387,51.33040043981112
3632.2224440452505,1,1,Bangalore,Luxury,1,5811.555910472401,20695415.426913183,75.31087087835681
2856.666352959249,2,0,Bangalore,Premium,2,5713.332705918498,14557548.747593464,54.774835679422104
2126.4350209418344,3,0,Chennai,Standard,0,6379.305062825503,12234516.851991395,66.12447623884701
2309.1244841703087,3,0,Coimbatore,Standard,1,6927.373452510927,12172825.466879483,58.95391066319898
3483.5833421007555,3,0,Coimbatore,Standard,1,10450.750026302267,19457339.026358206,84.30578822173712
947.3292676980539,3,1,Hyderabad,Luxury,1,3410.385363712994,12764634.628063196,51.78583134302219
3765.6613156748763,2,0,Hyderabad,Luxury,0,7531.322631349753,25258253.93311712,84.57182523034099
1202.5641344002352,2,1,Madurai,Standard,1,3126.6667494406115,5599683.171324935,35.63527127253349
1845.5318098800199,1,0,Bangalore,Economy,1,1845.5318098800199,2584758.3537540017,21.27857384985404
3028.6120675435836,1,0,Coimbatore,Premium,1,3028.6120675435836,7075236.469913418,34.19134001587106
2784.438911874199,2,0,Coimbatore,Economy,0,5568.877823748398,7714507.532100602,45.477030120634076
2374.7267380445746,2,0,Bangalore,Standard,2,4749.453476089149,8538644.153669922,44.77892917819951
2709.7585174821884,2,0,Coimbatore,Luxury,0,5419.517034964377,18651886.94931961,62.785648094638425
2025.1609494238173,1,0,Chennai,Economy,0,2025.1609494238173,3087930.118577305,24.935271673908726
1120.6520292926793,3,0,Bangalore,Premium,0,3361.956087878038,8485576.18110345,43.939852158672196
3199.2554427226805,2,0,Madurai,Luxury,1,6398.510885445361,23732269.76326798,84.22133883519344
2016.3486297677232,2,0,Madurai,Premium,1,4032.6972595354464,8909141.276257314,43.88994810753987
3473.6324946625905,1,0,Bangalore,Economy,1,3473.6324946625905,4760978.987070918,34.7967160003401
3228.632862692052,1,0,Bangalore,Standard,0,3228.632862692052,6195647.623341526,35.550643288592056
2075.82237263902,1,1,Madurai,Economy,0,3321.3157962224323,4890571.619727015,35.55084193417209
2504.7010281065573,3,0,Chennai,Standard,0,7514.103084319671,12840548.145993985,62.097801930611006
3850.599987132169,3,0,Coimbatore,Economy,1,11551.799961396508,15216287.08456525,85.96774449695347
2328.481207674541,1,0,Coimbatore,Premium,2,2328.481207674541,5261011.475606379,31.117791411130035
1930.0258404589197,2,0,Hyderabad,Economy,2,3860.0516809178393,6011439.657001244,41.045666128244285
1939.007072055368,3,1,Coimbatore,Standard,1,6980.425459399325,12629175.603998356,60.60293883032769
1871.4928919687309,3,0,Bangalore,Premium,1,5614.478675906193,15390142.526579326,69.97173514901499
3337.8076313238275,2,0,Hyderabad,Standard,1,6675.615262647655,12168865.699882079,57.078387396473914
2158.3248059166385,2,1,Chennai,Economy,2,5611.64449538326,8598820.85133612,53.128281088053775
1585.394191116415,2,0,Coimbatore,Economy,1,3170.78838223283,4534552.514556079,30.786961843425487
3619.11875786709,3,0,Madurai,Premium,0,10857.35627360127,23671904.588233136,92.63725866983141
923.7864348736007,2,1,Madurai,Economy,1,2401.8447306713615,3611682.139239095,29.360799261463125
3521.4599839543366,2,0,Coimbatore,Standard,0,7042.919967908673,13736816.656554176,67.67967306588652
2944.6227478576266,2,0,Hyderabad,Luxury,0,5889.245495715253,21127843.253464732,68.84234061526935
1308.412845425293,2,0,Coimbatore,Luxury,0,2616.825690850586,8718687.33741938,46.2269288505821
3225.368650700124,1,0,Bangalore,Luxury,0,3225.368650700124,12148049.015285062,43.83715082707383
3910.1625493474517,3,0,Chennai,Luxury,0,11730.487648042355,44741912.8955658,124.22326124733922
1362.9533738569028,2,0,Coimbatore,Economy,2,2725.9067477138055,3797607.5035290355,27.158794892378847
1742.2798848375103,2,0,Hyderabad,Luxury,0,3484.5597696750206,13122316.702226648,50.95945381056202
2094.0256186652014,1,0,Madurai,Luxury,0,2094.0256186652014,6825594.530119376,31.66795655787115
1128.6454123563874,1,0,Coimbatore,Economy,2,1128.6454123563874,1475694.15109188,19.974147301520436
3510.664298312059,3,1,Hyderabad,Standard,0,12638.391473923413,24701226.302954365,97.24058042101888
1676.937254165108,3,0,Coimbatore,Economy,2,5030.811762495324,7467602.624507385,48.79032495725186
3072.5049000551385,2,0,Bangalore,Standard,0,6145.009800110277,11247029.91964353,51.61857263259653
956.0951890027287,2,1,Chennai,Luxury,2,2485.847491407095,7313341.6971039465,43.63505522371092
1119.7612165879439,3,0,Coimbatore,Standard,1,3359.283649763832,6131436.624510058,40.1866827144725
3292.09775800661,2,0,Bangalore,Economy,2,6584.19551601322,8533232.61202718,54.37154518099589
1972.8459317941645,2,0,Madurai,Luxury,0,3945.691863588329,12284848.944378711,49.68617011699086
2887.0350790145803,1,1,Coimbatore,Economy,0,4619.256126423328,6892532.00378223,41.907504823177334
3415.4277499648983,3,0,Coimbatore,Economy,2,10246.283249894695,13870896.674455011,72.31501335788269
3464.1707509215216,3,0,Madurai,Economy,0,10392.512252764565,15240674.830097895,81.49743714685461
2291.9940090985647,2,0,Chennai,Economy,0,4583.988018197129,6893039.865352584,42.6925304399574
1596.4274448070253,3,0,Madurai,Economy,1,4789.282334421076,7091894.8070279835,45.694466370736954
3229.2660497199076,1,0,Madurai,Economy,0,3229.2660497199076,4571260.305355979,31.487248122843642
901.7835746494168,3,0,Coimbatore,Standard,1,2705.3507239482506,4920142.306617956,34.182926136816754
3350.2258035893046,3,0,Hyderabad,Standard,1,10050.677410767914,18253979.88027069,76.30096518290898
3883.2195687910807,2,1,Coimbatore,Luxury,2,10096.37087885681,34175807.18547104,101.56569444860862
1229.5466579038152,3,0,Coimbatore,Economy,0,3688.6399737114457,5424667.518166328,38.58469102671245
3578.1633686857226,3,0,Hyderabad,Standard,2,10734.490106057168,18162431.412644688,84.51066335196917
1985.0690496035618,1,0,Coimbatore,Standard,2,1985.0690496035618,3713232.170264728,27.920538309422305
1190.654968368306,2,0,Hyderabad,Premium,2,2381.309936736612,6474558.711006937,35.2480551237807
1788.472327345293,1,1,Chennai,Economy,2,2861.555723752469,4006666.9009927246,29.273059717396528
3242.612441838466,3,1,Madurai,Standard,2,11673.404790618479,21579831.161813293,101.11022291550476
999.9907826346064,2,0,Chennai,Luxury,0,1999.9815652692128,6308206.168454627,39.0018993091256
2218.5167473671345,1,0,Coimbatore,Luxury,2,2218.5167473671345,6833501.204791589,35.09848428331361
1228.0482767349347,3,1,Bangalore,Premium,2,4420.973796245765,11323208.548089094,63.267023901001274
3705.6182752717305,3,0,Hyderabad,Luxury,0,11116.854825815191,36776085.478394665,115.83642604249096
2933.9032306188783,2,0,Chennai,Premium,2,5867.806461237757,12401658.59787945,56.86599943035507
2177.804495812164,1,1,Hyderabad,Premium,0,3484.4871932994624,8471558.24323853,44.430638493115644
1638.1071509582134,3,1,Hyderabad,Standard,2,5897.185743449569,12053540.406308006,53.65548727913529
2682.2117964868557,2,1,Hyderabad,Premium,2,6973.750670865825,16636307.59856859,77.04510354388967
3659.5194197824358,2,1,Bangalore,Standard,2,9514.750491434334,16100215.88724738,84.05759069566824
3203.8288426511426,3,1,Chennai,Economy,2,11533.783833544114,15288080.244447554,85.1624387003793
1308.787953438191,2,0,Coimbatore,Economy,1,2617.575906876382,4316951.607542703,28.4165350996043
3599.127559199393,3,0,Hyderabad,Premium,2,10797.38267759818,26064338.473660633,115.97242899075567
1029.6959466760968,2,0,Chennai,Premium,0,2059.3918933521936,4995130.385821284,35.64960934092878
3362.278589499151,3,0,Madurai,Economy,2,10086.835768497454,14003186.60625738,75.43173084198908
1600.2562019703944,1,0,Chennai,Premium,0,1600.2562019703944,4149491.939170223,27.83109089647567
2864.1344391705366,1,0,Chennai,Economy,2,2864.1344391705366,4088185.1293958463,27.70509120416875
3302.3483314454706,1,0,Chennai,Premium,0,3302.3483314454706,8582600.947995879,44.925541580313
3901.741959569136,1,0,Coimbatore,Standard,0,3901.741959569136,7909792.099872852,41.303047270128076
1695.7551551975043,2,0,Madurai,Standard,0,3391.5103103950087,6460175.837500915,35.092190855761
2648.3548946360006,3,0,Bangalore,Premium,0,7945.064683908002,17283312.989244167,86.57612489337431
1980.1178876634988,1,0,Hyderabad,Premium,2,1980.1178876634988,4290600.785221448,31.94726260060516
2464.7826131526217,1,1,Madurai,Premium,2,3943.6521810441945,9425435.903749872,50.76794541409377
2308.412995032938,3,0,Madurai,Premium,1,6925.238985098814,18601789.659234766,74.70638321531975
2768.0668448975157,1,0,Chennai,Standard,0,2768.0668448975157,5009577.6429732805,30.187698736468132
1707.0986284552114,3,0,Coimbatore,Economy,0,5121.295885365635,7748319.540634897,51.27369212395859
3447.5198830117197,1,0,Chennai,Standard,2,3447.5198830117197,6191694.556863027,37.803126668122374
2720.6619442965484,3,0,Coimbatore,Luxury,1,8161.985832889645,29288865.669158347,92.48792205361849
3381.7999325000033,3,1,Coimbatore,Luxury,2,12174.479757000012,38342995.141517706,122.0005205049747
1712.4029025947032,3,1,Hyderabad,Economy,0,6164.650449340932,8721728.604097908,49.01950287395902
2731.94393268417,3,0,Madurai,Standard,2,8195.83179805251,14566538.606239295,72.68224891787139
2864.9972241148416,3,0,Hyderabad,Economy,2,8594.991672344524,13357242.536917042,64.83456327158996
2273.349472245625,3,0,Madurai,Luxury,2,6820.048416736874,24444432.089013822,75.39732481424062
1869.3461048142765,1,0,Coimbatore,Economy,1,1869.3461048142765,2862522.7858111192,21.762238703232526
3786.997089705449,3,1,Chennai,Premium,2,13633.189522939618,32126579.70314779,129.7356244126418
1268.9828511405647,2,0,Chennai,Luxury,1,2537.9657022811293,9514339.304773109,41.00085300307699
2628.8670908670733,2,1,Chennai,Luxury,2,6835.054436254391,25189474.176982854,82.63847622218634
3220.737855925,2,1,Chennai,Standard,2,8373.918425405,16009226.844659137,65.9969218453697
1067.184226607522,1,0,Madurai,Premium,2,1067.184226607522,2745334.383168153,23.957195106742986
3573.1862580474453,3,1,Hyderabad,Standard,2,12863.470528970804,20865948.086804878,96.10609413758053
2697.470257591321,1,0,Madurai,Luxury,0,2697.470257591321,7987499.92228006,35.15893643417723
3285.486480410896,2,1,Chennai,Premium,1,8542.26484906833,18962348.33821211,76.68332798959888
2410.8708644766457,3,0,Coimbatore,Economy,2,7232.612593429937,10319683.35132057,53.87682179718933
3762.3739032856315,3,1,Coimbatore,Premium,0,13544.546051828273,31170561.836869206,134.70506403361753
2370.949051130532,3,0,Chennai,Premium,2,7112.847153391596,19336401.600938097,72.2632464964003
3429.503397717339,1,0,Bangalore,Standard,1,3429.503397717339,6161129.786183409,34.18863191329915
1580.9297082951787,3,0,Coimbatore,Economy,1,4742.789124885536,7012653.69361358,43.151263910892055
3125.470994977977,3,0,Coimbatore,Standard,2,9376.412984933932,17684407.09912283,81.3791845285562
1437.5278201280644,1,0,Hyderabad,Economy,0,1437.5278201280644,2131841.349786654,22.214620075506566
1144.9456693751206,3,0,Hyderabad,Premium,0,3434.8370081253615,8153902.322657995,42.24472856073745
1738.711160507534,1,0,Coimbatore,Economy,1,1738.711160507534,2373786.3786074487,19.268402471964492
1793.7176811291558,1,1,Coimbatore,Luxury,0,2869.948289806649,9060552.045186616,45.34724132858768
1918.585960035291,1,1,Coimbatore,Premium,2,3069.7375360564656,7765325.829095871,36.72835325388113
2763.096321766668,3,0,Bangalore,Standard,2,8289.288965300004,16802997.644676182,70.80059259936006
2536.7145558559255,1,0,Coimbatore,Premium,0,2536.7145558559255,6715448.524586663,37.209706602755816
3417.854987731941,3,1,Coimbatore,Premium,1,12304.277955834987,30663965.888394527,130.03016933481683
1599.7557151138976,2,0,Coimbatore,Premium,2,3199.5114302277952,8678146.790168447,43.92404219207222
3005.792655219338,1,0,Chennai,Premium,1,3005.792655219338,6605797.7605554145,33.40523869624184
3486.327663038831,3,0,Chennai,Premium,0,10458.982989116492,25134144.71954863,96.70922347653502
1846.1671757490492,2,1,Bangalore,Economy,1,4800.034656947528,6592667.722062514,48.81342062412935
1651.055390219987,2,0,Bangalore,Standard,1,3302.110780439974,5476482.138291973,37.38815799859285
2297.5651944167166,3,1,Hyderabad,Economy,1,8271.23469990018,11793215.469985913,75.28626855483512
1779.0806502049286,3,0,Coimbatore,Premium,2,5337.241950614785,14442706.537817722,55.6631608236391
3766.1462154108476,2,0,Bangalore,Luxury,2,7532.292430821695,23800514.02624546,81.75550002538289
2019.9401973883193,1,0,Chennai,Standard,2,2019.9401973883193,3911571.3123180526,28.656142470922244
3044.3150155985604,3,0,Hyderabad,Luxury,1,9132.945046795681,29190978.80796925,98.0498445420381
2936.9020768966634,3,0,Bangalore,Economy,0,8810.70623068999,12246834.128503347,64.3272192944443
908.7629336300015,1,0,Coimbatore,Economy,2,908.7629336300015,1208465.8875818725,15.124410534372087
2213.9154224362387,2,0,Madurai,Economy,0,4427.830844872477,6267354.805141227,43.097689751171664
1863.9979925748428,3,0,Madurai,Economy,2,5591.993977724528,8641195.788384113,52.75195570451886
1388.3732526334115,2,0,Coimbatore,Premium,1,2776.746505266823,6380952.239285706,36.34601130589345
2251.111160100944,1,1,Hyderabad,Standard,1,3601.77785616151,6699629.962381264,39.24652934480887
1598.5211295073234,3,0,Coimbatore,Economy,1,4795.56338852197,6675925.978521655,39.84091374046264
2115.890590343933,3,0,Bangalore,Economy,0,6347.671771031799,8121900.838769134,52.066305209031235
2801.504721341855,1,1,Madurai,Standard,0,4482.407554146968,7454837.783726806,42.31210286247036
1399.856381347108,3,0,Coimbatore,Luxury,1,4199.569144041324,16817430.145502362,56.48894646259717
2980.3409246535207,2,0,Chennai,Standard,0,5960.681849307041,11255910.814434817,60.8374094617505
2286.2738618636713,3,1,Hyderabad,Premium,0,8230.585902709217,21932487.470128965,94.36528648767194
2484.9653212722014,1,0,Bangalore,Economy,1,2484.9653212722014,3823449.8150252127,27.240911502055603
3133.566601235692,1,0,Madurai,Luxury,2,3133.566601235692,12051710.81288145,43.62010466761382
2223.147681349351,3,1,Madurai,Standard,0,8003.331652857663,15195667.010604758,71.23941383815227
3797.378784825558,1,0,Madurai,Economy,2,3797.378784825558,4886843.607923339,36.79192968211254
1403.0765204846905,3,1,Hyderabad,Standard,1,5051.075473744886,8660073.404130822,49.604725993487946
1389.003959044479,2,1,Coimbatore,Economy,0,3611.410293515645,5035431.516533831,36.290874420552356
3563.8975200331133,3,1,Madurai,Economy,0,12830.031072119207,18966344.368138023,97.95220071177894
1970.078227815123,1,1,Coimbatore,Standard,2,3152.1251645041966,5588206.538047392,37.29344216278128
1625.0488939096379,3,0,Chennai,Premium,1,4875.146681728914,13074739.048603725,52.33861644485777
908.2712774411533,1,0,Coimbatore,Premium,2,908.2712774411533,2180674.590945658,20.551561704764474
1410.2924929319656,3,1,Madurai,Standard,1,5077.052974555077,9854446.802273804,58.69883784718062
2101.2128380883873,1,0,Hyderabad,Standard,1,2101.2128380883873,4129469.609395185,24.754345843973145
2791.3712423513593,1,0,Madurai,Standard,2,2791.3712423513593,5453714.116975512,34.771054752433756
2330.125655432902,1,0,Coimbatore,Luxury,2,2330.125655432902,8833333.530734053,36.94976274887523
863.6381326829966,3,1,Madurai,Luxury,0,3109.097277658788,10424649.768317018,47.980322352022036
3679.3216044573564,2,0,Chennai,Standard,2,7358.643208914713,14330843.617250351,71.4970060752914
3815.593188808047,2,0,Chennai,Economy,1,7631.186377616094,12317817.620586708,62.91997824294056
2969.7613313258335,3,0,Hyderabad,Premium,0,8909.2839939775,20454033.874609243,95.67499364962839
2469.1134706760567,2,0,Bangalore,Premium,0,4938.2269413521135,12329020.066058762,61.96923078294376
2149.932694366347,1,0,Bangalore,Luxury,2,2149.932694366347,6830316.332261491,37.175266871475685
2595.2462496957833,1,0,Coimbatore,Luxury,2,2595.2462496957833,7638593.571834862,40.5633374694772
3705.352119734147,2,0,Chennai,Luxury,2,7410.704239468294,26163929.754817992,82.39386612920516
1787.391758478465,1,1,Madurai,Premium,2,2859.8268135655435,6324665.704684807,40.31914998926814
2796.228578405823,3,0,Bangalore,Premium,1,8388.68573521747,19637263.99266107,78.03305844341385
2160.745495995714,1,0,Coimbatore,Standard,2,2160.745495995714,3484284.081110577,26.570438897049687
2690.0648031605074,2,1,Madurai,Luxury,1,6994.1684882173195,27755623.46352425,81.94223996720068
2987.59900797168,3,0,Bangalore,Luxury,1,8962.79702391504,32655952.939663533,91.62777626585085
3454.5413177983255,3,0,Coimbatore,Standard,0,10363.623953394977,19539896.636879448,88.71647531242525
2689.8435315742167,3,1,Bangalore,Luxury,2,9683.436713667179,31304497.43207966,116.19562798737356
969.7656509173779,1,0,Chennai,Luxury,2,969.7656509173779,3259519.5604760433,23.601124224429174
1653.7803549669788,2,0,Hyderabad,Standard,1,3307.5607099339577,6645135.959747579,38.93961831320918
1971.493557584988,1,0,Hyderabad,Standard,0,1971.493557584988,3271366.0060867523,22.773908067660333
1705.133763102133,3,0,Hyderabad,Luxury,1,5115.401289306399,15792567.676273888,73.94402006447238
2220.944792895406,1,1,Hyderabad,Economy,2,3553.511668632649,4978806.320873386,32.02106668805208
1792.8355028897329,1,1,Hyderabad,Economy,0,2868.5368046235726,3968248.7221067003,33.346642107461
2116.181937299277,2,0,Madurai,Luxury,0,4232.363874598554,14359167.110133022,56.17772703075443
1834.5347226047907,2,1,Madurai,Standard,0,4769.790278772456,9193618.477700701,54.83552005301385
2712.4604021891696,3,1,Bangalore,Standard,2,9764.85744788101,17809422.685168587,81.93902273776833
2026.7580215608557,2,1,Madurai,Luxury,0,5269.570856058224,18839394.185553864,74.30720752595116
3861.9800315132443,3,0,Chennai,Premium,2,11585.940094539732,27982247.54273643,121.64249682017798
2224.5661495225795,1,0,Madurai,Luxury,2,2224.5661495225795,9170937.213560421,38.475422366873296
1748.4738705847399,1,1,Hyderabad,Standard,2,2797.558192935584,4636713.150333606,37.64369171607365
1761.1028104051566,1,0,Coimbatore,Economy,2,1761.1028104051566,2664538.5183560504,20.083387944934007
2260.5293271960177,1,0,Coimbatore,Premium,0,2260.5293271960177,5348035.208413728,31.854963892579118
1602.9286910152039,3,0,Bangalore,Economy,1,4808.786073045611,7110004.619736602,43.80203978040616
3524.3969116676226,2,1,Bangalore,Standard,1,9163.43197033582,17399943.527038638,76.93491464594469
3117.8546269028298,2,0,Coimbatore,Luxury,0,6235.7092538056595,20844623.684739072,81.67330698546641
2805.5393593838353,1,1,Madurai,Premium,2,4488.862975014136,10938790.50363811,47.21894652630738
3324.7089779524636,1,1,Madurai,Luxury,0,5319.5343647239415,16737481.819579756,63.757317105448635
2766.8019468142243,2,0,Bangalore,Luxury,1,5533.6038936284485,20663092.712253112,64.72175058219713
989.5148709519891,1,1,Bangalore,Economy,2,1583.2237935231824,2341557.988235119,20.96845393858517
2411.3044028694485,1,1,Hyderabad,Standard,1,3858.087044591118,7114742.430105378,37.78898514104471
3048.1759582804825,2,1,Chennai,Standard,0,7925.257491529254,12975208.305599045,76.74649144932489
2803.467687598192,3,1,Bangalore,Economy,2,10092.483675353491,15141996.869845781,77.75932098162366
2547.9556046321604,1,0,Hyderabad,Premium,1,2547.9556046321604,5466118.268033019,35.36421654401943
3399.197906343839,3,1,Coimbatore,Economy,1,12237.11246283782,18880807.141396325,84.41745140371604
2928.2873087264156,1,0,Hyderabad,Standard,0,2928.2873087264156,5552088.03133902,29.035746534621065
3327.2104602616987,1,0,Chennai,Economy,1,3327.2104602616987,5369454.767873844,30.205183298931168
3680.4763793407537,1,0,Chennai,Premium,0,3680.4763793407537,9601102.89870401,45.44218151030864
2910.8499544828423,1,0,Chennai,Economy,2,2910.8499544828423,4443167.431500605,25.576010694145264
1554.567308594773,2,1,Coimbatore,Standard,2,4041.87500234641,7185630.298146732,46.453068021316646
3206.2919221967413,1,0,Bangalore,Luxury,1,3206.2919221967413,12689549.622080628,41.322578069765314
2937.2561572436366,1,1,Hyderabad,Standard,1,4699.609851589818,9236119.351301111,42.25074591899775
1780.976219603071,3,0,Coimbatore,Premium,0,5342.928658809213,13742209.639840955,63.23031126072186
2465.902977646623,1,0,Madurai,Premium,1,2465.902977646623,5159587.344575629,36.29420679761278
2639.1350000978014,2,0,Hyderabad,Standard,2,5278.270000195603,8833384.378802978,45.19004504798488
1996.9711824721173,3,1,Coimbatore,Economy,0,7189.096256899623,10374148.291521624,62.21264522218312
1504.287782678134,1,1,Bangalore,Luxury,2,2406.860452285014,7987319.417480652,39.56454039890275
2785.928568300772,2,0,Chennai,Luxury,0,5571.857136601544,19352394.065621283,75.6396015943667
1733.5851144178584,2,1,Hyderabad,Economy,0,4507.321297486432,7354259.796473846,42.05495782936437
2554.7373357160277,1,0,Hyderabad,Premium,0,2554.7373357160277,6930152.710042301,30.24979842541733
1807.851038321482,1,0,Bangalore,Standard,2,1807.851038321482,3017862.395369907,27.401501378361267
1798.2194514822265,2,0,Chennai,Standard,0,3596.438902964453,6293135.729182017,35.00681738266578
2941.2135249798603,2,0,Madurai,Economy,0,5882.4270499597205,8293221.285522064,51.079800085335776
3769.7931380818077,3,1,Madurai,Economy,0,13571.255297094507,21839480.135754105,105.44907892313964
2262.729576455979,3,0,Chennai,Premium,2,6788.188729367937,16801893.560572274,79.04706854377281
1875.3362003094012,1,0,Chennai,Economy,2,1875.3362003094012,2579682.9224595604,22.147351036753502
3726.814200215854,1,1,Madurai,Economy,2,5962.902720345366,8226817.048771737,44.56537123455454
2200.2382990170527,2,1,Hyderabad,Standard,0,5720.619577444337,9681697.510352872,59.34996282249658
1221.1377582987175,3,0,Madurai,Economy,2,3663.4132748961524,5811100.245258074,35.976614433883505
826.8655746692534,3,1,Chennai,Economy,1,2976.716068809312,4613198.863540565,32.86807381639027
3638.0336159509648,1,1,Madurai,Economy,0,5820.853785521544,7998657.36465499,46.52385554725867
1698.6001509863602,1,0,Bangalore,Luxury,1,1698.6001509863602,5336600.053844235,34.61255451681728
1084.3756775369677,3,0,Hyderabad,Premium,1,3253.1270326109034,7332449.572251728,40.96699087806263
2936.6456226644573,3,1,Hyderabad,Economy,0,10571.924241592047,15465406.777706183,83.97702137357086
1681.4495111887165,3,0,Hyderabad,Standard,2,5044.34853356615,9321556.822128726,48.0764328546357
3741.9458096589306,1,0,Bangalore,Economy,0,3741.9458096589306,5540708.638355213,33.72475958789853
2046.2361908038777,3,1,Coimbatore,Standard,0,7366.45028689396,14539701.516019948,65.40957236883942
2479.167123968583,2,0,Madurai,Premium,1,4958.334247937166,12113621.956979712,61.1625266739266
2919.2432418900794,2,0,Hyderabad,Premium,1,5838.486483780159,13332592.953955537,62.45800226148269
1935.434816138644,3,0,Madurai,Luxury,2,5806.304448415932,21026316.12279553,64.90641091522795
1729.5516312449245,1,1,Coimbatore,Luxury,1,2767.2826099918793,8951203.831562255,46.81793257214723
2094.7642656910098,1,0,Chennai,Standard,2,2094.7642656910098,4157823.2920037443,25.26327076865738
2276.3052906196613,3,1,Madurai,Luxury,2,8194.69904623078,31084715.54434339,105.96072196724835
2214.4970840709443,3,0,Madurai,Economy,2,6643.4912522128325,8676595.6279643,56.54856704455339
3050.3940439463813,3,1,Hyderabad,Standard,0,10981.418558206973,21109180.57955148,96.5399915855898
3040.6720479687124,1,0,Hyderabad,Luxury,1,3040.6720479687124,11277204.94208369,44.944523390943075
1229.7993592933974,2,0,Bangalore,Premium,1,2459.598718586795,5644706.380871796,34.00651970021609
3844.435898881529,3,0,Chennai,Premium,1,11533.307696644586,27150733.16610026,116.79142202869143
1825.1240795956082,2,0,Hyderabad,Luxury,2,3650.2481591912165,14726737.198298434,57.135080767751056
1884.4589551316353,2,0,Hyderabad,Premium,1,3768.9179102632706,10046465.109426688,49.4949946311936
3256.1365920901417,2,0,Hyderabad,Luxury,2,6512.273184180283,25693298.749748446,79.83534486499437
1855.0917950830612,1,1,Hyderabad,Standard,2,2968.146872132898,5930736.883445082,31.587062428928295
2804.697181062061,3,1,Madurai,Luxury,1,10096.90985182342,36431009.38616368,104.84011844016148
1680.344289674459,3,0,Hyderabad,Premium,0,5041.032869023377,11516302.529554617,62.46230963371364
3774.3668394472743,2,0,Madurai,Economy,2,7548.733678894549,10465864.268142104,52.39393893913436
3019.1936197178884,1,1,Coimbatore,Luxury,0,4830.709791548621,18212546.694550164,58.30721983272634
3231.123590184359,2,1,Madurai,Premium,0,8400.921334479333,22745350.689808425,93.19190370708552
3815.0716035905916,3,0,Madurai,Standard,0,11445.214810771775,21042088.21620187,97.31735006626525
2345.193005186389,2,0,Hyderabad,Standard,1,4690.386010372778,8214078.137225128,48.07961353912011
3271.136405044643,3,0,Bangalore,Luxury,0,9813.40921513393,31799347.062652092,109.28881813986364
2800.2249324071977,1,1,Hyderabad,Standard,2,4480.359891851516,8343665.166649817,42.43269899998576
1198.1094587360903,1,1,Madurai,Economy,1,1916.9751339777445,2937383.951144712,28.17437290097866
3692.5729691074825,1,0,Chennai,Premium,0,3692.5729691074825,8402070.470137468,46.641763734835415
3533.3967865421605,2,1,Coimbatore,Standard,2,9186.831645009617,17967270.407132827,77.25604228003299
960.2635334482272,2,0,Coimbatore,Economy,1,1920.5270668964545,2601604.338330873,24.915311297637132
3848.8944824545774,3,1,Hyderabad,Economy,2,13856.020136836478,20938002.73445811,112.53050281494028
3812.2891239461474,1,0,Coimbatore,Luxury,1,3812.2891239461474,12864610.094440931,50.61484034993697
3525.5094400068538,3,1,Chennai,Economy,2,12691.833984024674,16324623.779751575,94.30796843878392
2966.1877240078056,3,1,Coimbatore,Standard,1,10678.275806428099,20209572.908383407,98.8638777545665
3895.6034099167036,3,1,Coimbatore,Standard,0,14024.172275700132,26369629.5500506,123.72250263470593
2198.134384897699,2,0,Madurai,Premium,2,4396.268769795398,10101760.416731706,50.89560457190545
1339.4235053488476,3,1,Bangalore,Standard,1,4821.924619255851,8690684.72381032,49.80541057812123
3430.4555201641697,2,0,Hyderabad,Standard,2,6860.911040328339,11857062.427174617,54.09171142585001
2549.4102555221457,1,1,Madurai,Standard,0,4079.056408835433,8535778.513221515,38.5931179733271
1209.2238861322408,3,0,Chennai,Premium,0,3627.6716583967223,7998022.093487816,47.713032676417605
2368.8003317460334,2,0,Chennai,Economy,1,4737.600663492067,7579978.080517137,45.59161726938414
1072.5304639689896,2,0,Coimbatore,Premium,0,2145.060927937979,4705937.55488801,32.43700352407447
2872.455992917628,1,0,Madurai,Standard,2,2872.455992917628,5458054.690112077,31.509632279234044
2898.647148565897,2,0,Bangalore,Economy,2,5797.294297131794,8357244.935341725,45.89323940327781
1632.6867433673551,1,0,Madurai,Luxury,2,1632.6867433673551,4973045.708619341,30.18047003796732
1576.1505860365125,3,0,Bangalore,Standard,0,4728.451758109538,8998942.116521968,45.71842141477774
1787.6879255517224,2,0,Coimbatore,Economy,1,3575.375851103445,4872561.194515755,38.44794028908606
3669.7078208403505,3,0,Hyderabad,Economy,0,11009.12346252105,15883282.395264953,72.63190765495551
1046.4425877267893,2,1,Bangalore,Premium,0,2720.750728089652,7242011.618008516,38.87122543196398
2794.283770243019,2,0,Chennai,Economy,1,5588.567540486038,8253397.695757133,50.77614915945118
3909.6252075933444,2,1,Chennai,Standard,2,10165.025539742695,19180318.93544011,90.38965734626898
3290.998146671595,1,0,Bangalore,Luxury,1,3290.998146671595,11476772.775626108,50.310689965471596
2128.1713784215813,1,0,Chennai,Luxury,1,2128.1713784215813,7853577.886970895,35.37597879768055
2257.2821029245283,1,0,Coimbatore,Standard,2,2257.2821029245283,3991198.0336971735,27.624891397764557
2423.023689508186,2,0,Chennai,Standard,2,4846.047379016372,9201810.030274589,53.15671891995046
2095.4021092134917,2,0,Madurai,Standard,0,4190.804218426983,7227092.110403461,41.26860038165275
3657.9329537791987,1,1,Coimbatore,Economy,0,5852.692726046718,8998662.805960342,54.29877320843091
2482.9980000449377,1,1,Madurai,Luxury,0,3972.7968000719,14927476.83538861,50.25410427956809
1181.7981232542961,2,1,Hyderabad,Premium,1,3072.67512046117,6844493.680497728,48.43050506203849
3533.9250137616987,3,1,Hyderabad,Standard,1,12722.130049542116,24285333.018899232,109.50991713672632
3459.82546023615,1,0,Hyderabad,Luxury,1,3459.82546023615,12745362.559778802,50.359085183993095
2715.7824302771382,1,1,Hyderabad,Economy,0,4345.251888443421,6176187.34948962,36.271859681361185
871.1745569567089,2,0,Coimbatore,Luxury,0,1742.3491139134178,5084917.352170781,35.3163959266707
3374.212645348562,3,0,Coimbatore,Premium,2,10122.637936045687,24967486.527838815,104.19136819702464
3838.238610793199,1,1,Bangalore,Economy,2,6141.181777269117,7713533.520592015,55.190954458324626
1434.361361846494,2,1,Chennai,Economy,2,3729.3395408008846,5730921.18436316,35.020235250707834
2788.395824996636,2,1,Hyderabad,Economy,2,7249.829144991253,9976385.675868226,64.07786258166672
3103.9304751313352,1,0,Chennai,Premium,2,3103.9304751313352,7988371.396274249,35.31692756143226
1006.5874885545671,1,1,Bangalore,Premium,2,1610.5399816873073,3845745.682769461,27.742846027484624
2407.0301242034047,2,1,Bangalore,Standard,0,6258.2783229288525,10676895.312547447,66.32886878651516
2545.175208542023,3,0,Coimbatore,Standard,0,7635.525625626069,14556127.654168913,76.41314636833222
2405.1039998655215,2,0,Chennai,Premium,2,4810.207999731043,11206788.43666545,58.664449774412944
2312.1313729251774,1,0,Bangalore,Standard,1,2312.1313729251774,4259011.891924334,29.968441988756172
1891.1432610050906,1,1,Madurai,Luxury,0,3025.829217608145,12388797.69429094,41.38232695523202
3863.7295568582454,2,0,Coimbatore,Economy,2,7727.459113716491,11653430.33056349,57.13463795369537
2226.159931703737,2,0,Madurai,Economy,2,4452.319863407474,6797906.354325591,38.89470867085873
2394.873070763636,2,0,Coimbatore,Standard,2,4789.746141527272,9243868.773304053,50.538083667649026
1603.167207478861,2,0,Bangalore,Premium,0,3206.334414957722,7826386.426703693,41.49264564151847
